ix,12352,1,1,1.29,9.31,10.50,1.29,9.31,10.50,-0.256,0.595,-0.762,40.4,3986,0.010,1548,0.030,6,0.20,0.24,0.20,2,1.33,9.25,10.49,3,1.22,9.46,10.50,0.30,0.30,0.30,1.24,9.22,10.50,0.4,0
fix,12401,1,1,1.39,8.93,10.66,1.39,8.93,10.66,-0.257,0.638,-0.726,43.5,3948,0.007,1559,0.021,7,0.14,0.17,0.15,0,1.39,8.82,10.73,3,1.45,8.96,10.59,0.30,0.30,0.30,1.30,9.19,10.59,0.5,0
fix,12450,1,1,1.07,9.22,10.79,1.07,9.22,10.79,-0.253,0.607,-0.754,41.1,4147,0.009,1507,0.028,5,0.20,0.23,0.20,2,1.05,9.26,10.77,3,1.05,9.27,10.76,0.30,0.30,0.30,1.25,9.13,10.76,0.1,0
fix,12503,1,1,1.21,9.28,10.88,1.21,9.28,10.88,-0.252,0.610,-0.751,41.3,4190,0.007,1517,0.020,6,0.14,0.16,0.14,2,1.22,9.30,10.83,3,1.22,9.25,10.92,0.30,0.30,0.30,1.21,9.17,10.92,0.4,0
fix,12551,1,1,1.16,9.31,10.75,1.16,9.31,10.75,-0.255,0.606,-0.753,41.1,4159,0.007,1265,0.020,5,0.14,0.16,0.14,3,1.17,9.31,10.75,3,1.09,9.32,10.75,0.30,0.30,0.30,1.20,9.24,10.75,0.1,0
fix,12599,1,1,1.36,9.10,10.66,1.36,9.10,10.66,-0.257,0.622,-0.739,42.3,3931,0.004,1249,0.013,5,0.09,0.11,0.09,3,1.41,8.99,10.61,3,1.35,9.14,10.67,0.30,0.30,0.30,1.22,9.25,10.67,0.2,0
fix,12651,1,1,1.16,9.38,10.84,1.16,9.38,10.84,-0.250,0.590,-0.768,39.9,4235,0.006,1902,0.018,5,0.12,0.15,0.12,2,1.21,9.50,10.69,3,1.03,9.39,10.99,0.30,0.30,0.30,1.23,9.20,10.99,0.2,0
fix,12700,1,1,1.28,9.13,10.70,1.28,9.13,10.70,-0.262,0.614,-0.744,41.9,4016,0.007,1110,0.021,6,0.14,0.17,0.14,2,1.32,9.12,10.65,3,1.21,9.15,10.78,0.30,0.30,0.30,1.23,9.20,10.78,0.1,0
fix,12748,1,1,1.27,9.20,10.71,1.27,9.20,10.71,-0.261,0.603,-0.754,41.1,4110,0.008,1076,0.024,5,0.17,0.20,0.17,3,1.18,9.27,10.66,3,1.29,9.25,10.73,0.30,0.30,0.30,1.31,9.14,10.73,0.5,0
fix,12798,1,1,1.19,9.30,10.67,1.19,9.30,10.67,-0.259,0.600,-0.757,40.8,4214,0.008,1566,0.023,5,0.16,0.19,0.16,3,1.13,9.36,10.77,3,1.25,9.24,10.62,0.30,0.30,0.30,1.28,9.18,10.62,0.2,0
fix,12849,1,1,1.25,9.28,10.68,1.25,9.28,10.68,-0.260,0.606,-0.752,41.3,4092,0.007,1085,0.020,6,0.14,0.16,0.14,1,1.27,9.24,10.69,3,1.26,9.30,10.70,0.30,0.30,0.30,1.25,9.26,10.70,0.1,0
fix,12898,1,1,1.30,9.21,10.79,1.30,9.21,10.79,-0.258,0.619,-0.742,42.1,4107,0.006,1120,0.018,5,0.12,0.14,0.12,3,1.33,9.14,10.78,3,1.27,9.28,10.81,0.30,0.30,0.30,1.25,9.26,10.81,0.2,0
fix,12949,1,1,1.14,9.42,10.88,1.14,9.42,10.88,-0.253,0.595,-0.763,40.3,4337,0.006,1065,0.019,6,0.13,0.15,0.13,2,1.07,9.56,10.86,3,1.15,9.40,10.99,0.30,0.30,0.30,1.26,9.24,10.99,0.2,0
fix,12998,1,1,1.19,9.18,10.89,1.19,9.18,10.89,-0.251,0.630,-0.735,42.7,4132,0.007,1383,0.020,5,0.14,0.16,0.14,3,1.26,9.04,10.90,3,1.16,9.18,10.89,0.30,0.30,0.30,1.16,9.34,10.89,0.1,0
fix,13048,1,1,1.31,9.12,10.85,1.31,9.12,10.85,-0.259,0.631,-0.732,43.0,4166,0.007,1053,0.022,6,0.15,0.17,0.15,2,1.29,9.10,10.92,3,1.33,9.13,10.74,0.30,0.30,0.30,1.22,9.26,10.74,0.1,0
fix,13099,1,1,0.99,9.47,10.98,0.99,9.47,10.98,-0.262,0.590,-0.763,40.2,4425,0.005,1088,0.016,5,0.11,0.13,0.11,2,1.01,9.61,10.91,3,0.89,9.46,11.05,0.30,0.30,0.30,1.14,9.25,11.05,0.3,0
fix,13149,1,1,1.21,9.35,10.77,1.21,9.35,10.77,-0.249,0.616,-0.747,41.7,4157,0.007,1372,0.021,5,0.14,0.17,0.14,3,1.27,9.16,10.78,3,1.15,9.45,10.83,0.30,0.30,0.30,1.13,9.47,10.83,0.4,0
fix,13198,1,1,1.19,9.40,10.87,1.19,9.40,10.87,-0.250,0.599,-0.761,40.5,4354,0.006,1395,0.018,5,0.13,0.15,0.13,3,1.15,9.53,10.90,3,1.19,9.39,10.87,0.30,0.30,0.30,1.18,9.32,10.87,0.1,0
fix,13252,1,1,1.07,9.44,10.96,1.07,9.44,10.96,-0.250,0.610,-0.752,41.2,4370,0.007,1286,0.023,5,0.16,0.18,0.16,3,1.08,9.40,11.02,3,1.05,9.41,11.06,0.30,0.30,0.30,1.13,9.42,11.06,0.2,0
fix,13301,1,1,1.16,9.13,10.98,1.16,9.13,10.98,-0.251,0.627,-0.737,42.5,4274,0.008,1558,0.024,5,0.17,0.19,0.17,3,1.10,9.13,11.01,3,1.28,8.97,10.95,0.30,0.30,0.30,1.14,9.35,10.95,0.6,0
fix,13351,1,1,1.16,9.31,10.72,1.16,9.31,10.72,-0.256,0.598,-0.760,40.6,4242,0.005,1550,0.016,6,0.11,0.13,0.11,2,1.08,9.42,10.79,3,1.26,9.23,10.57,0.30,0.30,0.30,1.16,9.24,10.57,0.1,0
fix,13399,1,1,1.29,9.03,10.76,1.29,9.03,10.76,-0.258,0.624,-0.737,42.5,3981,0.007,1252,0.020,5,0.13,0.16,0.14,3,1.37,8.98,10.68,3,1.35,9.00,10.73,0.30,0.30,0.30,1.14,9.19,10.73,0.2,0
fix,13450,1,1,1.29,8.99,10.70,1.29,8.99,10.70,-0.259,0.616,-0.744,41.9,4034,0.007,1276,0.020,5,0.14,0.16,0.14,3,1.29,9.05,10.64,3,1.33,8.86,10.72,0.30,0.30,0.30,1.21,9.03,10.72,0.3,0
fix,13499,1,1,1.16,9.27,10.76,1.16,9.27,10.76,-0.255,0.595,-0.762,40.4,4118,0.007,1142,0.022,5,0.15,0.18,0.15,3,1.11,9.35,10.66,3,1.17,9.20,10.87,0.30,0.30,0.30,1.22,9.11,10.87,0.3,0
fix,13548,1,1,1.24,9.10,10.68,1.24,9.10,10.68,-0.260,0.622,-0.739,42.4,4040,0.007,1076,0.021,5,0.15,0.17,0.15,3,1.24,9.05,10.72,3,1.29,9.08,10.65,0.30,0.30,0.30,1.21,9.16,10.65,0.2,0
fix,13598,1,1,1.25,9.16,10.66,1.25,9.16,10.66,-0.263,0.621,-0.739,42.4,4034,0.006,1070,0.020,5,0.13,0.16,0.14,3,1.30,9.05,10.71,3,1.23,9.27,10.57,0.30,0.30,0.30,1.20,9.20,10.57,0.1,0
fix,13649,1,1,1.12,9.33,10.80,1.12,9.33,10.80,-0.251,0.612,-0.750,41.4,4279,0.004,1550,0.013,5,0.09,0.11,0.09,3,1.11,9.31,10.88,3,1.09,9.45,10.74,0.30,0.30,0.30,1.20,9.21,10.74,0.0,0
fix,13697,1,1,0.95,9.38,11.03,0.95,9.38,11.03,-0.248,0.612,-0.751,41.3,4415,0.007,1112,0.021,5,0.15,0.17,0.15,3,0.97,9.35,11.05,3,0.85,9.43,11.05,0.30,0.30,0.30,1.07,9.32,11.05,0.3,0
fix,13748,1,1,1.21,9.31,10.81,1.21,9.31,10.81,-0.253,0.613,-0.749,41.5,4172,0.006,1057,0.018,5,0.13,0.15,0.13,2,1.22,9.23,10.81,3,1.24,9.32,10.76,0.30,0.30,0.30,1.11,9.40,10.76,0.3,0
fix,13802,1,1,1.36,9.09,10.79,1.36,9.09,10.79,-0.252,0.631,-0.733,42.8,4127,0.006,1261,0.020,6,0.13,0.16,0.14,1,1.39,9.03,10.85,3,1.38,9.08,10.78,0.30,0.30,0.30,1.18,9.31,10.78,0.2,0
fix,13850,1,1,1.27,9.49,10.46,1.27,9.49,10.46,-0.253,0.573,-0.779,38.8,4081,0.007,1268,0.021,5,0.14,0.17,0.14,3,1.26,9.54,10.42,3,1.26,9.57,10.42,0.30,0.30,0.30,1.26,9.31,10.42,0.2,0
fix,13902,1,1,1.29,9.20,10.72,1.29,9.20,10.72,-0.254,0.612,-0.749,41.5,4101,0.007,1231,0.021,6,0.14,0.17,0.14,1,1.30,9.20,10.72,3,1.32,9.11,10.76,0.30,0.30,0.30,1.25,9.32,10.76,0.3,0
fix,13949,1,1,1.24,9.15,10.72,1.24,9.15,10.72,-0.253,0.616,-0.746,41.7,4160,0.006,1547,0.018,5,0.13,0.15,0.13,2,1.15,9.18,10.81,3,1.33,9.06,10.63,0.30,0.30,0.30,1.30,9.23,10.63,0.2,0
fix,13999,1,1,1.14,9.28,10.96,1.14,9.28,10.96,-0.256,0.619,-0.742,42.1,4372,0.011,1290,0.032,7,0.22,0.26,0.22,1,1.12,9.28,11.08,3,1.14,9.30,10.91,0.30,0.30,0.30,1.24,9.25,10.91,0.2,0
fix,14049,1,1,1.39,9.33,10.65,1.39,9.33,10.65,-0.257,0.614,-0.746,41.7,4155,0.006,1595,0.019,6,0.13,0.15,0.13,1,1.34,9.25,10.76,3,1.56,9.31,10.47,0.30,0.30,0.30,1.29,9.33,10.47,0.1,0
fix,14098,1,1,1.22,9.53,10.42,1.22,9.53,10.42,-0.259,0.559,-0.787,38.1,4073,0.006,1141,0.019,6,0.13,0.15,0.13,2,1.19,9.67,10.37,3,1.23,9.50,10.34,0.30,0.30,0.30,1.28,9.33,10.34,0.3,0
fix,14149,1,1,1.24,9.61,10.47,1.24,9.61,10.47,-0.253,0.570,-0.782,38.6,4158,0.006,1101,0.019,5,0.12,0.15,0.12,3,1.25,9.62,10.49,3,1.23,9.64,10.42,0.30,0.30,0.30,1.27,9.50,10.42,0.1,0
fix,14199,1,1,1.11,9.45,10.67,1.11,9.45,10.67,-0.257,0.588,-0.767,39.9,4165,0.007,1074,0.021,6,0.14,0.17,0.14,2,1.05,9.46,10.67,3,1.12,9.45,10.67,0.30,0.30,0.30,1.25,9.50,10.67,0.1,0
fix,14249,1,1,1.23,9.22,10.76,1.23,9.22,10.76,-0.260,0.611,-0.747,41.6,3967,0.008,1375,0.024,6,0.16,0.19,0.17,2,1.35,9.11,10.58,3,1.10,9.29,10.97,0.30,0.30,0.30,1.17,9.45,10.97,0.0,0
fix,14300,1,1,1.25,9.22,10.66,1.25,9.22,10.66,-0.261,0.600,-0.756,40.9,4137,0.008,1125,0.024,6,0.16,0.19,0.16,2,1.25,9.30,10.67,3,1.21,9.20,10.69,0.30,0.30,0.30,1.23,9.22,10.69,0.1,0
fix,14348,1,1,1.11,9.52,10.80,1.11,9.52,10.80,-0.250,0.588,-0.770,39.7,4356,0.009,1065,0.027,6,0.18,0.22,0.18,2,1.09,9.58,10.81,3,1.06,9.54,10.85,0.30,0.30,0.30,1.21,9.31,10.85,0.1,0
fix,14403,1,1,1.28,9.37,10.61,1.28,9.37,10.61,-0.257,0.591,-0.764,40.1,4045,0.006,1272,0.017,6,0.11,0.14,0.12,2,1.32,9.33,10.50,3,1.26,9.38,10.66,0.30,0.30,0.30,1.21,9.36,10.66,0.1,0
fix,14452,1,1,1.16,9.13,10.75,1.16,9.13,10.75,-0.251,0.609,-0.753,41.2,4163,0.007,1931,0.021,6,0.14,0.17,0.14,1,1.13,9.19,10.74,3,1.18,8.97,10.77,0.30,0.30,0.30,1.21,9.27,10.77,0.5,0
fix,14501,1,1,1.15,9.36,10.95,1.15,9.36,10.95,-0.246,0.618,-0.747,41.7,4306,0.007,1574,0.021,6,0.15,0.17,0.15,2,1.17,9.29,10.98,3,1.12,9.47,11.00,0.30,0.30,0.30,1.17,9.31,11.00,0.3,0
fix,14549,1,1,1.11,9.34,10.81,1.11,9.34,10.81,-0.253,0.605,-0.755,40.9,4148,0.007,1585,0.021,6,0.14,0.17,0.14,2,1.18,9.29,10.73,3,1.00,9.49,10.88,0.30,0.30,0.30,1.13,9.32,10.88,0.2,0
fix,14597,1,1,1.14,9.36,10.74,1.14,9.36,10.74,-0.252,0.593,-0.765,40.1,4149,0.008,1256,0.024,6,0.16,0.19,0.16,2,1.19,9.40,10.64,3,0.97,9.48,10.87,0.30,0.30,0.30,1.15,9.26,10.87,0.1,0
fix,14649,1,1,1.27,9.33,10.77,1.27,9.33,10.77,-0.266,0.603,-0.752,41.2,4114,0.007,1296,0.020,6,0.13,0.16,0.14,2,1.32,9.32,10.69,3,1.22,9.28,10.93,0.30,0.30,0.30,1.17,9.31,10.93,0.3,0
fix,14699,1,1,1.22,9.40,10.68,1.22,9.40,10.68,-0.265,0.588,-0.765,40.1,4185,0.006,1253,0.018,6,0.12,0.14,0.12,2,1.23,9.48,10.64,3,1.10,9.35,10.78,0.30,0.30,0.30,1.24,9.31,10.78,0.1,0
fix,14749,1,1,1.17,9.37,10.75,1.17,9.37,10.75,-0.256,0.601,-0.757,40.8,4277,0.007,1631,0.021,6,0.14,0.17,0.14,2,1.07,9.38,10.84,3,1.24,9.36,10.67,0.30,0.30,0.30,1.25,9.35,10.67,0.1,0
fix,14799,1,1,1.24,9.34,10.73,1.24,9.34,10.73,-0.261,0.611,-0.748,41.6,4104,0.007,1656,0.022,6,0.15,0.18,0.15,2,1.36,9.22,10.75,3,1.15,9.40,10.75,0.30,0.30,0.30,1.19,9.44,10.75,0.2,0
fix,14850,1,1,1.07,9.42,10.85,1.07,9.42,10.85,-0.248,0.601,-0.760,40.5,4315,0.007,1279,0.022,6,0.15,0.17,0.15,1,1.09,9.43,10.85,3,1.03,9.46,10.83,0.30,0.30,0.30,1.15,9.39,10.83,0.3,0
fix,14898,1,1,1.10,9.74,10.82,1.10,9.74,10.82,-0.246,0.581,-0.776,39.1,4429,0.008,1143,0.023,6,0.16,0.19,0.16,2,1.14,9.75,10.81,3,1.06,9.79,10.89,0.30,0.30,0.30,1.10,9.58,10.89,0.1,0
fix,14950,1,1,1.28,9.33,10.68,1.28,9.33,10.68,-0.259,0.607,-0.751,41.3,4048,0.006,1399,0.017,6,0.11,0.14,0.12,2,1.37,9.22,10.63,3,1.21,9.43,10.70,0.30,0.30,0.30,1.15,9.52,10.70,0.1,0
fix,14998,1,1,1.18,9.26,10.74,1.18,9.26,10.74,-0.249,0.616,-0.747,41.7,4172,0.008,1414,0.025,5,0.18,0.20,0.17,3,1.10,9.19,10.84,3,1.22,9.37,10.66,0.30,0.30,0.30,1.22,9.42,10.66,0.4,0
fix,15049,1,1,1.15,9.30,10.76,1.15,9.30,10.76,-0.252,0.594,-0.764,40.2,4259,0.006,1372,0.018,6,0.12,0.15,0.12,2,1.09,9.42,10.79,3,1.25,9.12,10.69,0.30,0.30,0.30,1.19,9.30,10.69,0.2,0
fix,15098,1,1,1.07,9.22,10.82,1.07,9.22,10.82,-0.256,0.601,-0.757,40.8,4213,0.011,1361,0.032,6,0.23,0.26,0.23,2,0.93,9.31,10.83,3,1.17,9.09,10.85,0.30,0.30,0.30,1.19,9.23,10.85,0.6,0
fix,15149,1,1,1.11,9.29,10.85,1.11,9.29,10.85,-0.250,0.623,-0.741,42.2,4287,0.007,1366,0.020,6,0.14,0.16,0.14,2,1.11,9.18,11.00,3,1.10,9.40,10.77,0.30,0.30,0.30,1.14,9.32,10.77,0.3,0
fix,15198,1,1,1.38,9.06,10.60,1.38,9.06,10.60,-0.268,0.608,-0.747,41.7,3902,0.006,1070,0.020,5,0.13,0.16,0.13,3,1.39,9.09,10.50,3,1.35,9.07,10.68,0.30,0.30,0.30,1.23,9.09,10.68,0.3,0
fix,15252,1,1,1.43,9.06,10.53,1.43,9.06,10.53,-0.261,0.622,-0.739,42.4,3879,0.008,1559,0.023,5,0.16,0.19,0.16,3,1.47,8.96,10.54,3,1.41,9.14,10.50,0.30,0.30,0.30,1.33,9.15,10.50,0.1,0
fix,15302,1,1,1.20,9.15,10.73,1.20,9.15,10.73,-0.258,0.603,-0.755,41.0,4153,0.007,1917,0.022,5,0.15,0.18,0.15,3,1.10,9.27,10.72,3,1.20,9.09,10.79,0.30,0.30,0.30,1.36,9.04,10.79,0.3,0
fix,15350,1,1,1.05,9.56,10.86,1.05,9.56,10.86,-0.255,0.594,-0.763,40.3,4271,0.006,1275,0.019,6,0.13,0.15,0.13,2,1.13,9.46,10.79,3,0.99,9.68,10.93,0.30,0.30,0.30,1.16,9.40,10.93,0.3,0
fix,15400,1,1,1.30,9.45,10.67,1.30,9.45,10.67,-0.252,0.596,-0.762,40.3,4203,0.006,1231,0.019,5,0.13,0.16,0.13,3,1.34,9.42,10.68,3,1.30,9.55,10.64,0.30,0.30,0.30,1.20,9.41,10.64,0.2,0
fix,15450,1,1,1.36,9.05,10.67,1.36,9.05,10.67,-0.259,0.618,-0.742,42.1,3967,0.005,1280,0.017,5,0.11,0.13,0.12,2,1.34,9.04,10.64,3,1.37,9.04,10.69,0.30,0.30,0.30,1.28,9.28,10.69,0.1,0
fix,15499,1,1,1.21,9.30,10.62,1.21,9.30,10.62,-0.254,0.598,-0.760,40.5,4097,0.005,1260,0.017,6,0.11,0.13,0.11,1,1.16,9.35,10.67,3,1.16,9.43,10.62,0.30,0.30,0.30,1.31,9.17,10.62,0.3,0
fix,15548,1,1,1.26,9.38,10.73,1.26,9.38,10.73,-0.254,0.599,-0.760,40.6,4337,0.005,1993,0.015,6,0.10,0.12,0.10,1,1.15,9.51,10.85,3,1.40,9.21,10.69,0.30,0.30,0.30,1.32,9.22,10.69,0.1,0
fix,15600,1,1,1.15,9.19,10.77,1.15,9.19,10.77,-0.254,0.598,-0.760,40.5,4180,0.007,1623,0.022,5,0.15,0.18,0.15,3,1.08,9.37,10.73,3,1.25,8.90,10.75,0.30,0.30,0.30,1.28,9.19,10.75,0.2,0
fix,15648,1,1,1.13,9.05,10.97,1.13,9.05,10.97,-0.256,0.635,-0.729,43.2,4228,0.006,1153,0.020,5,0.14,0.16,0.14,3,1.16,9.03,11.02,3,1.12,8.97,11.02,0.30,0.30,0.30,1.17,9.18,11.02,0.2,0
fix,15699,1,1,1.40,9.12,10.51,1.40,9.12,10.51,-0.259,0.605,-0.753,41.2,3974,0.008,1442,0.023,5,0.16,0.19,0.16,3,1.40,9.18,10.51,3,1.54,8.96,10.38,0.30,0.30,0.30,1.20,9.15,10.38,0.2,0
fix,15750,1,1,1.23,9.22,10.59,1.23,9.22,10.59,-0.255,0.587,-0.768,39.8,3954,0.006,1534,0.017,5,0.12,0.14,0.12,3,1.27,9.30,10.40,3,1.20,9.20,10.75,0.30,0.30,0.30,1.21,9.12,10.75,0.1,0
fix,15800,1,1,1.08,9.30,10.77,1.08,9.30,10.77,-0.255,0.608,-0.752,41.2,4130,0.006,1392,0.017,5,0.12,0.14,0.12,3,1.11,9.25,10.75,3,1.02,9.36,10.88,0.30,0.30,0.30,1.17,9.21,10.88,0.4,0
fix,15849,1,1,1.22,9.20,10.65,1.22,9.20,10.65,-0.257,0.604,-0.754,41.0,4049,0.007,1052,0.020,6,0.14,0.16,0.14,2,1.23,9.21,10.61,3,1.25,9.21,10.64,0.30,0.30,0.30,1.16,9.20,10.64,0.1,0
fix,15900,1,1,1.29,9.15,10.67,1.29,9.15,10.67,-0.257,0.607,-0.752,41.3,4094,0.007,1055,0.022,6,0.15,0.18,0.15,2,1.31,9.21,10.68,3,1.30,9.09,10.62,0.30,0.30,0.30,1.19,9.16,10.62,0.3,0
fix,15954,1,1,1.49,8.99,10.52,1.49,8.99,10.52,-0.266,0.620,-0.738,42.5,3807,0.006,1288,0.017,5,0.11,0.14,0.12,3,1.57,8.90,10.50,3,1.45,9.05,10.51,0.30,0.30,0.30,1.29,9.15,10.51,0.1,0
fix,15999,1,1,1.36,9.10,10.49,1.36,9.10,10.49,-0.250,0.615,-0.748,41.6,4020,0.007,1734,0.022,6,0.15,0.18,0.15,2,1.24,9.08,10.62,3,1.39,9.23,10.22,0.30,0.30,0.30,1.45,9.09,10.22,0.2,0
fix,16050,1,1,1.26,9.06,10.86,1.26,9.06,10.86,-0.253,0.638,-0.727,43.3,4133,0.009,1293,0.028,5,0.20,0.23,0.20,3,1.29,8.97,10.93,3,1.26,9.15,10.85,0.30,0.30,0.30,1.33,9.12,10.85,0.1,0
fix,16100,1,1,1.21,9.20,10.62,1.21,9.20,10.62,-0.256,0.614,-0.747,41.7,4112,0.005,1588,0.016,5,0.11,0.13,0.11,3,1.16,9.17,10.79,3,1.25,9.18,10.39,0.30,0.30,0.30,1.31,9.15,10.39,0.1,0
fix,16149,1,1,1.21,9.38,10.80,1.21,9.38,10.80,-0.258,0.599,-0.758,40.7,4271,0.006,1094,0.018,6,0.13,0.15,0.13,2,1.17,9.42,10.81,3,1.22,9.38,10.82,0.30,0.30,0.30,1.29,9.23,10.82,0.0,0
fix,16198,1,1,1.20,9.29,10.56,1.20,9.29,10.56,-0.252,0.599,-0.760,40.5,4100,0.008,1633,0.023,6,0.16,0.19,0.16,2,1.16,9.28,10.67,3,1.24,9.26,10.36,0.30,0.30,0.30,1.26,9.29,10.36,0.1,0
fix,16249,1,1,1.06,9.29,10.73,1.06,9.29,10.73,-0.261,0.590,-0.764,40.2,4070,0.006,1098,0.018,6,0.13,0.15,0.13,2,1.04,9.35,10.62,3,1.11,9.13,10.76,0.30,0.30,0.30,1.14,9.28,10.76,0.1,0
fix,16298,1,1,1.19,9.02,10.94,1.19,9.02,10.94,-0.253,0.638,-0.727,43.3,4261,0.008,1058,0.024,6,0.17,0.19,0.17,2,1.26,9.05,11.00,3,1.15,8.90,10.96,0.30,0.30,0.30,1.14,9.21,10.96,0.2,0
fix,16350,1,1,1.21,9.57,10.63,1.21,9.57,10.63,-0.257,0.563,-0.786,38.2,4274,0.005,1079,0.016,6,0.11,0.13,0.11,2,1.15,9.77,10.60,3,1.27,9.49,10.63,0.30,0.30,0.30,1.19,9.23,10.63,0.2,0
fix,16397,1,1,1.10,9.22,10.95,1.10,9.22,10.95,-0.264,0.626,-0.734,42.8,4234,0.007,1387,0.021,6,0.15,0.17,0.15,2,1.10,9.10,10.98,3,1.00,9.34,11.02,0.30,0.30,0.30,1.19,9.32,11.02,0.2,0
fix,16448,1,1,1.20,8.84,10.91,1.20,8.84,10.91,-0.256,0.644,-0.721,43.9,4054,0.007,1053,0.020,6,0.14,0.16,0.14,2,1.18,8.80,10.92,3,1.22,8.84,10.86,0.30,0.30,0.30,1.20,9.08,10.86,0.1,0
fix,16501,1,1,1.37,9.28,10.47,1.37,9.28,10.47,-0.257,0.590,-0.765,40.1,4022,0.006,1246,0.019,6,0.13,0.16,0.13,2,1.32,9.37,10.52,3,1.43,9.28,10.37,0.30,0.30,0.30,1.30,9.09,10.37,0.2,0
fix,16551,1,1,1.24,9.27,10.66,1.24,9.27,10.66,-0.256,0.601,-0.757,40.8,4115,0.008,1258,0.023,6,0.15,0.18,0.16,2,1.26,9.30,10.67,3,1.24,9.26,10.62,0.30,0.30,0.30,1.26,9.16,10.62,0.3,0
fix,16600,1,1,1.27,9.19,10.66,1.27,9.19,10.66,-0.264,0.608,-0.748,41.5,4055,0.007,1272,0.020,6,0.14,0.16,0.14,1,1.30,9.19,10.64,3,1.25,9.18,10.67,0.30,0.30,0.30,1.26,9.19,10.67,0.1,0
fix,16652,1,1,1.18,9.37,10.54,1.18,9.37,10.54,-0.260,0.596,-0.760,40.6,4058,0.006,1272,0.018,5,0.12,0.15,0.13,3,1.22,9.31,10.57,3,1.13,9.46,10.44,0.30,0.30,0.30,1.23,9.31,10.44,0.3,0
fix,16700,1,1,1.03,9.42,10.76,1.03,9.42,10.76,-0.254,0.584,-0.771,39.6,4133,0.006,1527,0.017,5,0.12,0.14,0.12,3,1.09,9.48,10.58,3,0.92,9.38,10.99,0.30,0.30,0.30,1.11,9.33,10.99,0.2,0
fix,16748,1,1,1.04,9.24,10.65,1.04,9.24,10.65,-0.260,0.605,-0.753,41.2,4042,0.010,1526,0.029,6,0.20,0.23,0.20,2,1.18,9.21,10.64,3,1.06,9.46,10.68,0.30,0.30,0.30,1.11,9.36,10.68,0.2,0
fix,16800,1,1,1.13,9.07,10.86,1.13,9.07,10.86,-0.262,0.628,-0.733,42.9,4125,0.008,1285,0.025,5,0.18,0.20,0.18,3,1.14,9.04,10.89,3,1.06,9.05,10.91,0.30,0.30,0.30,1.14,9.28,10.91,0.1,0
fix,16849,1,1,1.32,8.97,10.77,1.32,8.97,10.77,-0.256,0.629,-0.734,42.7,3962,0.006,1275,0.020,5,0.13,0.16,0.14,3,1.39,8.98,10.68,3,1.32,8.84,10.84,0.30,0.30,0.30,1.15,9.14,10.84,0.2,0
fix,16897,1,1,1.37,9.05,10.75,1.37,9.05,10.75,-0.261,0.621,-0.739,42.3,4028,0.007,1273,0.022,6,0.15,0.18,0.15,2,1.38,9.04,10.67,3,1.37,9.05,10.83,0.30,0.30,0.30,1.27,9.08,10.83,0.1,0
fix,16950,1,1,1.16,9.15,10.60,1.16,9.15,10.60,-0.256,0.606,-0.753,41.1,4134,0.007,1810,0.022,6,0.16,0.18,0.15,2,1.02,9.23,10.74,3,1.23,9.11,10.43,0.30,0.30,0.30,1.32,9.06,10.43,0.3,0
fix,17000,1,1,1.04,9.24,10.74,1.04,9.24,10.74,-0.259,0.610,-0.749,41.5,4051,0.007,1572,0.021,5,0.15,0.17,0.15,3,1.09,9.11,10.68,3,0.98,9.43,10.77,0.30,0.30,0.30,1.17,9.17,10.77,0.1,0
fix,17050,1,1,1.15,9.01,11.02,1.15,9.01,11.02,-0.253,0.631,-0.733,42.8,4261,0.007,1975,0.022,6,0.15,0.17,0.15,2,1.12,9.09,11.01,3,1.14,8.95,11.16,0.30,0.30,0.30,1.19,9.06,11.16,0.3,0
fix,17099,1,1,1.08,9.17,10.88,1.08,9.17,10.88,-0.259,0.629,-0.733,42.9,4143,0.005,1635,0.016,5,0.11,0.13,0.11,3,1.08,9.01,10.91,3,1.07,9.25,10.91,0.30,0.30,0.30,1.13,9.20,10.91,0.3,0
fix,17149,1,1,1.14,9.31,10.88,1.14,9.31,10.88,-0.249,0.612,-0.751,41.3,4285,0.005,1137,0.016,5,0.11,0.13,0.11,3,1.18,9.29,10.88,3,1.09,9.44,10.88,0.30,0.30,0.30,1.13,9.22,10.88,0.1,0
fix,17198,1,1,1.33,9.26,10.51,1.33,9.26,10.51,-0.257,0.595,-0.762,40.4,3969,0.007,1068,0.021,6,0.14,0.16,0.14,2,1.41,9.27,10.45,3,1.34,9.23,10.48,0.30,0.30,0.30,1.15,9.26,10.48,0.2,0
fix,17248,1,1,1.11,9.25,10.86,1.11,9.25,10.86,-0.251,0.627,-0.738,42.4,4243,0.006,1413,0.017,5,0.12,0.14,0.12,3,1.07,9.11,10.98,3,1.06,9.42,10.81,0.30,0.30,0.30,1.18,9.32,10.81,0.1,0
fix,17297,1,1,0.95,9.51,10.90,0.95,9.51,10.90,-0.252,0.598,-0.761,40.4,4401,0.007,1054,0.020,5,0.14,0.16,0.14,2,0.95,9.52,10.94,3,0.89,9.56,10.87,0.30,0.30,0.30,1.09,9.40,10.87,0.2,0
fix,17348,1,1,1.17,9.22,10.81,1.17,9.22,10.81,-0.255,0.609,-0.751,41.3,4160,0.005,1063,0.015,6,0.10,0.12,0.10,1,1.16,9.27,10.76,3,1.19,9.16,10.87,0.30,0.30,0.30,1.12,9.31,10.87,0.4,0
fix,17399,1,1,1.19,9.41,10.61,1.19,9.41,10.61,-0.255,0.588,-0.768,39.9,4142,0.007,1084,0.022,6,0.15,0.18,0.15,1,1.18,9.45,10.59,3,1.18,9.42,10.62,0.30,0.30,0.30,1.15,9.31,10.62,0.3,0
fix,17449,1,1,1.25,9.27,10.71,1.25,9.27,10.71,-0.258,0.610,-0.749,41.5,4274,0.006,1402,0.017,5,0.12,0.14,0.12,2,1.17,9.30,10.85,3,1.33,9.27,10.50,0.30,0.30,0.30,1.24,9.28,10.50,0.2,0
fix,17499,1,1,1.29,9.24,10.78,1.29,9.24,10.78,-0.256,0.602,-0.756,40.9,4231,0.008,1461,0.023,5,0.16,0.19,0.16,3,1.24,9.36,10.79,3,1.32,9.16,10.81,0.30,0.30,0.30,1.30,9.18,10.81,0.3,0
fix,17549,1,1,1.33,9.30,10.77,1.33,9.30,10.77,-0.264,0.618,-0.740,42.3,4191,0.007,1119,0.021,7,0.14,0.17,0.15,0,1.33,9.24,10.85,3,1.29,9.32,10.75,0.30,0.30,0.30,1.32,9.26,10.75,0.2,0
fix,17602,1,1,1.32,9.09,10.59,1.32,9.09,10.59,-0.266,0.604,-0.751,41.3,3918,0.006,1285,0.019,6,0.13,0.15,0.13,2,1.30,9.11,10.45,3,1.33,9.06,10.59,0.30,0.30,0.30,1.33,9.18,10.59,0.3,0
fix,17651,1,1,1.06,9.19,10.97,1.06,9.19,10.97,-0.252,0.616,-0.746,41.7,4261,0.006,1565,0.017,6,0.12,0.14,0.12,2,1.05,9.23,10.92,3,1.03,9.19,11.10,0.30,0.30,0.30,1.24,9.15,11.10,0.2,0
fix,17701,1,1,1.05,9.44,11.02,1.05,9.44,11.02,-0.250,0.598,-0.762,40.4,4483,0.008,1294,0.024,6,0.16,0.19,0.16,2,1.01,9.57,11.04,3,1.04,9.39,11.12,0.30,0.30,0.30,1.18,9.19,11.12,0.1,0
fix,17749,1,1,1.18,9.28,10.73,1.18,9.28,10.73,-0.256,0.613,-0.747,41.6,4107,0.009,1544,0.027,7,0.18,0.21,0.18,1,1.20,9.19,10.74,3,1.19,9.31,10.63,0.30,0.30,0.30,1.15,9.33,10.63,0.3,0
fix,17798,1,1,1.04,9.27,10.93,1.04,9.27,10.93,-0.250,0.622,-0.743,42.1,4430,0.008,1791,0.024,6,0.17,0.19,0.17,2,0.98,9.29,11.13,3,1.02,9.19,10.82,0.30,0.30,0.30,1.15,9.30,10.82,0.3,0
fix,17849,1,1,1.20,9.23,10.77,1.20,9.23,10.77,-0.258,0.608,-0.751,41.3,4079,0.006,1276,0.019,5,0.13,0.15,0.13,3,1.22,9.22,10.69,3,1.21,9.24,10.78,0.30,0.30,0.30,1.15,9.29,10.78,0.2,0
fix,17900,1,1,1.10,9.33,10.91,1.10,9.33,10.91,-0.258,0.619,-0.742,42.1,4335,0.008,1586,0.025,6,0.17,0.20,0.18,2,1.14,9.27,11.00,3,1.04,9.42,10.87,0.30,0.30,0.30,1.12,9.32,10.87,0.3,0
fix,17947,1,1,1.16,9.21,10.83,1.16,9.21,10.83,-0.256,0.623,-0.739,42.3,4152,0.006,1138,0.017,6,0.12,0.14,0.12,1,1.17,9.13,10.86,3,1.17,9.24,10.79,0.30,0.30,0.30,1.13,9.32,10.79,0.2,0
fix,18000,1,1,1.18,9.10,10.90,1.18,9.10,10.90,-0.250,0.622,-0.742,42.1,4181,0.006,1131,0.017,5,0.12,0.14,0.12,3,1.17,9.17,10.89,3,1.19,9.09,10.89,0.30,0.30,0.30,1.15,9.14,10.89,0.1,0
fix,18049,1,1,1.20,9.09,10.86,1.20,9.09,10.86,-0.257,0.622,-0.740,42.3,4131,0.009,1104,0.027,5,0.18,0.21,0.18,3,1.19,9.08,10.84,3,1.19,9.14,10.86,0.30,0.30,0.30,1.17,9.10,10.86,0.2,0
fix,18098,1,1,1.05,9.33,10.79,1.05,9.33,10.79,-0.255,0.595,-0.762,40.3,4232,0.011,1096,0.033,7,0.23,0.27,0.23,1,1.01,9.39,10.77,3,1.06,9.32,10.79,0.30,0.30,0.30,1.16,9.16,10.79,0.1,0
fix,18149,1,1,1.10,9.45,10.67,1.10,9.45,10.67,-0.249,0.588,-0.770,39.7,4151,0.006,1125,0.018,5,0.13,0.15,0.13,3,1.09,9.44,10.60,3,1.16,9.44,10.68,0.30,0.30,0.30,1.13,9.32,10.68,0.3,0
fix,18198,1,1,1.22,9.21,10.71,1.22,9.21,10.71,-0.250,0.617,-0.746,41.7,4212,0.007,1370,0.020,6,0.14,0.16,0.14,2,1.13,9.23,10.86,3,1.41,9.08,10.56,0.30,0.30,0.30,1.16,9.29,10.56,0.1,0
fix,18252,1,1,1.21,9.34,10.76,1.21,9.34,10.76,-0.253,0.606,-0.754,41.1,4145,0.006,1269,0.017,5,0.12,0.14,0.12,2,1.24,9.28,10.72,3,1.22,9.40,10.77,0.30,0.30,0.30,1.16,9.36,10.77,0.2,0
fix,18300,1,1,1.29,8.91,10.68,1.29,8.91,10.68,-0.259,0.633,-0.730,43.1,3991,0.008,1272,0.023,5,0.16,0.18,0.16,2,1.30,8.89,10.74,3,1.30,8.87,10.55,0.30,0.30,0.30,1.22,9.16,10.55,0.2,0
fix,18351,1,1,1.26,9.23,10.70,1.26,9.23,10.70,-0.256,0.598,-0.760,40.6,4032,0.005,1281,0.017,6,0.11,0.13,0.11,2,1.30,9.32,10.58,3,1.26,9.26,10.74,0.30,0.30,0.30,1.22,9.10,10.74,0.2,0
fix,18400,1,1,1.32,9.21,10.66,1.32,9.21,10.66,-0.262,0.609,-0.749,41.5,4064,0.005,1133,0.016,5,0.11,0.13,0.11,3,1.31,9.16,10.66,3,1.38,9.18,10.63,0.30,0.30,0.30,1.27,9.20,10.63,0.0,0
fix,18450,1,1,1.13,9.18,10.85,1.13,9.18,10.85,-0.249,0.613,-0.750,41.4,4212,0.006,1518,0.019,5,0.14,0.16,0.13,2,1.05,9.20,10.85,3,1.18,9.17,10.86,0.30,0.30,0.30,1.25,9.18,10.86,0.0,0
fix,18499,1,1,1.30,8.99,10.84,1.30,8.99,10.84,-0.252,0.654,-0.713,44.5,4151,0.006,1448,0.017,5,0.12,0.14,0.12,2,1.33,8.74,11.04,3,1.29,9.12,10.62,0.30,0.30,0.30,1.22,9.19,10.62,0.1,0
fix,18549,1,1,1.24,9.38,10.55,1.24,9.38,10.55,-0.267,0.580,-0.769,39.7,4068,0.007,1072,0.022,5,0.14,0.17,0.15,2,1.26,9.47,10.48,3,1.21,9.39,10.55,0.30,0.30,0.30,1.23,9.14,10.55,0.2,0
fix,18602,1,1,1.32,9.09,10.71,1.32,9.09,10.71,-0.263,0.623,-0.737,42.6,4132,0.006,1562,0.019,5,0.13,0.15,0.13,3,1.24,9.08,10.85,3,1.36,9.04,10.70,0.30,0.30,0.30,1.34,9.17,10.70,0.3,0
fix,18651,1,1,1.16,9.10,10.90,1.16,9.10,10.90,-0.258,0.622,-0.739,42.3,4160,0.006,1262,0.019,6,0.13,0.15,0.13,2,1.11,9.12,10.90,3,1.22,9.12,10.92,0.30,0.30,0.30,1.28,9.13,10.92,0.1,0
fix,18699,1,1,1.36,9.12,10.71,1.36,9.12,10.71,-0.254,0.615,-0.747,41.7,4110,0.007,1741,0.020,6,0.14,0.16,0.14,2,1.32,9.20,10.71,3,1.51,8.91,10.70,0.30,0.30,0.30,1.29,9.11,10.70,0.5,0
fix,18747,1,1,1.23,9.07,10.85,1.23,9.07,10.85,-0.253,0.621,-0.742,42.1,4066,0.006,1563,0.020,5,0.14,0.16,0.14,3,1.24,9.06,10.75,3,1.24,9.02,10.93,0.30,0.30,0.30,1.27,9.12,10.93,0.3,0
fix,18800,1,1,1.08,8.99,11.03,1.08,8.99,11.03,-0.249,0.645,-0.722,43.8,4233,0.007,1778,0.021,5,0.15,0.17,0.15,3,1.11,8.95,11.09,3,0.94,9.07,11.10,0.30,0.30,0.30,1.21,9.05,11.10,0.2,0
fix,18849,1,1,1.39,9.14,10.74,1.39,9.14,10.74,-0.257,0.618,-0.743,42.0,4097,0.006,1376,0.018,5,0.12,0.14,0.12,3,1.45,9.15,10.71,3,1.37,9.19,10.77,0.30,0.30,0.30,1.25,9.05,10.77,0.2,0
fix,18900,1,1,1.14,9.01,10.83,1.14,9.01,10.83,-0.251,0.635,-0.731,43.0,4036,0.009,1302,0.026,5,0.18,0.21,0.18,3,1.25,8.88,10.82,3,1.00,9.01,10.90,0.30,0.30,0.30,1.16,9.12,10.90,0.4,0
fix,18949,1,1,1.12,9.21,10.90,1.12,9.21,10.90,-0.253,0.615,-0.747,41.7,4337,0.006,1475,0.017,6,0.12,0.14,0.12,1,1.02,9.26,10.99,3,1.12,9.29,10.87,0.30,0.30,0.30,1.22,9.07,10.87,0.2,0
fix,18998,1,1,1.36,9.07,10.83,1.36,9.07,10.83,-0.256,0.624,-0.738,42.4,4096,0.007,1381,0.022,6,0.15,0.17,0.15,2,1.43,9.02,10.75,3,1.37,9.10,10.88,0.30,0.30,0.30,1.20,9.10,10.88,0.2,0
fix,19047,1,1,1.21,9.25,10.73,1.21,9.25,10.73,-0.258,0.602,-0.756,40.9,4233,0.006,1059,0.018,6,0.13,0.15,0.13,1,1.11,9.36,10.81,3,1.23,9.26,10.66,0.30,0.30,0.30,1.35,9.03,10.66,0.5,0
fix,19098,1,1,1.29,9.30,10.73,1.29,9.30,10.73,-0.252,0.596,-0.762,40.3,4261,0.006,1062,0.017,5,0.11,0.13,0.11,2,1.25,9.45,10.77,3,1.36,9.15,10.67,0.30,0.30,0.30,1.32,9.10,10.67,0.1,0
fix,19152,1,1,1.29,9.29,10.77,1.29,9.29,10.77,-0.248,0.617,-0.747,41.7,4070,0.005,1270,0.016,5,0.11,0.13,0.11,3,1.33,9.12,10.73,3,1.15,9.36,10.78,0.30,0.30,0.30,1.30,9.40,10.78,0.2,0
fix,19201,1,1,1.22,9.03,10.78,1.22,9.03,10.78,-0.254,0.627,-0.737,42.6,4042,0.006,1278,0.019,6,0.13,0.15,0.13,2,1.23,8.99,10.77,3,1.14,9.01,10.80,0.30,0.30,0.30,1.29,9.24,10.80,0.3,0
fix,19250,1,1,1.14,9.38,10.99,1.14,9.38,10.99,-0.259,0.599,-0.758,40.7,4482,0.007,1543,0.022,5,0.15,0.18,0.15,2,1.05,9.57,11.01,3,1.21,9.25,11.01,0.30,0.30,0.30,1.28,9.19,11.01,0.1,0
fix,19301,1,1,1.15,9.37,10.79,1.15,9.37,10.79,-0.250,0.596,-0.763,40.2,4153,0.006,1262,0.019,6,0.13,0.16,0.13,2,1.16,9.37,10.71,3,1.17,9.32,10.80,0.30,0.30,0.30,1.18,9.32,10.80,0.2,0
fix,19350,1,1,1.30,9.09,10.81,1.30,9.09,10.81,-0.253,0.617,-0.745,41.8,4144,0.006,1267,0.019,6,0.13,0.16,0.13,2,1.26,9.20,10.83,3,1.36,8.96,10.83,0.30,0.30,0.30,1.23,9.18,10.83,0.4,0
fix,19400,1,1,1.22,9.20,10.70,1.22,9.20,10.70,-0.255,0.616,-0.745,41.8,4136,0.007,1480,0.021,6,0.15,0.17,0.15,2,1.18,9.14,10.80,3,1.22,9.30,10.57,0.30,0.30,0.30,1.25,9.21,10.57,0.1,0
fix,19449,1,1,1.24,9.29,10.73,1.24,9.29,10.73,-0.251,0.594,-0.764,40.2,4243,0.005,1550,0.016,5,0.11,0.13,0.11,3,1.17,9.45,10.73,3,1.27,9.32,10.64,0.30,0.30,0.30,1.27,9.10,10.64,0.4,0
fix,19497,1,1,1.23,9.44,10.62,1.23,9.44,10.62,-0.260,0.581,-0.772,39.5,4133,0.008,1102,0.025,6,0.17,0.20,0.17,2,1.21,9.52,10.52,3,1.28,9.37,10.67,0.30,0.30,0.30,1.26,9.22,10.67,0.2,0
fix,19549,1,1,1.35,9.22,10.59,1.35,9.22,10.59,-0.259,0.603,-0.755,41.0,4080,0.007,1381,0.020,5,0.14,0.16,0.14,3,1.32,9.26,10.62,3,1.47,9.05,10.54,0.30,0.30,0.30,1.27,9.29,10.54,0.5,0
fix,19599,1,1,1.30,9.07,10.78,1.30,9.07,10.78,-0.251,0.625,-0.740,42.3,4071,0.007,1073,0.020,5,0.14,0.16,0.14,3,1.30,9.05,10.77,3,1.29,9.08,10.78,0.30,0.30,0.30,1.28,9.21,10.78,0.3,0
fix,19648,1,1,1.41,8.99,10.66,1.41,8.99,10.66,-0.262,0.615,-0.744,41.9,3945,0.006,1054,0.019,5,0.13,0.15,0.13,3,1.39,9.05,10.58,3,1.47,8.93,10.69,0.30,0.30,0.30,1.34,9.03,10.69,0.2,0
fix,19703,1,1,1.23,9.21,10.74,1.23,9.21,10.74,-0.253,0.608,-0.753,41.2,4089,0.007,1251,0.022,6,0.15,0.18,0.15,1,1.24,9.25,10.71,3,1.15,9.24,10.74,0.30,0.30,0.30,1.32,9.08,10.74,0.3,0
fix,19751,1,1,1.16,9.08,10.64,1.16,9.08,10.64,-0.256,0.609,-0.751,41.4,4024,0.005,1571,0.015,6,0.10,0.12,0.10,1,1.07,9.13,10.69,3,1.17,9.03,10.58,0.30,0.30,0.30,1.31,9.06,10.58,0.2,0
fix,19799,1,1,1.27,9.07,10.66,1.27,9.07,10.66,-0.253,0.615,-0.747,41.7,3953,0.007,1429,0.020,6,0.15,0.18,0.15,1,1.29,9.03,10.60,3,1.22,9.15,10.77,0.30,0.30,0.30,1.27,9.08,10.77,0.5,0
fix,19847,1,1,1.31,9.12,10.59,1.31,9.12,10.59,-0.257,0.603,-0.755,40.9,4004,0.008,1250,0.023,7,0.15,0.19,0.16,1,1.32,9.20,10.56,3,1.32,9.00,10.60,0.30,0.30,0.30,1.28,9.08,10.60,0.1,0
fix,19901,1,1,1.14,9.35,10.60,1.14,9.35,10.60,-0.255,0.595,-0.762,40.3,4053,0.006,1283,0.019,5,0.13,0.16,0.13,2,1.16,9.29,10.58,3,1.18,9.34,10.55,0.30,0.30,0.30,1.18,9.31,10.55,0.2,0
fix,19950,1,1,1.24,9.32,10.76,1.24,9.32,10.76,-0.256,0.612,-0.748,41.6,4087,0.005,1498,0.016,6,0.10,0.12,0.11,1,1.32,9.20,10.73,3,1.18,9.49,10.84,0.30,0.30,0.30,1.17,9.37,10.84,0.1,0
fix,19999,1,1,1.24,9.35,10.48,1.24,9.35,10.48,-0.266,0.579,-0.771,39.6,4011,0.009,1075,0.026,5,0.17,0.21,0.17,3,1.27,9.38,10.39,3,1.16,9.48,10.49,0.30,0.30,0.30,1.20,9.30,10.49,0.2,0
fix,20047,1,1,1.13,9.35,10.70,1.13,9.35,10.70,-0.252,0.587,-0.769,39.7,4204,0.008,1828,0.026,5,0.18,0.21,0.18,2,1.08,9.50,10.67,3,1.17,9.25,10.77,0.30,0.30,0.30,1.20,9.26,10.77,0.3,0
fix,20099,1,1,1.28,8.88,10.89,1.28,8.88,10.89,-0.260,0.645,-0.719,44.0,4003,0.006,1153,0.018,5,0.13,0.15,0.13,3,1.33,8.79,10.85,3,1.30,8.82,10.94,0.30,0.30,0.30,1.19,9.18,10.94,0.2,0
fix,20148,1,1,1.16,9.20,10.66,1.16,9.20,10.66,-0.259,0.598,-0.759,40.7,4059,0.006,1076,0.019,6,0.13,0.15,0.13,2,1.13,9.25,10.58,3,1.17,9.16,10.69,0.30,0.30,0.30,1.20,9.13,10.69,0.1,0
fix,20198,1,1,1.22,9.10,10.95,1.22,9.10,10.95,-0.251,0.641,-0.725,43.5,4193,0.007,1067,0.021,6,0.15,0.17,0.15,1,1.26,9.00,11.01,3,1.23,9.11,11.02,0.30,0.30,0.30,1.18,9.18,11.02,0.1,0
fix,20252,1,1,1.09,9.30,10.88,1.09,9.30,10.88,-0.258,0.602,-0.755,40.9,4221,0.008,1559,0.025,5,0.17,0.20,0.17,3,1.13,9.35,10.78,3,1.02,9.31,11.04,0.30,0.30,0.30,1.14,9.17,11.04,0.2,0
fix,20300,1,1,1.11,9.41,10.81,1.11,9.41,10.81,-0.249,0.591,-0.767,39.9,4240,0.006,1578,0.018,5,0.13,0.15,0.13,3,1.06,9.49,10.74,3,1.12,9.36,10.91,0.30,0.30,0.30,1.15,9.25,10.91,0.2,0
fix,20350,1,1,1.31,9.07,10.88,1.31,9.07,10.88,-0.256,0.627,-0.736,42.6,4099,0.007,1255,0.021,6,0.15,0.17,0.15,1,1.32,9.09,10.81,3,1.37,8.94,10.99,0.30,0.30,0.30,1.16,9.24,10.99,0.1,0
fix,20402,1,1,1.44,8.93,10.73,1.44,8.93,10.73,-0.259,0.626,-0.736,42.6,3995,0.007,1976,0.022,5,0.15,0.18,0.15,3,1.44,9.00,10.74,3,1.54,8.70,10.69,0.30,0.30,0.30,1.25,9.11,10.69,0.1,0
fix,20448,1,1,1.23,9.16,10.72,1.23,9.16,10.72,-0.264,0.613,-0.745,41.9,4148,0.007,1267,0.020,6,0.14,0.16,0.14,1,1.16,9.21,10.79,3,1.19,9.14,10.73,0.30,0.30,0.30,1.35,9.09,10.73,0.5,0
fix,20499,1,1,1.19,9.33,10.54,1.19,9.33,10.54,-0.249,0.590,-0.768,39.8,4034,0.006,1385,0.018,6,0.13,0.15,0.12,1,1.13,9.33,10.50,3,1.31,9.38,10.48,0.30,0.30,0.30,1.28,9.17,10.48,0.2,0
fix,20547,1,1,1.39,9.37,10.50,1.39,9.37,10.50,-0.257,0.590,-0.765,40.1,3987,0.008,1089,0.024,6,0.16,0.19,0.16,2,1.47,9.36,10.45,3,1.37,9.38,10.52,0.30,0.30,0.30,1.25,9.26,10.52,0.2,0
fix,20599,1,1,1.21,9.48,10.75,1.21,9.48,10.75,-0.250,0.590,-0.768,39.9,4295,0.008,1083,0.024,5,0.17,0.20,0.17,2,1.18,9.53,10.76,3,1.24,9.45,10.74,0.30,0.30,0.30,1.26,9.36,10.74,0.2,0
fix,20650,1,1,1.26,9.13,10.90,1.26,9.13,10.90,-0.259,0.630,-0.732,42.9,4120,0.005,1045,0.016,6,0.11,0.13,0.11,2,1.26,9.04,10.87,3,1.30,9.15,10.84,0.30,0.30,0.30,1.24,9.33,10.84,0.1,0
fix,20702,1,1,1.22,9.18,10.86,1.22,9.18,10.86,-0.251,0.621,-0.743,42.1,4225,0.006,1261,0.017,5,0.12,0.14,0.12,3,1.17,9.17,10.90,3,1.22,9.20,10.84,0.30,0.30,0.30,1.26,9.27,10.84,0.3,0
fix,20748,1,1,1.47,9.18,10.62,1.47,9.18,10.62,-0.263,0.606,-0.751,41.3,4003,0.008,1956,0.024,6,0.15,0.19,0.16,1,1.57,9.23,10.54,3,1.45,9.13,10.65,0.30,0.30,0.30,1.27,9.20,10.65,0.1,0
fix,20800,1,1,1.20,9.37,10.68,1.20,9.37,10.68,-0.256,0.597,-0.760,40.5,4155,0.008,1816,0.023,5,0.16,0.19,0.16,3,1.11,9.38,10.71,3,1.23,9.33,10.67,0.30,0.30,0.30,1.33,9.28,10.67,0.3,0
fix,20848,1,1,1.19,9.38,10.80,1.19,9.38,10.80,-0.257,0.612,-0.748,41.6,4147,0.007,1557,0.022,6,0.15,0.18,0.15,2,1.31,9.26,10.77,3,1.16,9.39,10.88,0.30,0.30,0.30,1.18,9.42,10.88,0.4,0
fix,20901,1,1,1.12,9.27,10.86,1.12,9.27,10.86,-0.249,0.609,-0.753,41.1,4261,0.008,1591,0.025,5,0.17,0.20,0.17,3,1.06,9.30,10.87,3,1.12,9.22,10.86,0.30,0.30,0.30,1.21,9.34,10.86,0.1,0
fix,20947,1,1,1.38,9.01,10.67,1.38,9.01,10.67,-0.257,0.637,-0.727,43.4,3785,0.007,1200,0.019,4,0.18,0.23,0.20,2,1.57,8.74,10.50,3,1.25,9.14,10.95,0.30,0.30,0.30,1.19,9.34,10.95,0.3,0
fix,20999,1,1,1.17,9.34,10.74,1.17,9.34,10.74,-0.252,0.605,-0.755,40.9,4208,0.006,1131,0.019,5,0.13,0.15,0.13,2,1.13,9.34,10.75,3,1.17,9.40,10.70,0.30,0.30,0.30,1.20,9.31,10.70,0.1,0
fix,21048,1,1,1.16,9.30,10.85,1.16,9.30,10.85,-0.255,0.611,-0.749,41.5,4313,0.005,1059,0.016,5,0.11,0.13,0.11,3,1.12,9.31,10.97,3,1.17,9.34,10.80,0.30,0.30,0.30,1.20,9.28,10.80,0.1,0
fix,21102,1,1,1.12,9.39,10.69,1.12,9.39,10.69,-0.265,0.598,-0.757,40.8,4076,0.007,1547,0.022,6,0.15,0.17,0.15,2,1.17,9.31,10.63,3,0.98,9.57,10.72,0.30,0.30,0.30,1.16,9.32,10.72,0.1,0
fix,21149,1,1,1.16,9.40,10.95,1.16,9.40,10.95,-0.257,0.609,-0.750,41.4,4333,0.007,1271,0.021,5,0.15,0.17,0.15,3,1.17,9.44,10.96,3,1.15,9.41,11.02,0.30,0.30,0.30,1.16,9.32,11.02,0.1,0
fix,21200,1,1,1.29,9.10,10.76,1.29,9.10,10.76,-0.253,0.626,-0.738,42.5,3984,0.006,1569,0.018,5,0.12,0.15,0.13,2,1.33,8.97,10.68,3,1.26,9.13,10.82,0.30,0.30,0.30,1.18,9.33,10.82,0.1,0
fix,21248,1,1,1.25,9.10,10.61,1.25,9.10,10.61,-0.259,0.614,-0.745,41.8,3992,0.007,1094,0.020,6,0.14,0.17,0.14,2,1.24,9.08,10.62,3,1.26,9.10,10.56,0.30,0.30,0.30,1.21,9.21,10.56,0.2,0
fix,21299,1,1,1.08,9.52,10.65,1.08,9.52,10.65,-0.261,0.579,-0.772,39.5,4177,0.008,1128,0.025,6,0.17,0.20,0.17,2,1.08,9.55,10.62,3,1.03,9.58,10.71,0.30,0.30,0.30,1.18,9.27,10.71,0.1,0
fix,21348,1,1,1.07,9.64,10.80,1.07,9.64,10.80,-0.251,0.588,-0.769,39.8,4371,0.007,1076,0.023,6,0.16,0.18,0.15,2,1.06,9.62,10.84,3,1.03,9.73,10.89,0.30,0.30,0.30,1.16,9.51,10.89,0.2,0
fix,21398,1,1,1.42,9.06,10.71,1.42,9.06,10.71,-0.254,0.620,-0.742,42.1,4011,0.008,1578,0.024,6,0.16,0.19,0.17,1,1.45,9.09,10.69,3,1.43,8.91,10.81,0.30,0.30,0.30,1.23,9.34,10.81,0.2,0
fix,21448,1,1,1.23,9.27,10.77,1.23,9.27,10.77,-0.252,0.611,-0.750,41.4,4166,0.005,1104,0.016,5,0.11,0.13,0.11,2,1.25,9.21,10.77,3,1.21,9.35,10.82,0.30,0.30,0.30,1.25,9.29,10.82,0.3,0
fix,21498,1,1,1.16,9.42,10.68,1.16,9.42,10.68,-0.260,0.590,-0.764,40.2,4166,0.006,1427,0.020,5,0.13,0.16,0.13,3,1.19,9.43,10.62,3,1.10,9.43,10.71,0.30,0.30,0.30,1.22,9.30,10.71,0.4,0
fix,21548,1,1,1.20,9.18,10.63,1.20,9.18,10.63,-0.257,0.605,-0.753,41.1,3967,0.008,1084,0.023,5,0.16,0.19,0.16,3,1.21,9.12,10.56,3,1.19,9.13,10.65,0.30,0.30,0.30,1.21,9.31,10.65,0.2,0
fix,21605,1,1,1.08,9.36,10.65,1.08,9.36,10.65,-0.253,0.600,-0.759,40.6,4108,0.008,1563,0.023,6,0.16,0.19,0.16,1,1.06,9.27,10.67,3,1.02,9.59,10.64,0.30,0.30,0.30,1.19,9.30,10.64,0.1,0
fix,21648,1,1,1.32,9.11,10.62,1.32,9.11,10.62,-0.256,0.614,-0.747,41.7,3949,0.006,1254,0.017,7,0.12,0.14,0.12,1,1.35,9.06,10.60,3,1.37,9.09,10.54,0.30,0.30,0.30,1.19,9.26,10.54,0.2,0
fix,21700,1,1,1.19,9.12,10.97,1.19,9.12,10.97,-0.246,0.628,-0.738,42.4,4309,0.010,1602,0.030,6,0.21,0.24,0.21,2,1.05,9.14,11.10,3,1.29,9.04,10.96,0.30,0.30,0.30,1.27,9.20,10.96,0.4,0
fix,21750,1,1,1.30,8.96,10.91,1.30,8.96,10.91,-0.256,0.638,-0.726,43.4,4130,0.006,1164,0.018,5,0.13,0.15,0.13,3,1.28,8.95,10.95,3,1.36,8.90,10.90,0.30,0.30,0.30,1.26,9.08,10.90,0.3,0
fix,21800,1,1,1.35,8.88,10.85,1.35,8.88,10.85,-0.257,0.651,-0.715,44.4,3968,0.007,1818,0.021,6,0.14,0.17,0.15,2,1.49,8.76,10.82,3,1.22,8.95,10.91,0.30,0.30,0.30,1.25,9.03,10.91,0.2,0
fix,21849,1,1,1.38,8.96,10.57,1.38,8.96,10.57,-0.260,0.617,-0.743,42.0,3942,0.009,1144,0.026,5,0.17,0.21,0.18,3,1.37,9.00,10.58,3,1.38,8.95,10.49,0.30,0.30,0.30,1.32,8.93,10.49,0.2,0
fix,21897,1,1,1.25,9.23,10.63,1.25,9.23,10.63,-0.252,0.605,-0.755,41.0,4025,0.007,1129,0.022,5,0.15,0.18,0.15,2,1.18,9.22,10.67,3,1.26,9.23,10.60,0.30,0.30,0.30,1.33,9.06,10.60,0.2,0
fix,21948,1,1,1.13,9.23,10.83,1.13,9.23,10.83,-0.259,0.612,-0.748,41.6,4215,0.006,1077,0.019,5,0.14,0.16,0.14,3,1.09,9.24,10.83,3,1.15,9.20,10.87,0.30,0.30,0.30,1.27,9.17,10.87,0.1,0
fix,22000,1,1,1.22,9.21,10.74,1.22,9.21,10.74,-0.257,0.610,-0.749,41.5,4094,0.008,1253,0.026,5,0.17,0.21,0.18,3,1.26,9.21,10.72,3,1.22,9.14,10.76,0.30,0.30,0.30,1.20,9.20,10.76,0.1,0
fix,22052,1,1,1.28,9.11,10.65,1.28,9.11,10.65,-0.263,0.620,-0.740,42.3,3927,0.006,1233,0.019,5,0.13,0.15,0.13,3,1.34,8.99,10.59,3,1.27,9.10,10.65,0.30,0.30,0.30,1.21,9.27,10.65,0.5,0
fix,22098,1,1,1.34,9.07,10.69,1.34,9.07,10.69,-0.259,0.621,-0.740,42.3,3932,0.006,1777,0.018,6,0.12,0.14,0.12,2,1.40,9.00,10.62,3,1.31,9.18,10.76,0.30,0.30,0.30,1.23,9.20,10.76,0.2,0
fix,22151,1,1,1.20,9.22,10.80,1.20,9.22,10.80,-0.253,0.616,-0.746,41.8,4177,0.007,1271,0.021,6,0.15,0.17,0.15,2,1.17,9.20,10.83,3,1.25,9.24,10.75,0.30,0.30,0.30,1.23,9.18,10.75,0.4,0
fix,22201,1,1,1.17,9.51,10.86,1.17,9.51,10.86,-0.253,0.597,-0.762,40.4,4267,0.009,1250,0.027,6,0.18,0.22,0.18,2,1.24,9.49,10.79,3,1.13,9.58,10.86,0.30,0.30,0.30,1.16,9.36,10.86,0.4,0
fix,22252,1,1,1.15,9.51,10.82,1.15,9.51,10.82,-0.248,0.589,-0.769,39.7,4390,0.007,1570,0.021,6,0.14,0.17,0.14,2,1.09,9.61,10.84,3,1.18,9.45,10.80,0.30,0.30,0.30,1.19,9.39,10.80,0.2,0
fix,22297,1,1,1.03,9.45,10.82,1.03,9.45,10.82,-0.256,0.597,-0.760,40.5,4266,0.004,1042,0.013,5,0.09,0.11,0.09,2,1.10,9.40,10.79,3,0.96,9.48,10.87,0.30,0.30,0.30,1.07,9.48,10.87,0.2,0
fix,22351,1,1,1.12,9.31,10.81,1.12,9.31,10.81,-0.245,0.610,-0.754,41.1,4195,0.006,1270,0.018,5,0.13,0.15,0.13,3,1.15,9.27,10.81,3,1.07,9.38,10.80,0.30,0.30,0.30,1.10,9.41,10.80,0.1,0
fix,22401,1,1,1.19,9.19,10.85,1.19,9.19,10.85,-0.252,0.612,-0.750,41.4,4191,0.007,1266,0.020,6,0.14,0.17,0.14,2,1.17,9.22,10.81,3,1.19,9.14,10.98,0.30,0.30,0.30,1.14,9.32,10.98,0.1,0
fix,22450,1,1,1.19,9.27,10.68,1.19,9.27,10.68,-0.259,0.604,-0.754,41.1,4066,0.006,1126,0.018,5,0.12,0.15,0.13,3,1.22,9.22,10.65,3,1.20,9.30,10.66,0.30,0.30,0.30,1.14,9.32,10.66,0.2,0
fix,22500,1,1,1.17,9.26,10.81,1.17,9.26,10.81,-0.252,0.613,-0.749,41.5,4205,0.008,1388,0.024,5,0.17,0.19,0.17,3,1.11,9.22,10.82,3,1.32,9.20,10.70,0.30,0.30,0.30,1.16,9.32,10.70,0.2,0
fix,22548,1,1,1.04,9.10,10.88,1.04,9.10,10.88,-0.260,0.627,-0.735,42.7,4097,0.007,1113,0.020,6,0.14,0.16,0.14,1,1.29,9.03,10.83,3,1.23,9.09,10.85,0.30,0.30,0.30,1.11,9.27,10.85,0.1,0
fix,22598,1,1,1.05,9.22,10.89,1.05,9.22,10.89,-0.249,0.634,-0.732,42.9,4230,0.007,1389,0.021,6,0.15,0.17,0.15,1,1.11,9.00,11.02,3,0.89,9.58,10.74,0.30,0.30,0.30,1.11,9.27,10.74,0.2,0
fix,22648,1,1,1.27,8.96,10.48,1.27,8.96,10.48,-0.265,0.614,-0.744,41.9,3701,0.006,1399,0.019,6,0.13,0.16,0.13,1,1.35,8.84,10.33,3,1.19,9.18,10.48,0.30,0.30,0.30,1.13,9.11,10.48,0.2,0
fix,22698,1,1,1.23,8.91,10.96,1.23,8.91,10.96,-0.248,0.632,-0.734,42.7,4253,0.006,1410,0.019,5,0.13,0.15,0.13,3,1.16,9.09,11.01,3,1.31,8.67,11.01,0.30,0.30,0.30,1.22,8.85,11.01,0.2,0
fix,22748,1,1,1.16,9.26,10.93,1.16,9.26,10.93,-0.248,0.613,-0.750,41.4,4181,0.005,1114,0.015,6,0.10,0.12,0.10,2,1.21,9.23,10.86,3,1.08,9.33,10.98,0.30,0.30,0.30,1.18,9.05,10.98,0.1,0
fix,22799,1,1,1.06,9.21,10.95,1.06,9.21,10.95,-0.243,0.627,-0.740,42.3,4290,0.005,1098,0.016,6,0.11,0.13,0.11,2,1.05,9.14,11.03,3,1.04,9.31,10.91,0.30,0.30,0.30,1.16,9.15,10.91,0.2,0
fix,22849,1,1,1.08,9.30,10.94,1.08,9.30,10.94,-0.249,0.603,-0.758,40.7,4433,0.007,1384,0.022,5,0.15,0.18,0.15,3,1.04,9.46,10.97,3,1.16,9.15,10.90,0.30,0.30,0.30,1.12,9.14,10.90,0.1,0
fix,22898,1,1,1.05,9.26,11.08,1.05,9.26,11.08,-0.253,0.623,-0.741,42.2,4444,0.006,1410,0.017,5,0.12,0.13,0.12,3,1.00,9.30,11.14,3,1.14,9.07,11.04,0.30,0.30,0.30,1.08,9.30,11.04,0.3,0
fix,22952,1,1,1.28,9.24,10.66,1.28,9.24,10.66,-0.257,0.592,-0.764,40.2,4160,0.007,1685,0.020,5,0.14,0.16,0.14,3,1.20,9.40,10.69,3,1.45,9.05,10.51,0.30,0.30,0.30,1.15,9.22,10.51,0.2,0
fix,23001,1,1,1.05,9.58,10.93,1.05,9.58,10.93,-0.251,0.596,-0.763,40.3,4465,0.005,1258,0.014,6,0.10,0.12,0.10,2,1.06,9.60,10.97,3,1.02,9.64,10.91,0.30,0.30,0.30,1.13,9.40,10.91,0.5,0
fix,23049,1,1,1.21,9.02,10.87,1.21,9.02,10.87,-0.254,0.623,-0.739,42.3,4209,0.006,1575,0.019,6,0.13,0.15,0.13,2,1.07,9.09,10.92,3,1.46,8.73,10.79,0.30,0.30,0.30,1.19,9.33,10.79,0.3,0
fix,23102,1,1,1.01,9.32,10.82,1.01,9.32,10.82,-0.247,0.599,-0.761,40.4,4221,0.007,1643,0.020,5,0.14,0.17,0.14,3,1.05,9.34,10.73,3,0.97,9.27,10.91,0.30,0.30,0.30,1.11,9.31,10.91,0.1,0
fix,23150,1,1,1.20,9.14,10.92,1.20,9.14,10.92,-0.256,0.626,-0.737,42.6,4260,0.007,1291,0.020,5,0.14,0.16,0.14,3,1.21,9.15,10.96,3,1.18,9.20,10.96,0.30,0.30,0.30,1.13,9.18,10.96,0.2,0
fix,23200,1,1,1.15,9.05,10.89,1.15,9.05,10.89,-0.252,0.627,-0.738,42.5,4056,0.007,1474,0.020,5,0.14,0.16,0.14,2,1.30,8.98,10.77,3,0.98,9.04,10.99,0.30,0.30,0.30,1.10,9.16,10.99,0.2,0
fix,23249,1,1,1.25,9.24,10.63,1.25,9.24,10.63,-0.264,0.597,-0.758,40.7,4084,0.005,1112,0.014,6,0.09,0.11,0.10,1,1.21,9.32,10.63,3,1.27,9.24,10.61,0.30,0.30,0.30,1.21,9.11,10.61,0.1,0
fix,23298,1,1,1.33,8.84,10.83,1.33,8.84,10.83,-0.252,0.644,-0.723,43.7,3963,0.007,1145,0.020,6,0.14,0.16,0.14,2,1.36,8.80,10.81,3,1.35,8.75,10.87,0.30,0.30,0.30,1.23,9.02,10.87,0.2,0
fix,23347,1,1,1.19,9.22,10.86,1.19,9.22,10.86,-0.242,0.618,-0.748,41.5,4294,0.007,1092,0.021,6,0.15,0.17,0.15,2,1.16,9.27,10.91,3,1.19,9.30,10.81,0.30,0.30,0.30,1.25,9.02,10.81,0.2,0
fix,23398,1,1,1.08,8.98,11.04,1.08,8.98,11.04,-0.250,0.636,-0.730,43.1,4201,0.008,1051,0.024,5,0.17,0.20,0.17,3,1.08,8.95,11.02,3,1.05,9.01,11.08,0.30,0.30,0.30,1.19,9.01,11.08,0.1,0
fix,23452,1,1,1.34,8.89,10.75,1.34,8.89,10.75,-0.250,0.624,-0.741,42.2,3971,0.008,1818,0.024,6,0.16,0.19,0.17,2,1.32,8.97,10.69,3,1.47,8.85,10.65,0.30,0.30,0.30,1.21,8.86,10.65,0.0,0
fix,23500,1,1,1.17,9.30,10.79,1.17,9.30,10.79,-0.254,0.599,-0.759,40.6,4154,0.008,1532,0.023,5,0.16,0.19,0.16,3,1.17,9.32,10.71,3,1.14,9.38,10.85,0.30,0.30,0.30,1.21,9.02,10.85,0.2,0
fix,23552,1,1,1.28,9.07,10.84,1.28,9.07,10.84,-0.255,0.621,-0.741,42.2,4146,0.006,1686,0.018,6,0.12,0.14,0.12,2,1.21,9.16,10.84,3,1.36,8.93,10.89,0.30,0.30,0.30,1.25,9.05,10.89,0.1,0
fix,23598,1,1,1.17,9.13,10.89,1.17,9.13,10.89,-0.247,0.624,-0.741,42.2,4203,0.007,1558,0.020,5,0.14,0.16,0.14,3,1.07,9.12,10.94,3,1.32,9.07,10.78,0.30,0.30,0.30,1.24,9.15,10.78,0.3,0
fix,23648,1,1,1.30,9.00,10.74,1.30,9.00,10.74,-0.263,0.628,-0.732,42.9,3975,0.008,1257,0.025,5,0.17,0.20,0.18,3,1.31,8.91,10.72,3,1.37,9.02,10.67,0.30,0.30,0.30,1.23,9.14,10.67,0.1,0
fix,23697,1,1,1.29,8.93,10.72,1.29,8.93,10.72,-0.253,0.621,-0.742,42.1,3996,0.005,1253,0.016,6,0.11,0.13,0.11,2,1.25,9.02,10.69,3,1.33,8.78,10.73,0.30,0.30,0.30,1.27,9.03,10.73,0.5,0
fix,23751,1,1,1.23,9.02,10.91,1.23,9.02,10.91,-0.246,0.633,-0.734,42.8,4182,0.006,1280,0.020,6,0.14,0.16,0.14,2,1.17,9.03,10.97,3,1.28,9.01,10.95,0.30,0.30,0.30,1.28,9.03,10.95,0.2,0
fix,23800,1,1,1.29,8.85,10.90,1.29,8.85,10.90,-0.259,0.643,-0.720,43.9,4034,0.005,1135,0.016,5,0.11,0.13,0.11,3,1.31,8.82,10.88,3,1.30,8.80,10.90,0.30,0.30,0.30,1.27,8.97,10.90,0.3,0
fix,23848,1,1,1.37,9.20,10.68,1.37,9.20,10.68,-0.258,0.607,-0.751,41.3,3990,0.008,1089,0.025,6,0.16,0.20,0.17,2,1.50,9.16,10.56,3,1.31,9.25,10.69,0.30,0.30,0.30,1.24,9.06,10.69,0.1,0
fix,23898,1,1,1.27,9.22,10.75,1.27,9.22,10.75,-0.259,0.608,-0.751,41.3,4172,0.007,1104,0.021,5,0.14,0.17,0.14,3,1.23,9.28,10.79,3,1.30,9.16,10.72,0.30,0.30,0.30,1.28,9.12,10.72,0.1,0
fix,23948,1,1,1.14,9.30,10.97,1.14,9.30,10.97,-0.253,0.609,-0.752,41.3,4265,0.006,1070,0.017,6,0.12,0.13,0.12,2,1.18,9.32,10.91,3,1.12,9.25,11.07,0.30,0.30,0.30,1.21,9.23,11.07,0.2,0
fix,23998,1,1,1.37,8.95,10.47,1.37,8.95,10.47,-0.254,0.614,-0.748,41.6,3814,0.008,1072,0.023,5,0.16,0.19,0.16,2,1.39,8.92,10.43,3,1.40,8.98,10.27,0.30,0.30,0.30,1.24,9.13,10.27,0.1,0
fix,24049,1,1,0.99,9.20,11.09,0.99,9.20,11.09,-0.242,0.628,-0.740,42.3,4393,0.009,1072,0.028,5,0.20,0.22,0.20,3,0.93,9.18,11.11,3,0.93,9.22,11.26,0.30,0.30,0.30,1.22,9.14,11.26,0.2,0
fix,24100,1,1,1.12,9.26,10.70,1.12,9.26,10.70,-0.255,0.596,-0.761,40.4,4051,0.006,1063,0.019,6,0.13,0.16,0.13,2,1.16,9.30,10.61,3,1.16,9.18,10.71,0.30,0.30,0.30,1.10,9.20,10.71,0.1,0
fix,24154,1,1,1.20,9.20,10.71,1.20,9.20,10.71,-0.258,0.616,-0.744,41.9,3980,0.006,1572,0.018,6,0.12,0.15,0.13,2,1.24,9.02,10.64,3,1.15,9.33,10.80,0.30,0.30,0.30,1.14,9.35,10.80,0.3,0
fix,24200,1,1,1.29,9.02,10.81,1.29,9.02,10.81,-0.248,0.629,-0.736,42.6,4137,0.007,1754,0.021,5,0.15,0.17,0.15,3,1.27,9.00,10.84,3,1.35,8.93,10.84,0.30,0.30,0.30,1.20,9.21,10.84,0.3,0
fix,24252,1,1,1.40,9.06,10.57,1.40,9.06,10.57,-0.257,0.604,-0.754,41.0,3962,0.007,1279,0.021,6,0.14,0.17,0.14,2,1.44,9.14,10.52,3,1.35,9.03,10.59,0.30,0.30,0.30,1.30,9.05,10.59,0.1,0
fix,24300,1,1,1.47,8.84,10.67,1.47,8.84,10.67,-0.252,0.637,-0.729,43.2,3886,0.010,1311,0.031,6,0.21,0.25,0.22,2,1.46,8.77,10.66,3,1.50,8.78,10.73,0.30,0.30,0.30,1.41,9.02,10.73,0.1,0
fix,24349,1,1,1.23,9.16,10.80,1.23,9.16,10.80,-0.246,0.616,-0.748,41.6,4204,0.007,1450,0.020,5,0.14,0.16,0.14,3,1.08,9.17,10.85,3,1.31,9.23,10.87,0.30,0.30,0.30,1.42,9.03,10.87,0.1,0
fix,24399,1,1,1.26,9.03,10.74,1.26,9.03,10.74,-0.255,0.625,-0.737,42.5,4018,0.006,1157,0.020,6,0.14,0.16,0.14,2,1.27,9.03,10.76,3,1.28,8.93,10.69,0.30,0.30,0.30,1.33,9.06,10.69,0.2,0
fix,24448,1,1,1.39,8.92,10.65,1.39,8.92,10.65,-0.252,0.623,-0.740,42.2,4007,0.006,1521,0.018,5,0.12,0.14,0.12,2,1.34,9.01,10.67,3,1.50,8.77,10.60,0.30,0.30,0.30,1.35,8.97,10.60,0.1,0
fix,24498,1,1,1.14,9.19,10.96,1.14,9.19,10.96,-0.246,0.633,-0.734,42.8,4324,0.006,1395,0.019,5,0.13,0.15,0.13,3,1.14,9.12,11.10,3,1.12,9.24,10.92,0.30,0.30,0.30,1.27,9.10,10.92,0.2,0
fix,24549,1,1,1.26,9.18,10.81,1.26,9.18,10.81,-0.254,0.619,-0.744,42.0,4130,0.007,1384,0.021,6,0.14,0.17,0.14,2,1.24,9.08,10.79,3,1.36,9.34,10.69,0.30,0.30,0.30,1.25,9.18,10.69,0.3,0
fix,24599,1,1,1.31,9.01,10.80,1.31,9.01,10.80,-0.257,0.625,-0.737,42.5,4196,0.009,1444,0.026,6,0.18,0.21,0.18,1,1.20,9.08,10.91,3,1.47,8.93,10.65,0.30,0.30,0.30,1.30,9.08,10.65,0.2,0
fix,24650,1,1,1.23,9.10,10.88,1.23,9.10,10.88,-0.253,0.625,-0.738,42.4,4232,0.008,1376,0.025,6,0.18,0.20,0.18,2,1.17,9.14,10.93,3,1.36,9.01,10.79,0.30,0.30,0.30,1.27,9.09,10.79,0.4,0
fix,24700,1,1,1.14,8.92,11.06,1.14,8.92,11.06,-0.247,0.644,-0.724,43.6,4231,0.003,1077,0.010,5,0.09,0.11,0.09,2,1.13,8.95,11.09,3,1.10,8.87,11.14,0.30,0.30,0.30,1.23,8.99,11.14,0.3,0
fix,24747,1,1,1.26,9.09,10.87,1.26,9.09,10.87,-0.253,0.623,-0.740,42.3,4273,0.006,1072,0.017,6,0.12,0.14,0.12,2,1.27,9.17,10.98,3,1.30,9.09,10.71,0.30,0.30,0.30,1.22,8.99,10.71,0.2,0
fix,24799,1,1,1.25,9.03,10.93,1.25,9.03,10.93,-0.255,0.642,-0.723,43.7,4152,0.005,1399,0.015,6,0.11,0.12,0.11,2,1.23,8.94,10.98,3,1.18,9.16,10.82,0.70,0.38,0.50,1.22,9.02,10.82,0.2,0
fix,24850,1,1,1.09,9.03,10.99,1.09,9.03,10.99,-0.254,0.617,-0.745,41.9,4306,0.010,1784,0.031,5,0.22,0.25,0.22,3,0.96,9.20,10.99,3,1.21,8.82,11.02,0.30,0.30,0.30,1.22,8.96,11.02,0.0,0
fix,24898,1,1,1.33,9.12,10.75,1.33,9.12,10.75,-0.250,0.614,-0.749,41.5,4054,0.007,1086,0.020,6,0.13,0.16,0.14,1,1.38,9.14,10.69,3,1.34,9.09,10.75,0.30,0.30,0.30,1.18,9.02,10.75,0.1,0
fix,24949,1,1,1.81,9.22,10.56,1.81,9.22,10.56,-0.260,0.616,-0.744,41.9,3963,0.009,1666,0.028,5,0.19,0.23,0.19,3,1.32,9.02,10.63,3,2.10,9.53,10.39,0.56,0.36,0.39,1.32,9.18,10.39,2.1,0
fix,24998,1,1,1.17,9.16,10.70,1.17,9.16,10.70,-0.248,0.608,-0.755,41.0,4110,0.007,1119,0.023,5,0.16,0.18,0.16,3,1.08,9.20,10.75,3,1.13,9.17,10.74,0.30,0.30,0.30,1.31,9.12,10.74,0.1,0
fix,25122,1,1,1.43,8.00,9.95,1.43,8.00,9.95,-0.266,0.646,-0.716,44.3,3756,0.012,1261,0.036,5,0.25,0.29,0.26,3,1.28,8.57,10.63,3,1.28,8.57,10.64,0.30,0.30,0.30,2.50,6.93,10.64,0.3,0
fix,25169,1,1,1.25,9.05,10.87,1.25,9.05,10.87,-0.254,0.618,-0.744,42.0,4143,0.007,1232,0.020,5,0.14,0.16,0.14,3,1.26,9.14,10.83,3,1.26,9.06,10.93,0.30,0.30,0.30,1.57,8.62,10.93,0.1,0
fix,25218,1,1,1.18,9.09,10.77,1.18,9.09,10.77,-0.252,0.610,-0.751,41.3,4072,0.006,1574,0.018,5,0.12,0.14,0.12,2,1.25,9.10,10.66,3,1.05,9.08,10.93,0.30,0.30,0.30,1.21,9.05,10.93,0.4,0
fix,25270,1,1,1.25,9.15,10.75,1.25,9.15,10.75,-0.261,0.613,-0.746,41.8,4028,0.008,1558,0.025,6,0.17,0.20,0.17,2,1.33,9.18,10.67,3,1.19,9.11,10.77,0.30,0.30,0.30,1.16,9.12,10.77,0.2,0
fix,25320,1,1,1.37,9.09,10.68,1.37,9.09,10.68,-0.253,0.630,-0.735,42.7,4078,0.007,1599,0.020,6,0.14,0.16,0.14,2,1.37,9.01,10.83,3,1.40,9.19,10.50,0.30,0.30,0.30,1.32,9.15,10.50,0.2,0
fix,25369,1,1,1.18,9.16,10.79,1.18,9.16,10.79,-0.258,0.606,-0.752,41.2,4128,0.006,1554,0.018,6,0.12,0.14,0.12,2,1.16,9.20,10.71,3,1.12,9.21,10.92,0.30,0.30,0.30,1.28,9.08,10.92,0.4,0
fix,25419,1,1,1.10,9.08,11.04,1.10,9.08,11.04,-0.250,0.639,-0.728,43.3,4340,0.006,1555,0.018,5,0.13,0.14,0.13,3,1.02,9.07,11.22,3,1.12,9.10,11.01,0.30,0.30,0.30,1.25,9.09,11.01,0.4,0
fix,25468,1,1,1.26,8.86,11.03,1.26,8.86,11.03,-0.250,0.654,-0.714,44.4,4122,0.009,1088,0.026,6,0.18,0.21,0.18,1,1.36,8.75,11.00,3,1.25,8.89,11.00,0.30,0.30,0.30,1.14,9.06,11.00,0.2,0
fix,25520,1,1,1.14,9.16,10.93,1.14,9.16,10.93,-0.248,0.614,-0.749,41.5,4349,0.004,1815,0.011,5,0.09,0.10,0.09,3,1.17,9.33,10.95,3,1.08,9.05,10.97,0.30,0.30,0.30,1.16,9.01,10.97,0.5,0
fix,25570,1,1,1.11,9.15,11.00,1.11,9.15,11.00,-0.252,0.628,-0.737,42.6,4336,0.010,1391,0.030,7,0.22,0.24,0.21,1,1.04,9.17,11.08,3,1.14,9.14,11.01,0.30,0.30,0.30,1.19,9.06,11.01,0.2,0
fix,25619,1,1,1.08,9.26,10.92,1.08,9.26,10.92,-0.245,0.604,-0.759,40.7,4383,0.008,1618,0.023,5,0.17,0.19,0.16,3,0.99,9.43,10.98,3,1.13,9.17,10.86,0.30,0.30,0.30,1.18,9.05,10.86,0.4,0
fix,25668,1,1,1.24,9.17,10.68,1.24,9.17,10.68,-0.255,0.603,-0.756,40.9,4111,0.006,1423,0.017,5,0.11,0.13,0.11,3,1.20,9.21,10.65,3,1.35,9.04,10.59,0.30,0.30,0.30,1.17,9.14,10.59,0.1,0
fix,25720,1,1,1.20,9.20,10.66,1.20,9.20,10.66,-0.252,0.600,-0.759,40.6,4026,0.006,1394,0.018,6,0.13,0.15,0.13,1,1.23,9.22,10.57,3,1.19,9.18,10.76,0.30,0.30,0.30,1.17,9.17,10.76,0.1,0
fix,25769,1,1,1.12,9.43,10.86,1.12,9.43,10.86,-0.251,0.602,-0.758,40.7,4339,0.007,1054,0.021,6,0.15,0.17,0.14,2,1.14,9.45,10.88,3,1.09,9.47,10.89,0.30,0.30,0.30,1.15,9.28,10.89,0.2,0
fix,25818,1,1,1.24,9.03,10.95,1.24,9.03,10.95,-0.248,0.636,-0.731,43.0,4130,0.005,1077,0.016,6,0.11,0.13,0.11,2,1.21,8.96,10.92,3,1.23,9.07,10.97,0.30,0.30,0.30,1.21,9.22,10.97,0.3,0
fix,25868,1,1,1.46,9.23,10.65,1.46,9.23,10.65,-0.254,0.616,-0.746,41.8,4000,0.007,1388,0.022,6,0.15,0.18,0.15,2,1.54,9.14,10.64,3,1.43,9.50,10.58,0.30,0.30,0.30,1.26,9.19,10.58,0.2,0
fix,25922,1,1,1.28,9.17,10.80,1.28,9.17,10.80,-0.253,0.611,-0.750,41.4,4129,0.005,1274,0.015,5,0.10,0.12,0.10,3,1.23,9.19,10.72,3,1.28,9.19,10.87,0.30,0.30,0.30,1.33,9.17,10.87,0.2,0
fix,25970,1,1,1.29,9.23,10.66,1.29,9.23,10.66,-0.253,0.614,-0.748,41.6,4022,0.006,1274,0.019,5,0.13,0.15,0.13,3,1.32,9.16,10.68,3,1.26,9.27,10.69,0.30,0.30,0.30,1.29,9.22,10.69,0.2,0
fix,26020,1,1,1.39,9.39,10.50,1.39,9.39,10.50,-0.259,0.582,-0.771,39.5,4201,0.004,1589,0.013,5,0.09,0.10,0.09,2,1.30,9.52,10.61,3,1.47,9.34,10.40,0.30,0.30,0.30,1.41,9.21,10.40,0.2,0
fix,26070,1,1,1.36,9.03,10.68,1.36,9.03,10.68,-0.258,0.634,-0.729,43.2,3967,0.008,1550,0.025,6,0.17,0.20,0.17,2,1.39,8.85,10.72,3,1.36,9.13,10.66,0.30,0.30,0.30,1.35,9.27,10.66,0.1,0
fix,26117,1,1,1.22,8.99,10.98,1.22,8.99,10.98,-0.257,0.635,-0.729,43.2,4123,0.008,1257,0.023,6,0.16,0.19,0.16,2,1.22,8.99,10.96,3,1.14,9.05,11.06,0.30,0.30,0.30,1.34,9.09,11.06,0.1,0
fix,26170,1,1,1.44,9.15,10.48,1.44,9.15,10.48,-0.262,0.594,-0.761,40.5,3982,0.006,1287,0.017,5,0.11,0.14,0.12,2,1.43,9.25,10.44,3,1.55,9.10,10.40,0.30,0.30,0.30,1.33,9.04,10.40,0.2,0
fix,26218,1,1,1.21,9.16,10.73,1.21,9.16,10.73,-0.257,0.618,-0.743,42.0,4124,0.005,1884,0.017,5,0.12,0.13,0.12,3,1.13,9.16,10.84,3,1.27,9.10,10.69,0.30,0.30,0.30,1.33,9.12,10.69,0.1,0
fix,26270,1,1,1.29,9.22,11.02,1.29,9.22,11.02,-0.252,0.608,-0.752,41.2,4076,0.006,1561,0.019,5,0.13,0.15,0.13,2,1.25,9.22,10.70,3,1.19,9.19,10.84,0.30,0.30,0.30,1.24,9.16,10.84,0.2,0
fix,26320,1,1,1.12,9.20,10.90,1.12,9.20,10.90,-0.262,0.620,-0.739,42.3,4038,0.006,1564,0.018,6,0.13,0.15,0.13,2,1.27,9.03,10.78,3,0.94,9.31,11.09,0.30,0.30,0.30,1.09,9.32,11.09,0.3,0
fix,26592,1,1,1.36,8.70,10.77,1.36,8.70,10.77,-0.258,0.647,-0.718,44.1,3881,0.010,24376,0.029,5,0.22,0.26,0.23,2,1.36,8.70,10.77,2,3.46,5.30,9.87,53.71,53.71,53.71,3.38,5.41,9.87,0.4,0
fix,26641,1,1,1.38,9.46,10.98,1.38,9.46,10.98,-0.279,0.626,-0.728,43.3,4279,0.005,1279,0.038,4,0.57,0.38,0.35,3,1.48,9.61,11.30,3,1.27,9.35,10.68,0.30,0.30,0.30,1.58,9.11,10.68,0.1,0
fix,26689,1,1,1.40,8.93,10.72,1.40,8.93,10.72,-0.251,0.633,-0.733,42.9,3918,0.007,1114,0.020,6,0.14,0.16,0.14,2,1.43,8.84,10.66,3,1.38,8.94,10.75,0.30,0.30,0.30,1.39,9.04,10.75,0.3,0
fix,26739,1,1,1.24,9.29,10.58,1.24,9.29,10.58,-0.265,0.581,-0.770,39.7,4036,0.005,1070,0.016,5,0.10,0.13,0.10,3,1.22,9.41,10.48,3,1.24,9.22,10.67,0.30,0.30,0.30,1.30,9.06,10.67,0.5,0
fix,26792,1,1,1.16,9.16,10.82,1.16,9.16,10.82,-0.245,0.623,-0.743,42.0,4117,0.005,1511,0.014,5,0.10,0.12,0.10,3,1.19,9.06,10.80,3,1.08,9.25,10.87,0.30,0.30,0.30,1.17,9.24,10.87,0.1,0
fix,26841,1,1,1.15,9.19,10.94,1.15,9.19,10.94,-0.250,0.627,-0.738,42.4,4271,0.006,1014,0.017,6,0.13,0.15,0.13,1,1.16,9.21,10.97,3,1.14,9.19,10.96,0.30,0.30,0.30,1.13,9.18,10.96,0.2,0
fix,26889,1,1,1.29,9.34,10.63,1.29,9.34,10.63,-0.257,0.588,-0.767,39.9,4048,0.007,1070,0.022,5,0.15,0.18,0.15,3,1.29,9.42,10.54,3,1.32,9.24,10.63,0.30,0.30,0.30,1.23,9.25,10.63,0.1,0
fix,26944,1,1,1.15,9.17,10.83,1.15,9.17,10.83,-0.257,0.615,-0.745,41.8,4161,0.006,1263,0.017,5,0.12,0.14,0.12,3,1.08,9.19,10.87,3,1.21,9.10,10.86,0.30,0.30,0.30,1.24,9.24,10.86,0.4,0
fix,26993,1,1,1.31,9.22,10.85,1.31,9.22,10.85,-0.252,0.622,-0.741,42.2,4248,0.005,1563,0.015,5,0.10,0.12,0.10,3,1.27,9.20,10.93,3,1.35,9.40,10.79,0.30,0.30,0.30,1.25,9.20,10.79,0.9,0
fix,27040,1,1,1.45,8.71,10.69,1.45,8.71,10.69,-0.256,0.649,-0.717,44.2,3730,0.006,1390,0.020,5,0.13,0.16,0.14,3,1.57,8.54,10.55,3,1.41,8.67,10.76,0.30,0.30,0.30,1.27,9.10,10.76,0.2,0
fix,27091,1,1,1.31,8.91,10.72,1.31,8.91,10.72,-0.254,0.633,-0.731,43.0,3939,0.007,1089,0.021,6,0.14,0.17,0.15,2,1.27,8.87,10.73,3,1.31,8.93,10.78,0.30,0.30,0.30,1.34,9.00,10.78,0.2,0
fix,27140,1,1,1.21,8.94,10.61,1.21,8.94,10.61,-0.253,0.630,-0.734,42.8,3878,0.005,1088,0.016,5,0.11,0.13,0.11,3,1.23,8.84,10.64,3,1.17,8.92,10.62,0.30,0.30,0.30,1.29,9.03,10.62,0.3,0
fix,27190,1,1,1.43,9.03,10.58,1.43,9.03,10.58,-0.255,0.619,-0.743,42.0,3928,0.007,1088,0.021,5,0.14,0.17,0.15,3,1.45,9.02,10.58,3,1.43,9.01,10.61,0.30,0.30,0.30,1.32,9.03,10.61,0.1,0
fix,27240,1,1,1.22,9.20,10.62,1.22,9.20,10.62,-0.244,0.601,-0.761,40.4,4107,0.006,1070,0.019,5,0.13,0.16,0.13,2,1.20,9.29,10.67,3,1.19,9.15,10.60,0.30,0.30,0.30,1.32,9.03,10.60,0.1,0
fix,27295,1,1,1.32,9.13,10.64,1.32,9.13,10.64,-0.260,0.613,-0.746,41.7,4110,0.005,1574,0.016,6,0.11,0.13,0.11,1,1.28,9.18,10.76,3,1.35,9.13,10.54,0.30,0.30,0.30,1.34,9.06,10.54,0.1,0
fix,27343,1,1,1.34,9.12,10.75,1.34,9.12,10.75,-0.251,0.617,-0.745,41.8,4062,0.006,1279,0.017,5,0.12,0.14,0.12,3,1.38,9.14,10.74,3,1.35,9.06,10.72,0.30,0.30,0.30,1.32,9.10,10.72,0.1,0
fix,27391,1,1,1.22,9.53,10.61,1.22,9.53,10.61,-0.255,0.570,-0.781,38.6,4117,0.005,1816,0.015,5,0.10,0.12,0.10,3,1.28,9.58,10.46,3,1.13,9.57,10.66,0.30,0.30,0.30,1.26,9.32,10.66,0.4,0
fix,27441,1,1,1.23,9.17,10.80,1.23,9.17,10.80,-0.252,0.616,-0.746,41.7,4185,0.007,1282,0.022,6,0.15,0.17,0.15,2,1.20,9.16,10.83,3,1.20,9.12,10.90,0.30,0.30,0.30,1.29,9.28,10.90,0.3,0
fix,27490,1,1,1.17,9.32,10.61,1.17,9.32,10.61,-0.250,0.587,-0.770,39.7,4086,0.009,1230,0.028,7,0.19,0.23,0.19,0,1.18,9.38,10.56,3,1.12,9.28,10.61,0.30,0.30,0.30,1.23,9.25,10.61,0.1,0
fix,27539,1,1,1.21,9.43,10.69,1.21,9.43,10.69,-0.256,0.597,-0.760,40.5,4269,0.007,1274,0.022,5,0.15,0.17,0.15,3,1.20,9.46,10.78,3,1.22,9.47,10.55,0.30,0.30,0.30,1.22,9.31,10.55,0.0,0
fix,27592,1,1,1.20,9.25,10.77,1.20,9.25,10.77,-0.257,0.615,-0.746,41.8,4123,0.007,1267,0.021,6,0.14,0.17,0.14,2,1.19,9.16,10.82,3,1.22,9.29,10.73,0.30,0.30,0.30,1.21,9.37,10.73,0.1,0
fix,27640,1,1,1.25,9.08,10.69,1.25,9.08,10.69,-0.255,0.609,-0.751,41.3,4066,0.010,1449,0.029,6,0.20,0.24,0.20,2,1.20,9.16,10.69,3,1.30,8.96,10.64,0.30,0.30,0.30,1.23,9.19,10.64,0.2,0
fix,27691,1,1,1.47,9.32,10.42,1.47,9.32,10.42,-0.264,0.587,-0.766,40.0,3937,0.008,1076,0.024,5,0.16,0.19,0.16,3,1.50,9.32,10.41,3,1.51,9.28,10.40,0.30,0.30,0.30,1.29,9.25,10.40,0.1,0
fix,27741,1,1,1.13,9.41,10.77,1.13,9.41,10.77,-0.254,0.593,-0.764,40.2,4291,0.007,1047,0.022,6,0.15,0.18,0.15,2,1.04,9.46,10.77,3,1.15,9.40,10.88,0.30,0.30,0.30,1.30,9.27,10.88,0.1,0
fix,27790,1,1,1.07,9.66,10.66,1.07,9.66,10.66,-0.261,0.574,-0.777,39.1,4320,0.006,1106,0.019,6,0.13,0.15,0.13,2,1.05,9.69,10.71,3,1.08,9.72,10.59,0.30,0.30,0.30,1.22,9.43,10.59,0.1,0
fix,27841,1,1,1.32,9.13,10.77,1.32,9.13,10.77,-0.264,0.614,-0.744,41.9,4115,0.005,1090,0.017,5,0.11,0.13,0.11,3,1.31,9.15,10.77,3,1.39,9.02,10.80,0.30,0.30,0.30,1.22,9.35,10.80,0.1,0
fix,27889,1,1,1.31,9.26,10.67,1.31,9.26,10.67,-0.249,0.591,-0.767,39.9,4251,0.006,1404,0.017,5,0.12,0.14,0.12,3,1.24,9.47,10.71,3,1.41,9.01,10.63,0.30,0.30,0.30,1.27,9.18,10.63,0.1,0
fix,27940,1,1,1.16,9.47,10.59,1.16,9.47,10.59,-0.261,0.584,-0.769,39.8,4132,0.007,1070,0.023,5,0.15,0.18,0.15,3,1.14,9.42,10.60,3,1.20,9.51,10.52,0.30,0.30,0.30,1.24,9.34,10.52,0.4,0
fix,27991,1,1,1.29,9.24,10.63,1.29,9.24,10.63,-0.254,0.601,-0.758,40.7,4177,0.005,1107,0.016,6,0.11,0.12,0.11,2,1.23,9.33,10.68,3,1.40,9.08,10.55,0.30,0.30,0.30,1.25,9.30,10.55,0.1,0
fix,28038,1,1,1.38,9.34,10.41,1.38,9.34,10.41,-0.265,0.589,-0.763,40.2,3921,0.006,1063,0.020,5,0.13,0.16,0.13,3,1.45,9.25,10.34,3,1.34,9.46,10.40,0.30,0.30,0.30,1.25,9.32,10.40,0.4,0
fix,28091,1,1,1.23,9.40,10.72,1.23,9.40,10.72,-0.259,0.587,-0.767,39.9,4285,0.007,1332,0.021,6,0.15,0.17,0.15,2,1.07,9.58,10.80,3,1.35,9.25,10.64,0.30,0.30,0.30,1.34,9.27,10.64,0.1,0
fix,28140,1,1,1.08,9.31,10.88,1.08,9.31,10.88,-0.248,0.614,-0.749,41.5,4191,0.005,1463,0.016,7,0.11,0.13,0.11,1,1.08,9.21,10.83,3,1.10,9.33,10.94,0.30,0.30,0.30,1.21,9.37,10.94,0.3,0
fix,28189,1,1,1.57,9.36,10.72,1.57,9.36,10.72,-0.248,0.608,-0.755,41.0,4242,0.005,1658,0.015,5,0.10,0.12,0.10,3,1.17,9.31,10.82,3,1.38,9.44,10.65,0.57,0.34,0.47,1.19,9.31,10.65,1.1,0
fix,28240,1,1,1.22,9.21,10.81,1.22,9.21,10.81,-0.250,0.618,-0.746,41.8,4192,0.007,1370,0.020,6,0.14,0.16,0.14,2,1.19,9.23,10.85,3,1.27,9.11,10.76,0.30,0.30,0.30,1.19,9.29,10.76,0.1,0
fix,28293,1,1,1.21,9.27,11.01,1.21,9.27,11.01,-0.249,0.623,-0.742,42.1,4352,0.005,1262,0.016,6,0.11,0.13,0.11,1,1.26,9.31,11.03,3,1.22,9.23,11.03,0.30,0.30,0.30,1.16,9.27,11.03,0.2,0
fix,28342,1,1,1.23,9.22,10.84,1.23,9.22,10.84,-0.259,0.607,-0.751,41.3,4219,0.005,1242,0.014,5,0.10,0.11,0.10,3,1.24,9.31,10.80,3,1.17,9.19,10.82,0.30,0.30,0.30,1.19,9.18,10.82,0.4,0
fix,28394,1,1,1.16,9.52,10.54,1.16,9.52,10.54,-0.261,0.577,-0.774,39.3,4047,0.007,1524,0.021,6,0.14,0.17,0.14,2,1.17,9.44,10.45,3,1.13,9.65,10.56,0.30,0.30,0.30,1.18,9.36,10.56,0.2,0
fix,28441,1,1,1.07,9.45,10.70,1.07,9.45,10.70,-0.250,0.579,-0.776,39.1,4263,0.005,1267,0.015,5,0.11,0.12,0.10,3,1.02,9.58,10.68,3,1.07,9.44,10.78,0.30,0.30,0.30,1.17,9.33,10.78,0.1,0
fix,28490,1,1,1.02,9.30,10.86,1.02,9.30,10.86,-0.253,0.614,-0.748,41.6,4222,0.007,1234,0.021,6,0.15,0.17,0.15,2,1.06,9.26,10.88,3,1.00,9.23,10.88,0.30,0.30,0.30,1.04,9.40,10.88,0.3,0
fix,28542,1,1,1.08,9.50,10.85,1.08,9.50,10.85,-0.256,0.595,-0.762,40.3,4246,0.007,1591,0.021,5,0.14,0.17,0.14,3,1.14,9.46,10.80,3,0.99,9.52,11.00,0.30,0.30,0.30,1.06,9.48,11.00,0.4,0
fix,28590,1,1,0.98,9.51,10.64,0.98,9.51,10.64,-0.259,0.587,-0.767,39.9,4169,0.008,1554,0.023,5,0.16,0.19,0.16,3,0.97,9.41,10.64,3,1.00,9.55,10.54,0.30,0.30,0.30,1.03,9.57,10.54,0.6,0
fix,28640,1,1,1.07,9.40,10.88,1.07,9.40,10.88,-0.254,0.597,-0.761,40.5,4337,0.006,1806,0.018,6,0.12,0.14,0.12,1,1.00,9.49,10.90,3,1.15,9.39,10.88,0.30,0.30,0.30,1.08,9.43,10.88,0.3,0
fix,28690,1,1,1.06,9.25,10.74,1.06,9.25,10.74,-0.258,0.600,-0.757,40.8,4150,0.005,1130,0.016,5,0.11,0.13,0.11,3,1.07,9.27,10.71,3,1.04,9.20,10.74,0.30,0.30,0.30,1.07,9.34,10.74,0.2,0
fix,28740,1,1,1.27,9.27,10.71,1.27,9.27,10.71,-0.256,0.610,-0.750,41.4,4059,0.007,1354,0.020,5,0.14,0.16,0.14,2,1.33,9.19,10.67,3,1.22,9.43,10.75,0.30,0.30,0.30,1.11,9.32,10.75,0.0,0
fix,28792,1,1,1.06,9.37,10.82,1.06,9.37,10.82,-0.254,0.611,-0.750,41.4,4347,0.009,1815,0.028,5,0.20,0.23,0.20,2,0.94,9.34,11.01,3,1.10,9.36,10.67,0.30,0.30,0.30,1.19,9.34,10.67,0.6,0
fix,28841,1,1,1.31,9.22,10.73,1.31,9.22,10.73,-0.252,0.607,-0.754,41.1,4155,0.008,1006,0.022,6,0.17,0.20,0.17,1,1.26,9.29,10.72,3,1.39,9.20,10.68,0.30,0.30,0.30,1.26,9.19,10.68,0.2,0
fix,28894,1,1,1.27,9.28,10.68,1.27,9.28,10.68,-0.257,0.612,-0.748,41.6,4077,0.008,1563,0.024,6,0.16,0.19,0.16,2,1.32,9.16,10.68,3,1.22,9.41,10.67,0.30,0.30,0.30,1.24,9.27,10.67,0.2,0
fix,28943,1,1,1.25,9.15,10.87,1.25,9.15,10.87,-0.255,0.618,-0.744,41.9,4176,0.006,1254,0.017,7,0.12,0.14,0.12,1,1.29,9.19,10.87,3,1.24,9.09,10.84,0.30,0.30,0.30,1.23,9.20,10.84,0.2,0
fix,28991,1,1,1.36,9.21,10.67,1.36,9.21,10.67,-0.254,0.617,-0.745,41.8,3998,0.005,1251,0.016,6,0.11,0.13,0.11,1,1.45,9.06,10.64,3,1.34,9.24,10.63,0.30,0.30,0.30,1.24,9.28,10.63,0.3,0
fix,29039,1,1,1.20,9.43,10.92,1.20,9.43,10.92,-0.247,0.615,-0.749,41.5,4377,0.008,1241,0.025,6,0.18,0.20,0.18,2,0.97,9.33,11.03,3,1.05,9.35,10.94,0.30,0.30,0.30,1.25,9.28,10.94,0.4,0
fix,29093,1,1,1.22,9.17,10.77,1.22,9.17,10.77,-0.259,0.612,-0.747,41.6,4072,0.010,1273,0.029,6,0.20,0.23,0.20,2,1.25,9.14,10.69,3,1.23,9.19,10.75,0.30,0.30,0.30,1.19,9.25,10.75,0.1,0
fix,29142,1,1,1.24,9.28,10.61,1.24,9.28,10.61,-0.264,0.601,-0.755,41.0,3991,0.008,1578,0.025,5,0.17,0.20,0.17,2,1.30,9.23,10.55,3,1.18,9.37,10.65,0.30,0.30,0.30,1.20,9.26,10.65,0.1,0
fix,29191,1,1,1.06,9.31,10.92,1.06,9.31,10.92,-0.254,0.614,-0.748,41.6,4312,0.010,1102,0.029,7,0.21,0.24,0.20,1,1.00,9.31,10.98,3,1.02,9.36,10.92,0.30,0.30,0.30,1.19,9.26,10.92,0.2,0
fix,29240,1,1,1.01,9.33,10.87,1.01,9.33,10.87,-0.249,0.612,-0.750,41.4,4254,0.007,1619,0.021,5,0.15,0.17,0.15,2,1.05,9.26,10.88,3,0.94,9.49,10.80,0.30,0.30,0.30,1.08,9.30,10.80,0.2,0
fix,29291,1,1,1.09,9.25,10.86,1.09,9.25,10.86,-0.256,0.615,-0.746,41.8,4326,0.008,1365,0.024,5,0.17,0.19,0.16,3,1.03,9.28,10.97,3,1.10,9.29,10.79,0.30,0.30,0.30,1.14,9.23,10.79,0.4,0
fix,29340,1,1,1.16,9.23,10.79,1.16,9.23,10.79,-0.256,0.605,-0.754,41.1,4102,0.009,1073,0.026,5,0.18,0.21,0.18,3,1.19,9.24,10.71,3,1.18,9.22,10.82,0.30,0.30,0.30,1.11,9.24,10.82,0.0,0
fix,29390,1,1,1.26,9.53,10.49,1.26,9.53,10.49,-0.259,0.574,-0.777,39.0,4130,0.006,1071,0.018,5,0.12,0.15,0.12,3,1.26,9.56,10.47,3,1.27,9.57,10.46,0.30,0.30,0.30,1.15,9.31,10.46,0.1,0
fix,29440,1,1,1.12,9.47,10.76,1.12,9.47,10.76,-0.255,0.590,-0.766,40.0,4253,0.006,1106,0.018,6,0.12,0.15,0.12,2,1.08,9.46,10.74,3,1.08,9.54,10.84,0.30,0.30,0.30,1.18,9.41,10.84,0.1,0
fix,29490,1,1,1.18,9.36,10.76,1.18,9.36,10.76,-0.251,0.600,-0.759,40.6,4302,0.010,1359,0.031,5,0.21,0.24,0.21,3,1.12,9.48,10.85,3,1.29,9.19,10.63,0.30,0.30,0.30,1.18,9.36,10.63,0.3,0
fix,29544,1,1,1.23,9.31,10.83,1.23,9.31,10.83,-0.253,0.611,-0.750,41.4,4143,0.005,1265,0.016,5,0.11,0.13,0.11,2,1.27,9.24,10.76,3,1.28,9.33,10.85,0.30,0.30,0.30,1.16,9.39,10.85,0.0,0
fix,29593,1,1,1.18,9.36,10.71,1.18,9.36,10.71,-0.249,0.598,-0.762,40.4,4235,0.007,1639,0.022,7,0.15,0.18,0.15,0,1.15,9.40,10.75,3,1.23,9.33,10.64,0.30,0.30,0.30,1.18,9.36,10.64,0.2,0
fix,29643,1,1,1.48,9.07,10.60,1.48,9.07,10.60,-0.259,0.623,-0.738,42.4,3869,0.006,1684,0.017,5,0.11,0.14,0.12,3,1.61,8.93,10.51,3,1.50,9.06,10.59,0.30,0.30,0.30,1.21,9.34,10.59,0.1,0
fix,29692,1,1,1.22,9.36,10.89,1.22,9.36,10.89,-0.252,0.613,-0.749,41.5,4347,0.006,1255,0.018,6,0.13,0.15,0.13,2,1.17,9.37,10.95,3,1.23,9.38,10.89,0.30,0.30,0.30,1.28,9.30,10.89,0.1,0
fix,29743,1,1,1.23,9.24,10.73,1.23,9.24,10.73,-0.259,0.612,-0.747,41.7,4143,0.007,1534,0.021,6,0.14,0.17,0.14,2,1.19,9.21,10.77,3,1.27,9.20,10.69,0.30,0.30,0.30,1.26,9.31,10.69,0.2,0
fix,29790,1,1,1.10,9.20,10.96,1.10,9.20,10.96,-0.256,0.620,-0.741,42.2,4157,0.006,1588,0.019,5,0.13,0.15,0.13,3,1.13,9.11,10.87,3,1.09,9.21,11.04,0.30,0.30,0.30,1.19,9.31,11.04,0.2,0
fix,29841,1,1,1.11,9.28,10.73,1.11,9.28,10.73,-0.262,0.592,-0.762,40.4,4084,0.007,1423,0.022,5,0.15,0.18,0.15,3,1.13,9.37,10.62,3,1.13,9.25,10.78,0.30,0.30,0.30,1.13,9.21,10.78,0.3,0
fix,29890,1,1,1.06,9.25,10.86,1.06,9.25,10.86,-0.257,0.608,-0.751,41.3,4236,0.006,1067,0.017,5,0.12,0.14,0.12,3,1.08,9.33,10.85,3,1.00,9.16,10.94,0.30,0.30,0.30,1.11,9.21,10.94,0.0,0
fix,29940,1,1,1.22,9.13,10.87,1.22,9.13,10.87,-0.246,0.617,-0.747,41.6,4241,0.007,1403,0.021,5,0.14,0.17,0.14,2,1.18,9.23,10.89,3,1.25,8.96,10.92,0.30,0.30,0.30,1.16,9.13,10.92,0.4,0
fix,29990,1,1,1.18,8.96,10.78,1.18,8.96,10.78,-0.254,0.640,-0.725,43.5,3986,0.006,1072,0.018,5,0.13,0.15,0.13,3,1.17,8.81,10.84,3,1.15,9.02,10.71,0.30,0.30,0.30,1.17,9.16,10.71,0.2,0
fix,30041,1,1,1.21,9.22,10.88,1.21,9.22,10.88,-0.250,0.608,-0.753,41.1,4387,0.008,1395,0.024,6,0.16,0.19,0.16,2,1.12,9.43,10.96,3,1.28,9.15,10.78,0.30,0.30,0.30,1.24,8.95,10.78,0.4,0
fix,30094,1,1,1.03,9.42,10.96,1.03,9.42,10.96,-0.252,0.602,-0.757,40.8,4322,0.005,1737,0.015,5,0.11,0.12,0.10,3,1.02,9.41,10.88,3,0.99,9.49,11.02,0.30,0.30,0.30,1.17,9.20,11.02,0.1,0
fix,30143,1,1,1.03,9.62,10.79,1.03,9.62,10.79,-0.251,0.587,-0.770,39.7,4394,0.006,1555,0.019,6,0.13,0.15,0.13,1,0.97,9.62,10.85,3,1.16,9.73,10.61,0.30,0.30,0.30,1.11,9.49,10.61,0.4,0
fix,30191,1,1,1.24,9.47,10.64,1.24,9.47,10.64,-0.257,0.583,-0.771,39.6,4161,0.006,1564,0.018,6,0.12,0.15,0.12,1,1.22,9.50,10.57,3,1.38,9.37,10.55,0.30,0.30,0.30,1.12,9.48,10.55,0.2,0
fix,30240,1,1,1.17,9.53,10.60,1.17,9.53,10.60,-0.255,0.587,-0.768,39.8,4133,0.008,1249,0.023,5,0.16,0.19,0.16,3,1.21,9.46,10.59,3,1.17,9.56,10.60,0.30,0.30,0.30,1.11,9.59,10.60,0.3,0
fix,30292,1,1,1.33,9.30,10.60,1.33,9.30,10.60,-0.260,0.588,-0.766,40.0,3999,0.006,1666,0.018,5,0.12,0.15,0.12,3,1.36,9.31,10.46,3,1.37,9.29,10.72,0.30,0.30,0.30,1.17,9.46,10.72,0.4,0
fix,30341,1,1,1.33,9.38,10.49,1.33,9.38,10.49,-0.255,0.581,-0.773,39.4,4042,0.008,1528,0.023,5,0.15,0.19,0.16,2,1.27,9.45,10.46,3,1.43,9.32,10.46,0.30,0.30,0.30,1.29,9.38,10.46,0.2,0
fix,30389,1,1,1.32,9.05,10.87,1.32,9.05,10.87,-0.251,0.635,-0.730,43.1,4196,0.008,1583,0.024,6,0.17,0.19,0.17,1,1.28,9.07,10.98,3,1.44,8.94,10.83,0.30,0.30,0.30,1.30,9.21,10.83,0.1,0
fix,30441,1,1,1.17,9.08,10.99,1.17,9.08,10.99,-0.251,0.632,-0.733,42.9,4142,0.006,1294,0.018,6,0.12,0.14,0.12,2,1.24,9.03,10.90,3,1.14,9.14,11.03,0.30,0.30,0.30,1.22,9.16,11.03,0.5,0
fix,30490,1,1,1.39,9.12,10.70,1.39,9.12,10.70,-0.253,0.625,-0.739,42.4,4021,0.008,1558,0.025,6,0.17,0.20,0.17,2,1.46,9.04,10.68,3,1.37,9.23,10.67,0.30,0.30,0.30,1.24,9.15,10.67,0.2,0
fix,30542,1,1,1.32,8.97,10.69,1.32,8.97,10.69,-0.258,0.629,-0.733,42.8,3910,0.009,1279,0.026,6,0.18,0.21,0.18,1,1.38,8.89,10.65,3,1.32,9.00,10.66,0.30,0.30,0.30,1.25,9.11,10.66,0.3,0
fix,30591,1,1,1.19,9.32,10.78,1.19,9.32,10.78,-0.253,0.603,-0.757,40.8,4259,0.007,1478,0.021,6,0.14,0.17,0.14,2,1.12,9.38,10.83,3,1.24,9.39,10.73,0.30,0.30,0.30,1.27,9.11,10.73,0.0,0
fix,30640,1,1,1.36,9.45,10.54,1.36,9.45,10.54,-0.257,0.582,-0.772,39.5,4096,0.006,1067,0.017,5,0.11,0.14,0.11,3,1.36,9.49,10.50,3,1.40,9.50,10.47,0.30,0.30,0.30,1.28,9.23,10.47,0.2,0
fix,30691,1,1,1.23,9.35,10.85,1.23,9.35,10.85,-0.259,0.607,-0.751,41.3,4220,0.005,1106,0.016,6,0.11,0.13,0.11,2,1.20,9.28,10.82,3,1.27,9.40,10.86,0.30,0.30,0.30,1.27,9.38,10.86,0.3,0
fix,30741,1,1,1.27,9.25,10.59,1.27,9.25,10.59,-0.260,0.601,-0.755,40.9,4124,0.007,1398,0.021,6,0.14,0.17,0.14,2,1.20,9.26,10.66,3,1.36,9.24,10.46,0.30,0.30,0.30,1.28,9.29,10.46,0.1,0
fix,30790,1,1,1.07,9.44,10.76,1.07,9.44,10.76,-0.244,0.601,-0.762,40.4,4236,0.006,1117,0.019,6,0.13,0.15,0.13,2,0.99,9.38,10.78,3,1.11,9.48,10.71,0.30,0.30,0.30,1.24,9.41,10.71,0.4,0
fix,30841,1,1,1.08,9.20,10.83,1.08,9.20,10.83,-0.256,0.621,-0.741,42.2,4114,0.006,1378,0.017,6,0.12,0.14,0.12,2,1.12,9.08,10.82,3,1.03,9.32,10.85,0.30,0.30,0.30,1.13,9.36,10.85,0.1,0
fix,30889,1,1,1.33,9.03,10.57,1.33,9.03,10.57,-0.256,0.624,-0.738,42.4,3865,0.007,1093,0.020,6,0.14,0.16,0.14,2,1.35,8.90,10.60,3,1.39,9.05,10.47,0.30,0.30,0.30,1.17,9.31,10.47,0.3,0
fix,30940,1,1,1.15,9.36,10.71,1.15,9.36,10.71,-0.258,0.606,-0.753,41.2,4180,0.006,1052,0.020,5,0.14,0.16,0.14,3,1.11,9.34,10.78,3,1.17,9.47,10.63,0.30,0.30,0.30,1.18,9.27,10.63,0.3,0
fix,30990,1,1,1.26,8.98,10.67,1.26,8.98,10.67,-0.262,0.635,-0.727,43.4,3938,0.006,1074,0.019,6,0.13,0.16,0.14,2,1.30,8.79,10.71,3,1.24,9.06,10.62,0.30,0.30,0.30,1.18,9.25,10.62,0.4,0
fix,31040,1,1,1.27,8.94,10.90,1.27,8.94,10.90,-0.247,0.636,-0.731,43.0,4148,0.008,1138,0.025,5,0.18,0.20,0.18,3,1.24,8.94,10.93,3,1.24,8.94,10.94,0.30,0.30,0.30,1.24,9.03,10.94,0.2,0
fix,31091,1,1,1.18,9.45,10.82,1.18,9.45,10.82,-0.245,0.598,-0.763,40.2,4414,0.006,1401,0.017,5,0.12,0.14,0.12,2,1.12,9.59,10.93,3,1.27,9.42,10.65,0.30,0.30,0.30,1.22,9.14,10.65,0.4,0
fix,31139,1,1,1.20,9.08,11.00,1.20,9.08,11.00,-0.256,0.641,-0.724,43.6,4159,0.009,1096,0.026,5,0.18,0.21,0.19,3,1.25,8.91,10.99,3,1.17,9.12,11.00,0.30,0.30,0.30,1.14,9.36,11.00,0.8,0
fix,31191,1,1,1.28,9.40,10.52,1.28,9.40,10.52,-0.260,0.581,-0.771,39.5,4095,0.005,1063,0.014,5,0.09,0.11,0.09,3,1.26,9.46,10.47,3,1.35,9.44,10.48,0.30,0.30,0.30,1.19,9.30,10.48,0.1,0
fix,31241,1,1,1.14,9.33,10.82,1.14,9.33,10.82,-0.249,0.606,-0.756,40.9,4306,0.007,1062,0.020,6,0.14,0.16,0.14,2,1.10,9.39,10.89,3,1.14,9.32,10.79,0.30,0.30,0.30,1.20,9.28,10.79,0.3,0
fix,31290,1,1,1.07,9.44,10.88,1.07,9.44,10.88,-0.249,0.598,-0.762,40.4,4318,0.007,1096,0.022,6,0.15,0.18,0.15,2,1.11,9.52,10.84,3,1.04,9.43,10.93,0.30,0.30,0.30,1.12,9.29,10.93,0.2,0
fix,31340,1,1,1.08,9.42,10.94,1.08,9.42,10.94,-0.253,0.591,-0.766,40.0,4323,0.008,1346,0.023,6,0.16,0.18,0.16,2,1.07,9.50,10.83,3,1.10,9.33,11.10,0.30,0.30,0.30,1.10,9.34,11.10,0.2,0
fix,31393,1,1,1.26,9.32,10.82,1.26,9.32,10.82,-0.252,0.606,-0.755,41.0,4157,0.007,1258,0.023,6,0.15,0.18,0.16,2,1.29,9.33,10.81,3,1.28,9.26,10.81,0.30,0.30,0.30,1.13,9.35,10.81,0.2,0
fix,31442,1,1,1.32,8.95,10.84,1.32,8.95,10.84,-0.257,0.634,-0.729,43.2,4015,0.007,1255,0.022,5,0.15,0.18,0.16,2,1.32,8.91,10.80,3,1.31,8.85,10.94,0.30,0.30,0.30,1.21,9.21,10.94,0.1,0
fix,31493,1,1,1.14,9.31,10.83,1.14,9.31,10.83,-0.253,0.612,-0.749,41.5,4314,0.006,1548,0.019,5,0.14,0.16,0.13,2,1.09,9.33,10.92,3,1.17,9.36,10.74,0.30,0.30,0.30,1.22,9.19,10.74,0.1,0
fix,31542,1,1,1.14,9.44,10.77,1.14,9.44,10.77,-0.257,0.592,-0.764,40.2,4205,0.005,1126,0.015,5,0.10,0.12,0.10,3,1.18,9.48,10.69,3,1.16,9.44,10.76,0.30,0.30,0.30,1.17,9.27,10.76,0.1,0
fix,31592,1,1,1.16,9.39,10.75,1.16,9.39,10.75,-0.257,0.598,-0.759,40.6,4239,0.006,1402,0.018,6,0.12,0.14,0.12,1,1.21,9.43,10.74,3,1.07,9.40,10.82,0.30,0.30,0.30,1.16,9.30,10.82,0.1,0
fix,31641,1,1,1.07,9.37,10.81,1.07,9.37,10.81,-0.255,0.598,-0.760,40.5,4207,0.006,1150,0.020,6,0.14,0.16,0.13,1,1.10,9.39,10.75,3,1.02,9.32,10.86,0.30,0.30,0.30,1.12,9.34,10.86,0.2,0
fix,31691,1,1,1.08,9.36,10.79,1.08,9.36,10.79,-0.260,0.604,-0.753,41.2,4220,0.007,1070,0.021,6,0.14,0.16,0.14,1,1.05,9.39,10.83,3,1.12,9.28,10.71,0.30,0.30,0.30,1.12,9.35,10.71,0.2,0
fix,31741,1,1,1.18,9.30,10.84,1.18,9.30,10.84,-0.255,0.610,-0.750,41.4,4247,0.006,1096,0.017,6,0.12,0.14,0.12,1,1.18,9.29,10.87,3,1.25,9.27,10.77,0.30,0.30,0.30,1.12,9.35,10.77,0.1,0
fix,31792,1,1,0.97,9.61,10.93,0.97,9.61,10.93,-0.247,0.602,-0.759,40.6,4572,0.007,1432,0.021,6,0.15,0.17,0.15,2,0.89,9.59,11.09,3,0.96,9.75,10.82,0.30,0.30,0.30,1.12,9.45,10.82,0.4,0
fix,31841,1,1,1.16,9.28,11.04,1.16,9.28,11.04,-0.256,0.636,-0.728,43.3,4291,0.006,1439,0.020,5,0.14,0.16,0.14,3,1.25,9.10,11.07,3,1.17,9.37,10.97,0.30,0.30,0.30,1.04,9.53,10.97,0.3,0
fix,31895,1,1,1.20,9.34,10.83,1.20,9.34,10.83,-0.255,0.597,-0.761,40.5,4262,0.009,1219,0.029,7,0.19,0.23,0.19,1,1.20,9.44,10.77,3,1.17,9.34,10.85,0.30,0.30,0.30,1.13,9.32,10.85,0.3,0
fix,31943,1,1,1.31,9.43,10.62,1.31,9.43,10.62,-0.258,0.604,-0.754,41.0,4049,0.006,1265,0.017,6,0.11,0.13,0.11,2,1.35,9.28,10.62,3,1.30,9.55,10.63,0.30,0.30,0.30,1.19,9.44,10.63,0.2,0
fix,31991,1,1,1.32,9.16,10.64,1.32,9.16,10.64,-0.253,0.622,-0.741,42.2,4133,0.005,1610,0.014,5,0.10,0.11,0.10,3,1.30,9.11,10.77,3,1.34,9.16,10.58,0.30,0.30,0.30,1.30,9.34,10.58,0.4,0
fix,32042,1,1,1.08,9.27,10.81,1.08,9.27,10.81,-0.258,0.597,-0.760,40.6,4228,0.006,1247,0.017,6,0.12,0.14,0.12,2,1.03,9.35,10.74,3,1.11,9.21,10.89,0.30,0.30,0.30,1.23,9.22,10.89,0.3,0
fix,32092,1,1,1.29,8.81,11.08,1.29,8.81,11.08,-0.253,0.654,-0.713,44.5,4167,0.005,1257,0.016,6,0.11,0.13,0.11,2,1.28,8.82,11.06,3,1.36,8.70,11.16,0.30,0.30,0.30,1.23,8.98,11.16,0.3,0
fix,32142,1,1,1.30,9.12,10.73,1.30,9.12,10.73,-0.257,0.616,-0.745,41.9,3946,0.007,1426,0.021,6,0.14,0.17,0.15,2,1.37,9.03,10.59,3,1.26,9.26,10.68,0.30,0.30,0.30,1.23,9.08,10.68,0.1,0
fix,32191,1,1,1.23,9.06,10.66,1.23,9.06,10.66,-0.253,0.617,-0.746,41.8,4006,0.008,1147,0.025,6,0.17,0.20,0.17,1,1.25,9.05,10.65,3,1.23,8.98,10.63,0.30,0.30,0.30,1.22,9.09,10.63,0.1,0
fix,32241,1,1,1.11,9.21,10.86,1.11,9.21,10.86,-0.252,0.616,-0.747,41.7,4204,0.008,1679,0.026,6,0.18,0.21,0.18,1,1.10,9.18,10.85,3,1.11,9.27,10.93,0.30,0.30,0.30,1.20,9.12,10.93,0.3,0
fix,32291,1,1,1.09,9.12,10.90,1.09,9.12,10.90,-0.256,0.614,-0.747,41.7,4146,0.009,1124,0.028,6,0.19,0.23,0.19,1,1.10,9.14,10.85,3,1.15,9.09,10.93,0.30,0.30,0.30,1.11,9.12,10.93,0.1,0
fix,32341,1,1,1.05,9.20,10.93,1.05,9.20,10.93,-0.252,0.618,-0.745,41.9,4334,0.005,1084,0.016,6,0.12,0.13,0.11,2,0.97,9.26,10.99,3,1.10,9.09,10.89,0.30,0.30,0.30,1.13,9.14,10.89,0.1,0
fix,32390,1,1,1.22,9.27,10.90,1.22,9.27,10.90,-0.255,0.615,-0.746,41.8,4227,0.006,1110,0.020,7,0.14,0.16,0.14,1,1.18,9.27,10.90,3,1.28,9.27,10.92,0.30,0.30,0.30,1.15,9.20,10.92,0.2,0
fix,32439,1,1,1.21,9.34,10.86,1.21,9.34,10.86,-0.257,0.608,-0.751,41.3,4180,0.007,1073,0.022,6,0.15,0.17,0.15,2,1.29,9.32,10.78,3,1.10,9.36,10.98,0.30,0.30,0.30,1.15,9.30,10.98,0.2,0
fix,32492,1,1,1.12,9.22,10.85,1.12,9.22,10.85,-0.254,0.618,-0.744,42.0,4206,0.007,1270,0.022,5,0.16,0.18,0.16,3,1.08,9.17,10.89,3,1.11,9.26,10.85,0.30,0.30,0.30,1.19,9.29,10.85,0.2,0
fix,32544,1,1,1.35,8.95,10.85,1.35,8.95,10.85,-0.249,0.641,-0.726,43.4,4131,0.007,1633,0.023,6,0.16,0.18,0.16,2,1.32,8.94,10.95,3,1.42,8.88,10.81,0.30,0.30,0.30,1.26,9.17,10.81,0.4,0
fix,32591,1,1,1.27,9.11,10.56,1.27,9.11,10.56,-0.269,0.609,-0.746,41.7,3975,0.006,1283,0.018,6,0.12,0.14,0.12,2,1.24,9.16,10.60,3,1.28,9.09,10.48,0.30,0.30,0.30,1.29,9.10,10.48,0.2,0
fix,32640,1,1,1.23,9.54,10.84,1.23,9.54,10.84,-0.254,0.593,-0.764,40.2,4345,0.007,1668,0.022,5,0.15,0.17,0.15,3,1.25,9.59,10.82,3,1.15,9.62,10.98,0.30,0.30,0.30,1.26,9.22,10.98,0.1,0
fix,32691,1,1,1.12,9.15,10.87,1.12,9.15,10.87,-0.251,0.623,-0.741,42.2,4183,0.008,1297,0.024,6,0.17,0.19,0.17,2,1.08,9.11,10.89,3,1.09,9.22,10.83,0.30,0.30,0.30,1.25,9.24,10.83,0.3,0
fix,32740,1,1,1.26,9.43,10.89,1.26,9.43,10.89,-0.260,0.611,-0.748,41.6,4106,0.005,1270,0.014,5,0.09,0.11,0.09,2,1.30,9.18,10.71,3,1.15,9.33,10.75,0.30,0.30,0.30,1.19,9.25,10.75,0.1,0
fix,32790,1,1,1.30,9.08,11.00,1.30,9.08,11.00,-0.248,0.638,-0.729,43.2,4326,0.007,1521,0.021,6,0.15,0.17,0.15,2,1.05,9.04,11.12,3,1.35,8.97,10.98,0.30,0.30,0.30,1.29,9.21,10.98,1.3,0
fix,32841,1,1,1.04,9.27,10.76,1.04,9.27,10.76,-0.254,0.607,-0.753,41.2,4111,0.006,1635,0.018,6,0.13,0.15,0.13,2,1.08,9.16,10.70,3,1.01,9.34,10.73,0.30,0.30,0.30,1.13,9.27,10.73,0.4,0
fix,32890,1,1,1.15,9.24,10.87,1.15,9.24,10.87,-0.253,0.614,-0.748,41.6,4177,0.005,1140,0.014,6,0.10,0.11,0.10,1,1.24,9.23,10.81,3,1.02,9.34,11.03,0.30,0.30,0.30,1.12,9.22,11.03,0.5,0
fix,32939,1,1,1.00,8.98,10.77,1.00,8.98,10.77,-0.252,0.631,-0.734,42.8,4091,0.006,1406,0.017,6,0.12,0.14,0.12,2,1.25,9.00,10.82,3,1.10,9.07,10.85,0.55,0.49,0.41,1.16,9.24,10.85,0.7,0
fix,32992,1,1,1.16,9.13,10.83,1.16,9.13,10.83,-0.256,0.638,-0.726,43.4,4054,0.005,1382,0.015,6,0.10,0.12,0.11,1,1.24,8.87,10.84,3,1.03,9.42,10.92,0.30,0.30,0.30,1.16,9.26,10.92,0.2,0
fix,33040,1,1,1.28,9.08,10.87,1.28,9.08,10.87,-0.250,0.629,-0.736,42.6,4157,0.006,1105,0.017,5,0.11,0.13,0.12,2,1.30,9.04,10.90,3,1.28,9.20,10.85,0.30,0.30,0.30,1.19,9.15,10.85,0.4,0
fix,33092,1,1,1.43,9.03,10.64,1.43,9.03,10.64,-0.254,0.625,-0.738,42.4,3978,0.007,1626,0.022,6,0.15,0.18,0.15,2,1.45,9.00,10.68,3,1.46,9.05,10.51,0.30,0.30,0.30,1.29,9.10,10.51,0.2,0
fix,33139,1,1,1.16,9.18,10.78,1.16,9.18,10.78,-0.251,0.612,-0.750,41.4,4145,0.007,1108,0.020,6,0.14,0.16,0.14,2,1.06,9.16,10.78,3,1.12,9.30,10.76,0.30,0.30,0.30,1.30,9.10,10.76,0.1,0
fix,33191,1,1,1.31,9.14,10.91,1.31,9.14,10.91,-0.254,0.632,-0.732,42.9,4227,0.009,1071,0.027,6,0.18,0.21,0.19,2,1.28,9.08,10.98,3,1.39,9.14,10.89,0.30,0.30,0.30,1.29,9.14,10.89,0.2,0
fix,33240,1,1,1.24,9.29,10.75,1.24,9.29,10.75,-0.256,0.597,-0.760,40.5,4160,0.009,1074,0.026,6,0.18,0.21,0.18,2,1.25,9.34,10.67,3,1.24,9.20,10.73,0.30,0.30,0.30,1.27,9.19,10.73,0.3,0
fix,33291,1,1,1.34,8.97,11.01,1.34,8.97,11.01,-0.252,0.649,-0.718,44.2,4247,0.006,1114,0.017,5,0.12,0.14,0.12,3,1.33,8.93,11.13,3,1.36,8.91,10.96,0.30,0.30,0.30,1.29,9.16,10.96,0.1,0
fix,33341,1,1,1.18,9.19,10.79,1.18,9.19,10.79,-0.244,0.613,-0.752,41.3,4132,0.011,1076,0.032,6,0.23,0.26,0.23,2,1.13,9.22,10.76,3,1.20,9.17,10.79,0.30,0.30,0.30,1.28,9.14,10.79,0.1,0
fix,33391,1,1,1.12,9.24,10.86,1.12,9.24,10.86,-0.256,0.621,-0.741,42.2,4142,0.006,1357,0.019,5,0.13,0.15,0.13,2,1.21,9.15,10.84,3,1.03,9.36,10.93,0.30,0.30,0.30,1.15,9.21,10.93,0.1,0
fix,33442,1,1,1.00,9.38,10.98,1.00,9.38,10.98,-0.246,0.602,-0.760,40.6,4453,0.007,1104,0.020,6,0.14,0.16,0.14,2,0.98,9.50,10.98,3,0.95,9.41,11.02,0.30,0.30,0.30,1.12,9.17,11.02,0.2,0
fix,33490,1,1,1.27,9.08,10.69,1.27,9.08,10.69,-0.255,0.621,-0.741,42.2,3988,0.006,1369,0.019,6,0.13,0.16,0.13,2,1.34,9.02,10.68,3,1.29,9.13,10.59,0.30,0.30,0.30,1.13,9.20,10.59,0.1,0
fix,33540,1,1,1.13,9.20,10.86,1.13,9.20,10.86,-0.246,0.613,-0.750,41.4,4276,0.007,1466,0.021,6,0.15,0.17,0.15,2,1.12,9.28,10.90,3,1.13,9.23,10.85,0.30,0.30,0.30,1.16,9.15,10.85,0.3,0
fix,33591,1,1,1.21,9.02,11.13,1.21,9.02,11.13,-0.257,0.648,-0.717,44.2,4324,0.006,1471,0.019,5,0.13,0.15,0.14,3,1.18,9.00,11.21,3,1.27,8.96,11.11,0.30,0.30,0.30,1.17,9.12,11.11,0.3,0
fix,33641,1,1,0.96,9.34,11.06,0.96,9.34,11.06,-0.248,0.610,-0.753,41.1,4452,0.005,1077,0.016,5,0.12,0.13,0.11,3,0.86,9.42,11.09,3,0.97,9.34,11.05,0.30,0.30,0.30,1.16,9.13,11.05,0.2,0
fix,33691,1,1,1.01,9.48,10.76,1.01,9.48,10.76,-0.254,0.607,-0.753,41.1,4195,0.007,1440,0.021,6,0.14,0.17,0.14,2,1.08,9.30,10.81,3,0.98,9.61,10.68,0.30,0.30,0.30,1.02,9.50,10.68,0.4,0
fix,33741,1,1,1.19,9.20,10.82,1.19,9.20,10.82,-0.257,0.615,-0.746,41.8,4144,0.007,1105,0.023,5,0.16,0.18,0.16,3,1.19,9.21,10.80,3,1.21,9.15,10.88,0.30,0.30,0.30,1.09,9.34,10.88,0.2,0
fix,33791,1,1,1.38,9.10,10.71,1.38,9.10,10.71,-0.261,0.607,-0.750,41.4,4046,0.006,1768,0.018,6,0.12,0.14,0.12,2,1.38,9.21,10.62,3,1.48,8.87,10.78,0.30,0.30,0.30,1.19,9.23,10.78,0.1,0
fix,33840,1,1,1.19,9.18,10.87,1.19,9.18,10.87,-0.259,0.633,-0.729,43.2,4114,0.006,1391,0.017,6,0.12,0.14,0.12,1,1.27,8.98,10.90,3,1.10,9.32,10.86,0.30,0.30,0.30,1.16,9.29,10.86,0.4,0
fix,33891,1,1,1.16,9.30,10.59,1.16,9.30,10.59,-0.258,0.598,-0.759,40.6,4065,0.007,1056,0.021,5,0.14,0.17,0.14,2,1.10,9.28,10.63,3,1.19,9.29,10.52,0.30,0.30,0.30,1.19,9.29,10.52,0.3,0
fix,33946,1,1,1.17,9.31,10.72,1.17,9.31,10.72,-0.248,0.610,-0.753,41.2,4134,0.007,1956,0.021,6,0.14,0.17,0.14,2,1.18,9.23,10.74,3,1.20,9.45,10.58,0.30,0.30,0.30,1.17,9.30,10.58,0.2,0
fix,33993,1,1,1.03,9.23,10.89,1.03,9.23,10.89,-0.245,0.602,-0.760,40.5,4254,0.007,1570,0.021,6,0.15,0.17,0.15,2,0.96,9.39,10.85,3,1.09,9.07,10.97,0.30,0.30,0.30,1.16,9.20,10.97,0.1,0
fix,34041,1,1,1.23,9.23,10.81,1.23,9.23,10.81,-0.255,0.622,-0.740,42.3,4159,0.006,1128,0.018,5,0.13,0.15,0.13,3,1.24,9.15,10.85,3,1.28,9.22,10.73,0.30,0.30,0.30,1.14,9.28,10.73,0.1,0
fix,34090,1,1,1.06,9.60,10.70,1.06,9.60,10.70,-0.252,0.571,-0.781,38.6,4275,0.005,1134,0.015,6,0.11,0.12,0.10,2,1.04,9.68,10.61,3,1.08,9.56,10.76,0.30,0.30,0.30,1.13,9.38,10.76,0.3,0
fix,34140,1,1,1.08,9.47,10.72,1.08,9.47,10.72,-0.252,0.588,-0.769,39.8,4211,0.008,1427,0.024,6,0.17,0.20,0.17,2,1.11,9.45,10.66,3,1.08,9.38,10.83,0.30,0.30,0.30,1.09,9.49,10.83,0.5,0
fix,34191,1,1,1.30,9.14,10.55,1.30,9.14,10.55,-0.268,0.619,-0.738,42.4,3844,0.008,1461,0.023,5,0.15,0.19,0.16,3,1.38,8.92,10.51,3,1.18,9.39,10.62,0.30,0.30,0.30,1.15,9.40,10.62,0.6,0
fix,34240,1,1,1.20,9.10,10.91,1.20,9.10,10.91,-0.250,0.636,-0.730,43.1,4202,0.006,1395,0.020,5,0.14,0.16,0.14,3,1.17,9.02,11.01,3,1.21,9.17,10.93,0.30,0.30,0.30,1.21,9.28,10.93,0.2,0
fix,34290,1,1,1.05,9.46,10.80,1.05,9.46,10.80,-0.257,0.607,-0.752,41.2,4244,0.004,1612,0.011,6,0.09,0.11,0.09,2,1.13,9.31,10.85,3,0.96,9.77,10.72,0.30,0.30,0.30,1.13,9.33,10.72,0.3,0
fix,34341,1,1,1.35,9.30,10.64,1.35,9.30,10.64,-0.262,0.602,-0.755,41.0,4086,0.005,1110,0.016,5,0.11,0.13,0.11,3,1.37,9.30,10.64,3,1.34,9.39,10.63,0.30,0.30,0.30,1.20,9.30,10.63,0.2,0
fix,34390,1,1,1.06,9.14,10.91,1.06,9.14,10.91,-0.252,0.620,-0.743,42.0,4307,0.005,1459,0.014,5,0.10,0.12,0.10,3,0.96,9.27,11.04,3,1.06,8.97,10.85,0.30,0.30,0.30,1.23,9.15,10.85,0.1,0
fix,34440,1,1,1.11,9.32,10.92,1.11,9.32,10.92,-0.256,0.614,-0.747,41.7,4274,0.006,1081,0.018,5,0.12,0.14,0.12,3,1.11,9.27,10.91,3,1.10,9.31,10.95,0.30,0.30,0.30,1.20,9.26,10.95,0.1,0
fix,34491,1,1,1.11,9.48,10.87,1.11,9.48,10.87,-0.257,0.598,-0.759,40.6,4204,0.008,1418,0.025,5,0.17,0.20,0.17,3,1.17,9.46,10.76,3,1.01,9.60,11.07,0.30,0.30,0.30,1.15,9.32,11.07,0.4,0
fix,34540,1,1,1.29,8.95,10.71,1.29,8.95,10.71,-0.253,0.635,-0.730,43.1,3855,0.007,1098,0.020,6,0.14,0.16,0.14,1,1.34,8.79,10.64,3,1.34,8.92,10.70,0.30,0.30,0.30,1.16,9.31,10.70,0.4,0
fix,34590,1,1,1.09,9.08,10.99,1.09,9.08,10.99,-0.261,0.625,-0.736,42.6,4255,0.010,1092,0.030,6,0.21,0.24,0.21,2,1.07,9.18,11.00,3,1.11,8.96,11.06,0.30,0.30,0.30,1.15,9.09,11.06,0.2,0
fix,34641,1,1,1.18,9.00,11.05,1.18,9.00,11.05,-0.260,0.642,-0.722,43.8,4243,0.008,1050,0.023,6,0.16,0.18,0.16,2,1.19,8.99,11.07,3,1.19,8.96,11.10,0.30,0.30,0.30,1.15,9.08,11.10,0.1,0
fix,34690,1,1,1.19,9.12,10.89,1.19,9.12,10.89,-0.254,0.607,-0.753,41.1,4294,0.007,1387,0.021,5,0.15,0.17,0.14,3,1.09,9.35,10.88,3,1.38,8.90,10.85,0.30,0.30,0.30,1.16,8.94,10.85,0.2,0
fix,34740,1,1,0.90,9.17,11.30,0.90,9.17,11.30,-0.244,0.643,-0.726,43.5,4532,0.008,1060,0.025,6,0.19,0.21,0.18,2,0.87,9.16,11.38,3,0.90,9.10,11.35,0.30,0.30,0.30,1.07,9.10,11.35,0.2,0
fix,34794,1,1,1.11,9.22,10.99,1.11,9.22,10.99,-0.247,0.612,-0.752,41.3,4249,0.007,1271,0.021,6,0.15,0.17,0.15,2,1.14,9.34,10.91,3,1.09,9.15,11.05,0.30,0.30,0.30,1.07,9.10,11.05,0.2,0
fix,34842,1,1,1.08,9.12,10.97,1.08,9.12,10.97,-0.251,0.626,-0.739,42.4,4238,0.007,1254,0.021,5,0.15,0.17,0.15,3,1.08,9.16,10.96,3,1.06,9.07,11.03,0.30,0.30,0.30,1.08,9.12,11.03,0.1,0
fix,34892,1,1,1.11,9.16,10.89,1.11,9.16,10.89,-0.250,0.617,-0.746,41.8,4207,0.005,1291,0.016,5,0.11,0.13,0.11,3,1.14,9.21,10.87,3,1.05,9.13,10.92,0.30,0.30,0.30,1.09,9.11,10.92,0.2,0
fix,34941,1,1,1.05,9.31,10.99,1.05,9.31,10.99,-0.241,0.614,-0.752,41.3,4392,0.006,1521,0.017,5,0.12,0.14,0.12,3,0.90,9.42,11.04,3,1.14,9.22,11.00,0.30,0.30,0.30,1.15,9.15,11.00,0.2,0
fix,34991,1,1,1.17,9.14,10.87,1.17,9.14,10.87,-0.241,0.629,-0.739,42.3,4180,0.004,1272,0.011,6,0.09,0.11,0.09,2,1.20,9.10,10.91,3,1.15,9.17,10.80,0.30,0.30,0.30,1.13,9.18,10.80,0.1,0
fix,35039,1,1,1.03,9.10,11.10,1.03,9.10,11.10,-0.253,0.639,-0.726,43.4,4288,0.007,1236,0.020,6,0.14,0.16,0.14,2,1.10,9.03,11.11,3,0.92,9.13,11.15,0.30,0.30,0.30,1.07,9.19,11.15,0.3,0
fix,35089,1,1,0.99,9.31,10.72,0.99,9.31,10.72,-0.257,0.594,-0.762,40.3,4106,0.008,1264,0.023,6,0.16,0.19,0.16,2,1.02,9.30,10.64,3,0.98,9.30,10.73,0.30,0.30,0.30,1.02,9.25,10.73,0.4,0
fix,35142,1,1,1.12,9.26,10.83,1.12,9.26,10.83,-0.257,0.617,-0.744,41.9,4140,0.006,1278,0.019,6,0.13,0.15,0.13,2,1.13,9.20,10.84,3,1.13,9.23,10.90,0.30,0.30,0.30,1.05,9.33,10.90,0.2,0
fix,35191,1,1,1.18,9.14,10.84,1.18,9.14,10.84,-0.255,0.638,-0.727,43.4,4093,0.005,1506,0.015,6,0.11,0.12,0.11,1,1.21,8.94,10.89,3,1.19,9.28,10.77,0.30,0.30,0.30,1.07,9.34,10.77,0.6,0
fix,35240,1,1,1.14,8.90,10.99,1.14,8.90,10.99,-0.249,0.651,-0.717,44.2,4177,0.006,1138,0.019,5,0.14,0.15,0.14,2,1.13,8.86,11.08,3,1.13,8.87,11.00,0.30,0.30,0.30,1.12,9.14,11.00,0.3,0
fix,35291,1,1,1.23,9.20,10.71,1.23,9.20,10.71,-0.256,0.605,-0.754,41.1,4107,0.006,1104,0.017,5,0.12,0.14,0.12,3,1.19,9.26,10.68,3,1.24,9.19,10.77,0.30,0.30,0.30,1.21,9.11,10.77,0.1,0
fix,35342,1,1,1.16,9.17,10.80,1.16,9.17,10.80,-0.259,0.613,-0.747,41.7,4149,0.006,1070,0.018,6,0.13,0.14,0.12,2,1.09,9.21,10.78,3,1.20,9.05,10.84,0.30,0.30,0.30,1.24,9.15,10.84,0.2,0
fix,35394,1,1,1.19,9.05,11.08,1.19,9.05,11.08,-0.249,0.641,-0.726,43.5,4216,0.007,1217,0.021,6,0.14,0.16,0.15,2,1.24,8.98,11.04,3,1.16,9.09,11.18,0.30,0.30,0.30,1.19,9.15,11.18,0.2,0
fix,35442,1,1,1.28,9.19,10.67,1.28,9.19,10.67,-0.255,0.594,-0.763,40.3,4121,0.005,1552,0.014,5,0.09,0.11,0.10,3,1.27,9.38,10.60,3,1.27,9.16,10.68,0.30,0.30,0.30,1.24,9.02,10.68,0.2,0
fix,35489,1,1,1.34,9.26,10.68,1.34,9.26,10.68,-0.260,0.609,-0.749,41.5,4120,0.006,1249,0.018,6,0.12,0.14,0.12,2,1.35,9.27,10.70,3,1.34,9.20,10.70,0.30,0.30,0.30,1.27,9.14,10.70,0.2,0
fix,35541,1,1,1.18,9.06,10.84,1.18,9.06,10.84,-0.253,0.625,-0.738,42.4,4135,0.006,1309,0.017,6,0.12,0.14,0.12,2,1.12,9.10,10.86,3,1.22,8.90,10.87,0.30,0.30,0.30,1.27,9.16,10.87,0.1,0
fix,35590,1,1,1.23,9.26,10.83,1.23,9.26,10.83,-0.247,0.618,-0.747,41.7,4223,0.007,1260,0.020,5,0.14,0.16,0.14,2,1.25,9.24,10.89,3,1.21,9.28,10.82,0.30,0.30,0.30,1.25,9.20,10.82,0.1,0
fix,35642,1,1,1.13,9.00,10.98,1.13,9.00,10.98,-0.252,0.640,-0.726,43.5,4157,0.009,1836,0.027,7,0.19,0.22,0.19,1,1.07,8.96,10.99,3,1.17,8.95,10.92,0.30,0.30,0.30,1.23,9.18,10.92,0.3,0
fix,35692,1,1,1.14,9.31,10.84,1.14,9.31,10.84,-0.258,0.609,-0.750,41.4,4272,0.004,1139,0.014,5,0.09,0.11,0.09,2,1.15,9.38,10.86,3,1.15,9.35,10.82,0.30,0.30,0.30,1.17,9.16,10.82,0.1,0
fix,35741,1,1,1.13,9.27,10.80,1.13,9.27,10.80,-0.257,0.613,-0.747,41.6,4168,0.009,1090,0.027,7,0.19,0.22,0.19,1,1.12,9.24,10.79,3,1.14,9.26,10.77,0.30,0.30,0.30,1.16,9.22,10.77,0.2,0
fix,35789,1,1,1.17,9.41,10.76,1.17,9.41,10.76,-0.255,0.599,-0.759,40.6,4240,0.006,1115,0.019,5,0.13,0.15,0.13,3,1.24,9.46,10.78,3,1.07,9.36,10.77,0.30,0.30,0.30,1.15,9.29,10.77,0.2,0
fix,35840,1,1,1.27,9.13,10.73,1.27,9.13,10.73,-0.265,0.619,-0.739,42.3,4026,0.007,1363,0.022,5,0.15,0.18,0.15,3,1.32,9.05,10.67,3,1.24,9.08,10.80,0.30,0.30,0.30,1.18,9.31,10.80,0.2,0
fix,35889,1,1,1.12,9.15,11.02,1.12,9.15,11.02,-0.254,0.629,-0.735,42.7,4345,0.006,1270,0.018,6,0.13,0.14,0.13,2,1.07,9.18,11.08,3,1.10,9.16,11.04,0.30,0.30,0.30,1.20,9.21,11.04,0.2,0
fix,35940,1,1,1.19,9.20,10.71,1.19,9.20,10.71,-0.258,0.601,-0.756,40.9,4076,0.005,1079,0.016,6,0.11,0.13,0.11,2,1.18,9.27,10.62,3,1.25,9.10,10.70,0.30,0.30,0.30,1.17,9.18,10.70,0.1,0
fix,35988,1,1,1.05,9.28,10.96,1.05,9.28,10.96,-0.247,0.619,-0.746,41.8,4397,0.004,1078,0.012,6,0.09,0.11,0.09,2,0.97,9.33,11.09,3,1.13,9.14,10.91,0.30,0.30,0.30,1.16,9.24,10.91,0.0,0
fix,36041,1,1,1.24,9.19,10.79,1.24,9.19,10.79,-0.261,0.608,-0.750,41.4,4133,0.005,1042,0.016,6,0.11,0.13,0.11,2,1.31,9.27,10.73,3,1.22,9.03,10.85,0.30,0.30,0.30,1.12,9.21,10.85,0.1,0
fix,36091,1,1,-0.16,9.12,11.08,-0.16,9.12,11.08,-0.251,0.612,-0.750,41.4,4333,0.007,2063,0.022,5,0.16,0.18,0.15,3,0.96,9.37,10.97,3,0.90,8.80,11.40,0.72,0.50,0.37,1.17,9.14,11.40,2.0,0
fix,36140,1,1,1.00,9.27,10.98,1.00,9.27,10.98,-0.271,0.614,-0.741,42.2,4182,0.007,1393,0.023,6,0.16,0.18,0.16,1,1.07,9.22,10.87,3,0.96,9.33,11.17,0.30,0.30,0.30,1.12,9.21,11.17,0.2,0
fix,36190,1,1,1.26,9.12,10.60,1.26,9.12,10.60,-0.266,0.613,-0.744,42.0,3987,0.007,1414,0.021,5,0.14,0.17,0.15,3,1.29,9.08,10.66,3,1.31,9.06,10.49,0.30,0.30,0.30,1.13,9.21,10.49,0.4,0
fix,36240,1,1,1.04,9.33,10.63,1.04,9.33,10.63,-0.255,0.591,-0.765,40.1,4033,0.009,1032,0.026,7,0.18,0.21,0.18,1,1.10,9.32,10.53,3,0.92,9.47,10.66,0.30,0.30,0.30,1.10,9.21,10.66,0.3,0
fix,36293,1,1,1.22,9.14,10.93,1.22,9.14,10.93,-0.263,0.627,-0.734,42.8,4222,0.007,1548,0.021,6,0.14,0.17,0.14,1,1.27,9.11,10.91,3,1.17,9.24,10.99,0.30,0.30,0.30,1.12,9.18,10.99,0.3,0
fix,36342,1,1,1.07,9.34,10.84,1.07,9.34,10.84,-0.255,0.600,-0.758,40.7,4269,0.005,1261,0.016,6,0.11,0.13,0.11,1,1.06,9.43,10.85,3,1.03,9.33,10.87,0.30,0.30,0.30,1.13,9.19,10.87,0.1,0
fix,36393,1,1,1.25,8.99,11.00,1.25,8.99,11.00,-0.257,0.650,-0.715,44.3,4163,0.006,1262,0.019,6,0.13,0.15,0.13,2,1.24,8.88,11.05,3,1.33,8.97,10.99,0.30,0.30,0.30,1.16,9.21,10.99,0.1,0
fix,36442,1,1,1.05,9.30,10.71,1.05,9.30,10.71,-0.254,0.592,-0.765,40.1,4165,0.006,1256,0.019,5,0.13,0.16,0.13,3,1.03,9.42,10.66,3,1.04,9.31,10.61,0.30,0.30,0.30,1.15,9.12,10.61,0.2,0
fix,36490,1,1,1.40,8.86,10.63,1.40,8.86,10.63,-0.263,0.644,-0.719,44.0,3761,0.010,1747,0.031,5,0.21,0.25,0.22,3,1.54,8.68,10.56,3,1.44,8.81,10.57,0.30,0.30,0.30,1.11,9.20,10.57,1.0,0
fix,36539,1,1,1.22,9.11,10.82,1.22,9.11,10.82,-0.252,0.622,-0.742,42.1,4156,0.006,1239,0.018,5,0.13,0.15,0.13,2,1.23,9.15,10.84,3,1.22,9.09,10.85,0.30,0.30,0.30,1.18,9.09,10.85,0.3,0
fix,36592,1,1,1.21,8.92,10.72,1.21,8.92,10.72,-0.254,0.630,-0.734,42.8,3915,0.007,1647,0.021,6,0.15,0.17,0.15,2,1.25,8.84,10.67,3,1.13,8.94,10.77,0.30,0.30,0.30,1.19,9.08,10.77,0.1,0
fix,36641,1,1,1.14,9.12,10.73,1.14,9.12,10.73,-0.256,0.609,-0.751,41.3,4018,0.006,1571,0.018,6,0.13,0.15,0.13,1,1.17,9.17,10.65,3,1.10,9.04,10.82,0.30,0.30,0.30,1.18,9.07,10.82,0.2,0
fix,36690,1,1,1.17,9.08,10.98,1.17,9.08,10.98,-0.248,0.631,-0.735,42.7,4373,0.007,1742,0.021,6,0.15,0.17,0.14,2,1.08,9.15,11.10,3,1.21,8.94,10.96,0.30,0.30,0.30,1.22,9.07,10.96,0.4,0
fix,36739,1,1,1.35,8.95,10.79,1.35,8.95,10.79,-0.255,0.619,-0.743,42.0,4043,0.007,1565,0.020,6,0.14,0.16,0.14,2,1.33,9.10,10.73,3,1.49,8.63,10.80,0.30,0.30,0.30,1.24,9.01,10.80,0.3,0
fix,36792,1,1,1.26,8.80,10.97,1.26,8.80,10.97,-0.248,0.654,-0.714,44.4,4046,0.009,1247,0.027,5,0.19,0.21,0.19,3,1.31,8.75,10.97,3,1.21,8.69,10.98,0.30,0.30,0.30,1.24,9.00,10.98,0.4,0
fix,36842,1,1,1.06,9.33,11.03,1.06,9.33,11.03,-0.251,0.621,-0.742,42.1,4450,0.009,1582,0.026,5,0.18,0.21,0.18,3,0.98,9.33,11.16,3,1.05,9.58,10.94,0.30,0.30,0.30,1.24,9.02,10.94,0.2,0
fix,36890,1,1,1.13,9.22,10.81,1.13,9.22,10.81,-0.252,0.611,-0.751,41.4,4105,0.007,1063,0.022,5,0.15,0.18,0.15,3,1.14,9.19,10.74,3,1.15,9.22,10.84,0.30,0.30,0.30,1.16,9.15,10.84,0.2,0
fix,36940,1,1,1.18,9.29,10.89,1.18,9.29,10.89,-0.250,0.614,-0.749,41.5,4313,0.006,1099,0.018,5,0.12,0.14,0.12,3,1.14,9.32,10.95,3,1.21,9.26,10.85,0.30,0.30,0.30,1.18,9.22,10.85,0.2,0
fix,36990,1,1,1.03,9.31,10.83,1.03,9.31,10.83,-0.249,0.583,-0.774,39.3,4265,0.008,1408,0.024,6,0.17,0.20,0.16,2,0.95,9.55,10.69,3,1.05,9.05,11.01,0.30,0.30,0.30,1.17,9.17,11.01,0.2,0
fix,37040,1,1,1.27,9.25,10.84,1.27,9.25,10.84,-0.253,0.623,-0.740,42.3,4178,0.005,1077,0.017,5,0.11,0.13,0.11,2,1.32,9.17,10.89,3,1.34,9.13,10.85,0.30,0.30,0.30,1.11,9.42,10.85,0.0,0
fix,37090,1,1,1.17,9.12,10.93,1.17,9.12,10.93,-0.256,0.628,-0.735,42.7,4128,0.006,1390,0.018,5,0.13,0.15,0.13,3,1.23,9.06,10.87,3,1.08,9.07,11.01,0.30,0.30,0.30,1.12,9.33,11.01,0.2,0
fix,37141,1,1,1.06,9.35,10.93,1.06,9.35,10.93,-0.248,0.603,-0.758,40.7,4325,0.005,1069,0.016,6,0.11,0.13,0.11,1,1.00,9.42,10.87,3,1.10,9.28,10.97,0.30,0.30,0.30,1.14,9.29,10.97,0.1,0
fix,37190,1,1,1.07,9.39,10.79,1.07,9.39,10.79,-0.254,0.591,-0.765,40.1,4254,0.005,1061,0.015,5,0.11,0.12,0.10,3,1.01,9.44,10.72,3,1.11,9.36,10.89,0.30,0.30,0.30,1.13,9.31,10.89,0.2,0
fix,37240,1,1,1.20,9.12,10.79,1.20,9.12,10.79,-0.252,0.616,-0.746,41.7,4132,0.008,1049,0.025,6,0.18,0.20,0.18,2,1.19,9.16,10.80,3,1.23,9.02,10.81,0.30,0.30,0.30,1.15,9.23,10.81,0.2,0
fix,37291,1,1,1.14,9.35,10.83,1.14,9.35,10.83,-0.262,0.599,-0.757,40.8,4295,0.009,1490,0.027,5,0.19,0.22,0.19,3,1.12,9.42,10.86,3,1.18,9.33,10.74,0.30,0.30,0.30,1.14,9.24,10.74,0.3,0
fix,37341,1,1,1.14,8.98,10.95,1.14,8.98,10.95,-0.255,0.633,-0.731,43.0,4102,0.006,1069,0.018,5,0.13,0.14,0.13,3,1.17,8.97,10.89,3,1.12,8.83,11.08,0.30,0.30,0.30,1.14,9.17,11.08,0.3,0
fix,37390,1,1,1.34,8.91,10.66,1.34,8.91,10.66,-0.264,0.628,-0.732,43.0,3958,0.005,1077,0.014,5,0.09,0.11,0.10,2,1.30,8.92,10.66,3,1.42,8.84,10.62,0.30,0.30,0.30,1.23,9.02,10.62,0.2,0
fix,37440,1,1,1.22,9.20,10.73,1.22,9.20,10.73,-0.256,0.617,-0.744,41.9,4015,0.007,1776,0.020,5,0.14,0.16,0.14,2,1.28,9.08,10.68,3,1.19,9.26,10.78,0.30,0.30,0.30,1.19,9.16,10.78,0.5,0
fix,37494,1,1,1.32,9.17,10.69,1.32,9.17,10.69,-0.256,0.604,-0.755,41.0,4159,0.008,1538,0.023,5,0.16,0.19,0.16,3,1.23,9.27,10.73,3,1.44,9.13,10.62,0.30,0.30,0.30,1.30,9.09,10.62,0.4,0
fix,37543,1,1,1.07,9.20,10.99,1.07,9.20,10.99,-0.251,0.621,-0.742,42.1,4229,0.007,1618,0.021,5,0.15,0.17,0.15,3,1.15,9.20,10.95,3,0.92,9.22,11.09,0.30,0.30,0.30,1.20,9.14,11.09,0.2,0
fix,37590,1,1,1.18,9.00,10.82,1.18,9.00,10.82,-0.256,0.635,-0.729,43.2,4132,0.006,1555,0.018,5,0.12,0.14,0.13,3,1.17,8.96,10.90,3,1.19,9.07,10.64,0.30,0.30,0.30,1.20,9.11,10.64,0.2,0
fix,37644,1,1,1.18,9.19,10.85,1.18,9.19,10.85,-0.253,0.619,-0.743,42.0,4197,0.006,1566,0.019,6,0.14,0.16,0.14,2,1.10,9.19,10.90,3,1.26,9.22,10.75,0.30,0.30,0.30,1.21,9.12,10.75,0.2,0
fix,37692,1,1,0.97,9.45,11.03,0.97,9.45,11.03,-0.250,0.604,-0.757,40.8,4438,0.007,1308,0.021,5,0.15,0.17,0.15,3,0.95,9.48,11.03,3,0.92,9.48,11.01,0.30,0.30,0.30,1.12,9.24,11.01,0.3,0
fix,37741,1,1,1.09,9.39,10.88,1.09,9.39,10.88,-0.254,0.600,-0.759,40.6,4257,0.007,1113,0.022,7,0.15,0.18,0.15,1,1.11,9.43,10.86,3,1.04,9.35,10.89,0.30,0.30,0.30,1.09,9.32,10.89,0.1,0
fix,37790,1,1,1.12,9.22,10.86,1.12,9.22,10.86,-0.256,0.605,-0.754,41.0,4219,0.006,1512,0.019,7,0.13,0.15,0.13,1,1.08,9.34,10.78,3,1.17,9.01,10.95,0.30,0.30,0.30,1.11,9.29,10.95,0.1,0
fix,37841,1,1,1.29,9.10,10.85,1.29,9.10,10.85,-0.263,0.624,-0.736,42.6,4203,0.007,1449,0.021,6,0.15,0.17,0.15,2,1.20,9.13,10.93,3,1.40,8.96,10.88,0.30,0.30,0.30,1.20,9.25,10.88,0.6,0
fix,37890,1,1,1.29,9.13,10.78,1.29,9.13,10.78,-0.258,0.624,-0.738,42.5,4027,0.008,1419,0.024,5,0.16,0.19,0.17,2,1.37,9.06,10.71,3,1.22,9.22,10.87,0.30,0.30,0.30,1.20,9.22,10.87,0.0,0
fix,37940,1,1,1.18,9.09,10.83,1.18,9.09,10.83,-0.252,0.620,-0.743,42.0,4077,0.007,1066,0.021,7,0.15,0.17,0.15,1,1.20,9.10,10.77,3,1.13,9.10,10.84,0.30,0.30,0.30,1.21,9.12,10.84,0.1,0
fix,37994,1,1,1.10,9.57,10.68,1.10,9.57,10.68,-0.260,0.583,-0.770,39.7,4290,0.005,1283,0.015,5,0.10,0.12,0.10,2,1.12,9.60,10.70,3,1.09,9.65,10.65,0.30,0.30,0.30,1.18,9.28,10.65,0.2,0
fix,38042,1,1,1.49,8.73,10.62,1.49,8.73,10.62,-0.261,0.652,-0.712,44.6,3720,0.006,1259,0.019,5,0.12,0.15,0.13,3,1.59,8.53,10.55,3,1.56,8.62,10.57,0.30,0.30,0.30,1.22,9.24,10.57,0.4,0
fix,38093,1,1,1.10,9.06,10.81,1.10,9.06,10.81,-0.245,0.620,-0.745,41.8,4090,0.008,1575,0.025,5,0.18,0.20,0.17,3,1.12,9.09,10.77,3,0.98,9.11,10.88,0.30,0.30,0.30,1.26,9.04,10.88,0.2,0
fix,38142,1,1,1.23,9.15,10.80,1.23,9.15,10.80,-0.254,0.628,-0.736,42.6,4133,0.009,1445,0.027,5,0.19,0.22,0.19,3,1.24,9.02,10.88,3,1.20,9.33,10.71,0.30,0.30,0.30,1.24,9.13,10.71,0.1,0
fix,38192,1,1,1.30,9.08,10.69,1.30,9.08,10.69,-0.255,0.618,-0.744,42.0,3970,0.007,1826,0.020,5,0.14,0.16,0.14,2,1.27,9.02,10.63,3,1.36,9.21,10.67,0.30,0.30,0.30,1.26,9.11,10.67,0.2,0
fix,38242,1,1,1.11,9.17,10.85,1.11,9.17,10.85,-0.251,0.610,-0.752,41.3,4117,0.006,1435,0.017,6,0.12,0.14,0.12,2,1.08,9.21,10.77,3,1.08,9.16,10.97,0.30,0.30,0.30,1.23,9.10,10.97,0.2,0
fix,38291,1,1,1.30,9.32,10.48,1.30,9.32,10.48,-0.261,0.585,-0.768,39.8,4011,0.008,1120,0.024,5,0.16,0.19,0.16,3,1.33,9.38,10.42,3,1.31,9.30,10.51,0.30,0.30,0.30,1.22,9.16,10.51,0.1,0
fix,38340,1,1,1.27,9.26,10.71,1.27,9.26,10.71,-0.259,0.612,-0.747,41.6,4104,0.007,1092,0.022,6,0.15,0.18,0.15,1,1.29,9.23,10.74,3,1.30,9.23,10.71,0.30,0.30,0.30,1.22,9.27,10.71,0.1,0
fix,38391,1,1,1.15,9.42,10.63,1.15,9.42,10.63,-0.255,0.588,-0.768,39.9,4154,0.006,1082,0.020,6,0.13,0.16,0.13,2,1.14,9.47,10.64,3,1.13,9.48,10.53,0.30,0.30,0.30,1.21,9.28,10.53,0.2,0
fix,38441,1,1,1.12,9.32,10.69,1.12,9.32,10.69,-0.244,0.595,-0.766,40.0,4208,0.007,1368,0.021,5,0.15,0.17,0.15,3,0.96,9.37,10.72,3,1.29,9.24,10.65,0.30,0.30,0.30,1.22,9.29,10.65,0.3,0
fix,38491,1,1,1.13,9.42,10.82,1.13,9.42,10.82,-0.264,0.603,-0.753,41.1,4223,0.005,1547,0.016,5,0.11,0.13,0.11,3,1.15,9.39,10.80,3,1.13,9.49,10.86,0.30,0.30,0.30,1.14,9.36,10.86,0.2,0
fix,38540,1,1,1.17,9.45,10.87,1.17,9.45,10.87,-0.250,0.614,-0.748,41.5,4340,0.009,1064,0.026,6,0.18,0.21,0.18,2,1.23,9.37,10.94,3,1.15,9.52,10.79,0.30,0.30,0.30,1.11,9.47,10.79,0.3,0
fix,38594,1,1,1.04,9.37,10.70,1.04,9.37,10.70,-0.254,0.596,-0.762,40.4,4142,0.006,1277,0.018,5,0.13,0.15,0.13,3,1.01,9.42,10.70,3,0.96,9.42,10.72,0.30,0.30,0.30,1.13,9.37,10.72,0.4,0
fix,38643,1,1,1.27,9.57,10.59,1.27,9.57,10.59,-0.261,0.581,-0.771,39.5,4250,0.007,1259,0.022,6,0.15,0.18,0.15,2,1.23,9.63,10.67,3,1.30,9.61,10.50,0.30,0.30,0.30,1.18,9.40,10.50,0.3,0
fix,38690,1,1,1.25,9.20,10.63,1.25,9.20,10.63,-0.263,0.606,-0.750,41.4,3984,0.005,1147,0.015,5,0.11,0.13,0.11,2,1.28,9.16,10.56,3,1.23,9.14,10.68,0.30,0.30,0.30,1.20,9.39,10.68,0.2,0
fix,38741,1,1,1.13,9.51,10.78,1.13,9.51,10.78,-0.254,0.592,-0.765,40.1,4316,0.006,1294,0.018,5,0.12,0.14,0.12,3,1.14,9.55,10.80,3,1.18,9.41,10.83,0.30,0.30,0.30,1.16,9.42,10.83,0.3,0
fix,38790,1,1,1.15,9.32,10.60,1.15,9.32,10.60,-0.257,0.595,-0.761,40.4,3990,0.008,1548,0.024,5,0.17,0.20,0.17,3,1.22,9.23,10.50,3,1.08,9.33,10.72,0.30,0.30,0.30,1.13,9.45,10.72,0.2,0
fix,38839,1,1,1.35,8.95,10.65,1.35,8.95,10.65,-0.262,0.636,-0.726,43.4,3924,0.010,1106,0.030,5,0.23,0.27,0.24,2,1.40,8.86,10.69,3,1.34,8.89,10.68,0.30,0.30,0.30,1.18,9.28,10.68,0.1,0
fix,38892,1,1,1.26,9.25,10.60,1.26,9.25,10.60,-0.276,0.586,-0.762,40.4,3999,0.008,1283,0.025,6,0.16,0.20,0.17,2,1.25,9.31,10.46,3,1.32,9.20,10.59,0.30,0.30,0.30,1.21,9.21,10.59,0.3,0
fix,38941,1,1,1.11,9.22,10.78,1.11,9.22,10.78,-0.259,0.614,-0.745,41.8,4184,0.006,1273,0.018,5,0.12,0.14,0.12,3,1.13,9.19,10.83,3,1.08,9.18,10.79,0.30,0.30,0.30,1.18,9.25,10.79,0.1,0
fix,38991,1,1,1.14,9.30,10.98,1.14,9.30,10.98,-0.252,0.627,-0.737,42.5,4343,0.008,1135,0.024,6,0.17,0.19,0.17,1,1.18,9.27,11.07,3,1.05,9.38,10.98,0.30,0.30,0.30,1.16,9.27,10.98,0.4,0
fix,39040,1,1,0.56,8.96,10.87,0.56,8.96,10.87,-0.261,0.642,-0.721,43.9,4154,0.006,1397,0.018,5,0.12,0.14,0.13,3,1.24,8.91,10.95,3,1.18,9.07,10.85,0.30,0.30,0.30,1.17,9.24,10.85,0.3,0
fix,39090,1,1,1.06,9.45,10.74,1.06,9.45,10.74,-0.249,0.589,-0.769,39.7,4410,0.009,1379,0.026,7,0.18,0.21,0.18,0,0.96,9.59,10.86,3,1.16,9.46,10.57,0.30,0.30,0.30,1.19,9.20,10.57,0.2,0
fix,39143,1,1,1.28,9.27,10.76,1.28,9.27,10.76,-0.256,0.604,-0.755,41.0,4102,0.005,1656,0.016,6,0.11,0.13,0.11,2,1.31,9.31,10.67,3,1.36,9.15,10.80,0.30,0.30,0.30,1.17,9.25,10.80,0.1,0
fix,39191,1,1,1.16,9.27,10.78,1.16,9.27,10.78,-0.253,0.609,-0.752,41.2,4241,0.005,1411,0.016,5,0.11,0.13,0.11,3,1.09,9.30,10.86,3,1.25,9.16,10.69,0.30,0.30,0.30,1.19,9.28,10.69,0.2,0
fix,39240,1,1,1.16,9.24,10.90,1.16,9.24,10.90,-0.263,0.613,-0.745,41.8,4197,0.007,1090,0.022,5,0.15,0.17,0.15,3,1.19,9.26,10.88,3,1.18,9.18,10.90,0.30,0.30,0.30,1.16,9.28,10.90,0.1,0
fix,39295,1,1,0.96,9.27,10.87,0.96,9.27,10.87,-0.260,0.606,-0.752,41.3,4289,0.009,1575,0.027,6,0.20,0.22,0.19,1,0.86,9.33,10.92,3,1.00,9.20,10.91,0.30,0.30,0.30,1.15,9.26,10.91,0.2,0
fix,39344,1,1,1.17,9.23,10.93,1.17,9.23,10.93,-0.256,0.627,-0.735,42.7,4219,0.010,1256,0.031,6,0.21,0.25,0.22,1,1.21,9.18,10.98,3,1.25,9.17,10.91,0.30,0.30,0.30,1.08,9.30,10.91,0.4,0
fix,39393,1,1,1.21,9.09,10.93,1.21,9.09,10.93,-0.247,0.630,-0.736,42.6,4170,0.009,1284,0.027,6,0.19,0.22,0.19,1,1.25,9.06,10.94,3,1.25,8.99,10.85,0.30,0.30,0.30,1.10,9.27,10.85,0.1,0
fix,39440,1,1,1.08,9.20,10.89,1.08,9.20,10.89,-0.257,0.622,-0.739,42.3,4114,0.008,1533,0.024,7,0.17,0.20,0.17,1,1.13,9.11,10.84,3,1.03,9.28,10.92,0.30,0.30,0.30,1.09,9.25,10.92,0.3,0
fix,39491,1,1,1.08,9.01,10.98,1.08,9.01,10.98,-0.244,0.647,-0.722,43.7,4292,0.007,1577,0.023,6,0.17,0.18,0.16,2,1.00,8.92,11.18,3,1.14,9.10,10.82,0.30,0.30,0.30,1.13,9.18,10.82,0.2,0
fix,39540,1,1,1.08,9.28,10.66,1.08,9.28,10.66,-0.258,0.600,-0.757,40.8,4076,0.004,1240,0.011,5,0.09,0.11,0.09,2,1.14,9.25,10.61,3,1.00,9.49,10.55,0.30,0.30,0.30,1.08,9.14,10.55,0.2,0
fix,39589,1,1,1.19,9.12,10.81,1.19,9.12,10.81,-0.255,0.627,-0.736,42.6,4156,0.006,1238,0.019,6,0.13,0.15,0.13,2,1.22,9.11,10.89,3,1.15,9.15,10.79,0.30,0.30,0.30,1.11,9.12,10.79,0.2,0
fix,39642,1,1,1.26,9.04,10.71,1.26,9.04,10.71,-0.259,0.623,-0.738,42.4,4015,0.007,1284,0.021,6,0.14,0.17,0.15,1,1.26,9.03,10.71,3,1.32,8.99,10.63,0.30,0.30,0.30,1.16,9.11,10.63,0.2,0
fix,39691,1,1,1.21,9.30,10.58,1.21,9.30,10.58,-0.256,0.590,-0.766,40.0,4087,0.006,1120,0.018,6,0.12,0.15,0.12,2,1.19,9.36,10.57,3,1.21,9.30,10.55,0.30,0.30,0.30,1.20,9.12,10.55,0.1,0
fix,39741,1,1,1.26,9.16,10.74,1.26,9.16,10.74,-0.261,0.618,-0.741,42.2,4131,0.008,1136,0.023,5,0.16,0.18,0.16,2,1.23,9.15,10.80,3,1.29,9.05,10.84,0.30,0.30,0.30,1.24,9.17,10.84,0.3,0
fix,39791,1,1,1.29,9.01,10.86,1.29,9.01,10.86,-0.242,0.641,-0.728,43.2,4200,0.009,1580,0.026,7,0.18,0.21,0.19,1,1.25,8.99,11.00,3,1.32,9.00,10.77,0.30,0.30,0.30,1.29,9.14,10.77,0.4,0
fix,39841,1,1,1.18,9.03,10.90,1.18,9.03,10.90,-0.255,0.615,-0.746,41.7,4119,0.006,1119,0.019,6,0.13,0.15,0.13,1,1.20,9.17,10.78,3,1.18,8.89,10.93,0.30,0.30,0.30,1.23,8.99,10.93,0.3,0
fix,39890,1,1,1.34,9.12,10.70,1.34,9.12,10.70,-0.264,0.617,-0.742,42.1,4010,0.005,1071,0.017,5,0.11,0.13,0.11,3,1.37,9.10,10.66,3,1.40,9.07,10.63,0.30,0.30,0.30,1.24,9.08,10.63,0.2,0
fix,39941,1,1,1.22,9.33,10.73,1.22,9.33,10.73,-0.255,0.597,-0.760,40.5,4201,0.006,1081,0.019,5,0.13,0.15,0.13,3,1.26,9.43,10.73,3,1.15,9.32,10.73,0.30,0.30,0.30,1.24,9.12,10.73,0.1,0
fix,39991,1,1,1.31,9.11,10.51,1.31,9.11,10.51,-0.261,0.604,-0.753,41.2,3930,0.006,1062,0.020,6,0.13,0.16,0.13,2,1.29,9.13,10.49,3,1.32,9.02,10.55,0.30,0.30,0.30,1.28,9.15,10.55,0.3,0
fix,40040,1,1,1.12,9.39,10.84,1.12,9.39,10.84,-0.256,0.602,-0.756,40.9,4352,0.006,1094,0.017,5,0.12,0.14,0.12,3,1.06,9.46,10.92,3,1.12,9.36,10.92,0.30,0.30,0.30,1.27,9.21,10.92,0.3,0
fix,40094,1,1,1.21,9.20,10.68,1.21,9.20,10.68,-0.257,0.613,-0.747,41.7,4005,0.008,1575,0.024,7,0.16,0.19,0.17,1,1.27,9.09,10.62,3,1.15,9.30,10.70,0.30,0.30,0.30,1.22,9.30,10.70,0.1,0
fix,40143,1,1,1.11,9.27,10.85,1.11,9.27,10.85,-0.259,0.614,-0.746,41.8,4281,0.008,1554,0.024,6,0.17,0.19,0.17,2,1.07,9.29,10.95,3,1.05,9.41,10.84,0.30,0.30,0.30,1.22,9.23,10.84,0.3,0
fix,40191,1,1,1.36,9.09,10.57,1.36,9.09,10.57,-0.262,0.606,-0.751,41.3,3946,0.006,1254,0.019,5,0.13,0.15,0.13,2,1.39,9.12,10.52,3,1.39,9.07,10.55,0.30,0.30,0.30,1.23,9.15,10.55,0.2,0
fix,40239,1,1,1.32,9.04,10.64,1.32,9.04,10.64,-0.253,0.635,-0.730,43.1,3937,0.009,1565,0.029,7,0.20,0.23,0.20,0,1.35,8.85,10.70,3,1.33,9.06,10.67,0.30,0.30,0.30,1.24,9.25,10.67,0.1,0
fix,40291,1,1,1.21,9.15,10.75,1.21,9.15,10.75,-0.253,0.604,-0.756,40.9,4110,0.007,1302,0.021,5,0.14,0.17,0.14,3,1.17,9.28,10.71,3,1.24,9.07,10.78,0.30,0.30,0.30,1.25,9.10,10.78,0.2,0
fix,40340,1,1,1.24,9.06,10.81,1.24,9.06,10.81,-0.254,0.630,-0.734,42.8,4049,0.007,1284,0.020,6,0.14,0.16,0.14,2,1.24,9.00,10.84,3,1.25,9.05,10.80,0.30,0.30,0.30,1.24,9.14,10.80,0.1,0
fix,40392,1,1,1.27,8.99,10.93,1.27,8.99,10.93,-0.248,0.621,-0.743,42.0,4266,0.007,1585,0.020,5,0.14,0.16,0.14,3,1.20,9.22,10.95,3,1.36,8.74,10.96,0.30,0.30,0.30,1.28,8.88,10.96,0.1,0
fix,40442,1,1,1.06,9.35,10.71,1.06,9.35,10.71,-0.256,0.605,-0.754,41.1,4199,0.007,1423,0.021,6,0.15,0.17,0.15,2,1.07,9.27,10.77,3,1.01,9.48,10.61,0.30,0.30,0.30,1.19,9.17,10.61,0.2,0
fix,40491,1,1,1.22,9.26,10.74,1.22,9.26,10.74,-0.255,0.604,-0.755,41.0,4222,0.009,1110,0.029,7,0.20,0.23,0.20,0,1.24,9.36,10.77,3,1.26,9.15,10.73,0.30,0.30,0.30,1.18,9.17,10.73,0.1,0
fix,40541,1,1,1.20,8.88,10.79,1.20,8.88,10.79,-0.255,0.647,-0.719,44.1,3972,0.008,1088,0.024,6,0.17,0.20,0.18,2,1.21,8.73,10.83,3,1.17,8.87,10.79,0.30,0.30,0.30,1.19,9.18,10.79,0.2,0
fix,40591,1,1,1.19,9.09,10.76,1.19,9.09,10.76,-0.249,0.624,-0.741,42.2,4094,0.007,1395,0.021,5,0.15,0.17,0.14,3,1.17,9.04,10.84,3,1.17,9.22,10.60,0.30,0.30,0.30,1.20,9.12,10.60,0.1,0
fix,40640,1,1,1.23,9.16,10.82,1.23,9.16,10.82,-0.253,0.623,-0.740,42.3,4051,0.005,1124,0.017,5,0.11,0.13,0.12,2,1.31,9.05,10.75,3,1.15,9.27,10.89,0.30,0.30,0.30,1.18,9.17,10.89,0.1,0
fix,40692,1,1,1.18,8.97,10.95,1.18,8.97,10.95,-0.264,0.637,-0.724,43.6,4054,0.006,1401,0.019,5,0.13,0.15,0.13,3,1.22,8.87,10.90,3,1.03,9.17,11.14,0.30,0.30,0.30,1.20,9.09,11.14,0.1,0
fix,40740,1,1,1.20,8.98,10.84,1.20,8.98,10.84,-0.258,0.634,-0.729,43.2,4121,0.009,1424,0.028,6,0.19,0.22,0.20,2,1.18,9.00,10.93,3,1.20,8.97,10.78,0.30,0.30,0.30,1.21,9.01,10.78,0.3,0
fix,40791,1,1,0.85,9.17,10.68,0.85,9.17,10.68,-0.256,0.569,-0.781,38.6,4270,0.007,1348,0.020,6,0.14,0.16,0.14,2,1.09,9.72,10.61,3,0.99,8.57,10.72,1.11,0.80,0.65,1.21,8.89,10.72,0.2,0
fix,40840,1,1,1.27,9.18,10.77,1.27,9.18,10.77,-0.262,0.624,-0.736,42.6,4071,0.009,1408,0.028,6,0.19,0.22,0.20,2,1.31,9.07,10.78,3,1.29,9.28,10.77,0.30,0.30,0.30,1.20,9.15,10.77,0.1,0
fix,40889,1,1,1.28,9.13,10.67,1.28,9.13,10.67,-0.261,0.614,-0.745,41.8,4030,0.006,1096,0.017,5,0.12,0.14,0.12,3,1.24,9.16,10.67,3,1.30,9.18,10.65,0.30,0.30,0.30,1.27,9.08,10.65,0.1,0
fix,40938,1,1,1.31,9.04,10.75,1.31,9.04,10.75,-0.257,0.627,-0.736,42.6,4080,0.007,1068,0.022,5,0.15,0.17,0.15,3,1.34,9.01,10.79,3,1.28,9.08,10.72,0.30,0.30,0.30,1.28,9.10,10.72,0.3,0
fix,40991,1,1,1.25,9.16,10.60,1.25,9.16,10.60,-0.252,0.608,-0.753,41.1,4001,0.007,1060,0.021,6,0.14,0.17,0.14,2,1.23,9.17,10.62,3,1.23,9.17,10.55,0.30,0.30,0.30,1.29,9.11,10.55,0.2,0
fix,41041,1,1,1.13,9.16,10.77,1.13,9.16,10.77,-0.259,0.620,-0.741,42.2,4108,0.008,1194,0.026,6,0.18,0.21,0.18,1,1.13,9.13,10.80,3,1.05,9.12,10.82,0.30,0.30,0.30,1.27,9.17,10.82,0.3,0
fix,41091,1,1,1.03,9.36,10.82,1.03,9.36,10.82,-0.251,0.607,-0.754,41.0,4204,0.008,1052,0.023,5,0.16,0.19,0.16,3,1.01,9.33,10.82,3,1.03,9.41,10.80,0.30,0.30,0.30,1.16,9.30,10.80,0.1,0
fix,41141,1,1,1.03,9.34,10.80,1.03,9.34,10.80,-0.252,0.613,-0.749,41.5,4227,0.005,1795,0.016,6,0.11,0.13,0.11,2,1.08,9.25,10.88,3,0.95,9.40,10.78,0.30,0.30,0.30,1.05,9.40,10.78,0.1,0
fix,41190,1,1,1.16,9.29,10.64,1.16,9.29,10.64,-0.258,0.597,-0.760,40.6,4058,0.006,1105,0.019,6,0.13,0.15,0.13,1,1.20,9.28,10.56,3,1.10,9.28,10.74,0.30,0.30,0.30,1.11,9.33,10.74,0.1,0
fix,41242,1,1,1.20,9.34,10.56,1.20,9.34,10.56,-0.255,0.584,-0.771,39.6,4066,0.008,1454,0.024,5,0.17,0.20,0.16,3,1.15,9.43,10.55,3,1.24,9.24,10.60,0.30,0.30,0.30,1.16,9.30,10.60,0.2,0
fix,41290,1,1,1.24,9.03,10.74,1.24,9.03,10.74,-0.257,0.631,-0.732,43.0,4009,0.006,1116,0.018,5,0.12,0.14,0.13,2,1.27,8.93,10.76,3,1.20,9.08,10.73,0.30,0.30,0.30,1.18,9.26,10.73,0.1,0
fix,41341,1,1,1.09,9.40,10.86,1.09,9.40,10.86,-0.256,0.603,-0.756,40.9,4412,0.006,1381,0.020,6,0.14,0.16,0.14,1,1.02,9.48,11.00,3,1.12,9.41,10.74,0.30,0.30,0.30,1.19,9.22,10.74,0.3,0
fix,41390,1,1,1.16,9.34,10.51,1.16,9.34,10.51,-0.265,0.580,-0.770,39.6,4061,0.007,1104,0.022,6,0.15,0.18,0.15,1,1.14,9.44,10.51,3,1.18,9.14,10.38,0.30,0.30,0.30,1.17,9.27,10.38,0.1,0
fix,41441,1,1,1.26,9.21,10.71,1.26,9.21,10.71,-0.264,0.613,-0.745,41.9,4183,0.005,1084,0.015,6,0.10,0.12,0.10,2,1.23,9.25,10.78,3,1.30,9.11,10.61,0.30,0.30,0.30,1.21,9.27,10.61,0.1,0
fix,41490,1,1,1.12,9.39,10.83,1.12,9.39,10.83,-0.254,0.592,-0.765,40.1,4248,0.005,1098,0.015,5,0.10,0.12,0.10,3,1.16,9.47,10.70,3,1.05,9.35,10.97,0.30,0.30,0.30,1.19,9.27,10.97,0.2,0
fix,41540,1,1,1.09,9.38,10.79,1.09,9.38,10.79,-0.256,0.603,-0.756,40.9,4272,0.006,1079,0.018,5,0.13,0.15,0.13,2,1.10,9.40,10.83,3,1.05,9.32,10.78,0.30,0.30,0.30,1.16,9.33,10.78,0.1,0
fix,41590,1,1,1.15,9.31,10.94,1.15,9.31,10.94,-0.252,0.618,-0.745,41.9,4273,0.006,1085,0.018,5,0.13,0.15,0.13,3,1.17,9.27,10.96,3,1.15,9.30,10.93,0.30,0.30,0.30,1.13,9.35,10.93,0.1,0
fix,41641,1,1,1.14,9.33,10.58,1.14,9.33,10.58,-0.260,0.578,-0.774,39.3,4051,0.009,1366,0.027,6,0.19,0.22,0.18,2,1.09,9.47,10.47,3,1.20,9.17,10.61,0.30,0.30,0.30,1.15,9.30,10.61,0.1,0
fix,41694,1,1,1.07,9.44,10.66,1.07,9.44,10.66,-0.251,0.595,-0.764,40.2,4084,0.005,1263,0.017,6,0.11,0.13,0.11,2,1.19,9.33,10.59,3,1.02,9.39,10.74,0.30,0.30,0.30,1.02,9.50,10.74,0.3,0
fix,41743,1,1,1.28,9.10,10.76,1.28,9.10,10.76,-0.251,0.624,-0.740,42.2,4199,0.005,1868,0.017,6,0.12,0.13,0.12,1,1.18,9.13,10.88,3,1.38,9.03,10.71,0.30,0.30,0.30,1.19,9.30,10.71,0.1,0
fix,41792,1,1,1.16,9.22,10.92,1.16,9.22,10.92,-0.250,0.617,-0.746,41.7,4202,0.008,1264,0.025,5,0.17,0.20,0.17,3,1.20,9.23,10.88,3,1.12,9.23,10.98,0.30,0.30,0.30,1.15,9.23,10.98,0.1,0
fix,41844,1,1,1.14,9.22,10.75,1.14,9.22,10.75,-0.260,0.606,-0.751,41.3,4083,0.006,1276,0.019,5,0.13,0.16,0.13,3,1.13,9.22,10.71,3,1.09,9.22,10.83,0.30,0.30,0.30,1.16,9.24,10.83,0.2,0
fix,41891,1,1,1.17,9.29,10.62,1.17,9.29,10.62,-0.258,0.597,-0.760,40.6,4071,0.006,1275,0.018,5,0.12,0.15,0.12,3,1.16,9.30,10.58,3,1.16,9.32,10.67,0.30,0.30,0.30,1.17,9.24,10.67,0.2,0
fix,41939,1,1,1.22,9.33,10.93,1.22,9.33,10.93,-0.254,0.638,-0.726,43.4,4250,0.006,1539,0.018,5,0.13,0.14,0.13,3,1.27,9.11,11.06,3,1.19,9.56,10.87,0.30,0.30,0.30,1.17,9.38,10.87,0.2,0
fix,41992,1,1,1.31,9.00,10.77,1.31,9.00,10.77,-0.260,0.642,-0.722,43.8,3990,0.009,1281,0.027,6,0.19,0.22,0.19,2,1.33,8.85,10.82,3,1.32,9.06,10.66,0.30,0.30,0.30,1.21,9.30,10.66,0.8,0
fix,42039,1,1,1.19,9.24,10.91,1.19,9.24,10.91,-0.250,0.617,-0.746,41.8,4340,0.007,1246,0.021,6,0.15,0.17,0.15,2,1.11,9.32,11.03,3,1.21,9.27,10.89,0.30,0.30,0.30,1.28,9.16,10.89,0.4,0
fix,42092,1,1,1.14,9.32,10.76,1.14,9.32,10.76,-0.264,0.601,-0.754,41.1,4268,0.005,1948,0.016,5,0.11,0.13,0.11,3,1.09,9.40,10.80,3,1.18,9.26,10.66,0.30,0.30,0.30,1.24,9.20,10.66,0.2,0
fix,42141,1,1,1.13,9.40,10.52,1.13,9.40,10.52,-0.265,0.592,-0.761,40.4,3972,0.006,1135,0.018,5,0.12,0.14,0.12,3,1.16,9.31,10.51,3,1.11,9.46,10.43,0.30,0.30,0.30,1.16,9.38,10.43,0.1,0
fix,42192,1,1,1.15,9.30,10.89,1.15,9.30,10.89,-0.259,0.611,-0.748,41.6,4225,0.007,1099,0.022,5,0.15,0.18,0.15,3,1.21,9.30,10.85,3,1.18,9.31,10.93,0.30,0.30,0.30,1.11,9.33,10.93,0.3,0
fix,42241,1,1,1.19,9.30,10.72,1.19,9.30,10.72,-0.262,0.601,-0.755,40.9,4015,0.007,1438,0.023,5,0.15,0.18,0.16,3,1.26,9.26,10.58,3,1.21,9.42,10.56,0.30,0.30,0.30,1.16,9.32,10.56,0.0,0
fix,42291,1,1,1.23,9.28,10.66,1.23,9.28,10.66,-0.254,0.613,-0.749,41.5,4120,0.007,1384,0.020,5,0.14,0.16,0.14,2,1.27,9.23,10.73,3,1.19,9.40,10.60,0.30,0.30,0.30,1.18,9.31,10.60,0.2,0
fix,42340,1,1,1.12,9.34,10.54,1.12,9.34,10.54,-0.269,0.588,-0.763,40.3,3994,0.008,1128,0.025,5,0.17,0.20,0.17,3,1.17,9.34,10.46,3,1.11,9.38,10.55,0.30,0.30,0.30,1.19,9.32,10.55,0.4,0
fix,42391,1,1,1.17,9.24,10.60,1.17,9.24,10.60,-0.264,0.601,-0.754,41.1,3947,0.006,1574,0.018,5,0.12,0.15,0.12,3,1.34,9.19,10.48,3,1.02,9.35,10.66,0.30,0.30,0.30,1.11,9.30,10.66,0.2,0
fix,42440,1,1,1.34,9.08,10.46,1.34,9.08,10.46,-0.260,0.597,-0.759,40.6,3988,0.009,1370,0.026,5,0.18,0.21,0.18,2,1.26,9.24,10.54,3,1.49,8.86,10.31,0.30,0.30,0.30,1.21,9.08,10.31,0.3,0
fix,42491,1,1,1.13,9.26,10.70,1.13,9.26,10.70,-0.253,0.608,-0.753,41.2,4072,0.008,1408,0.025,5,0.17,0.20,0.17,3,1.14,9.21,10.68,3,1.10,9.32,10.71,0.30,0.30,0.30,1.19,9.20,10.71,0.2,0
fix,42540,1,1,1.05,9.45,10.73,1.05,9.45,10.73,-0.251,0.587,-0.769,39.7,4256,0.007,1077,0.022,5,0.16,0.18,0.15,3,1.03,9.55,10.71,3,1.03,9.44,10.80,0.30,0.30,0.30,1.17,9.20,10.80,0.4,0
fix,42590,1,1,1.11,9.30,10.92,1.11,9.30,10.92,-0.254,0.607,-0.753,41.1,4300,0.007,1024,0.019,4,0.14,0.17,0.14,3,1.13,9.38,10.89,3,1.13,9.24,10.94,0.30,0.30,0.30,1.11,9.24,10.94,0.4,0
fix,42644,1,1,1.13,9.05,10.78,1.13,9.05,10.78,-0.253,0.618,-0.744,41.9,4129,0.006,1587,0.017,5,0.12,0.14,0.12,3,1.12,9.14,10.79,3,1.16,8.92,10.71,0.30,0.30,0.30,1.12,9.14,10.71,0.3,0
fix,42693,1,1,0.96,9.57,10.78,0.96,9.57,10.78,-0.253,0.581,-0.774,39.3,4302,0.007,1356,0.021,6,0.15,0.17,0.14,1,0.95,9.65,10.76,3,0.92,9.65,10.74,0.30,0.30,0.30,1.06,9.24,10.74,0.2,0
fix,42741,1,1,1.12,9.42,10.76,1.12,9.42,10.76,-0.254,0.600,-0.758,40.7,4261,0.008,1947,0.024,5,0.17,0.19,0.16,3,1.10,9.47,10.83,3,1.14,9.32,10.72,0.30,0.30,0.30,1.09,9.35,10.72,0.2,0
fix,42790,1,1,1.14,9.37,10.75,1.14,9.37,10.75,-0.257,0.599,-0.758,40.7,4126,0.006,1165,0.017,5,0.13,0.15,0.13,1,1.16,9.38,10.71,3,1.13,9.36,10.73,0.30,0.30,0.30,1.10,9.36,10.73,0.3,0
fix,42840,1,1,1.22,9.14,10.81,1.22,9.14,10.81,-0.252,0.622,-0.741,42.1,4025,0.007,1566,0.020,5,0.14,0.16,0.14,3,1.33,9.05,10.68,3,1.21,9.16,10.82,0.30,0.30,0.30,1.07,9.34,10.82,0.2,0
fix,42891,1,1,1.20,9.27,10.82,1.20,9.27,10.82,-0.260,0.611,-0.748,41.6,4210,0.007,1259,0.022,5,0.15,0.17,0.15,2,1.18,9.29,10.81,3,1.20,9.35,10.83,0.30,0.30,0.30,1.15,9.25,10.83,0.2,0
fix,42942,1,1,1.26,9.12,10.82,1.26,9.12,10.82,-0.263,0.624,-0.736,42.6,4140,0.007,1265,0.020,5,0.14,0.16,0.14,2,1.22,9.11,10.87,3,1.31,9.07,10.84,0.30,0.30,0.30,1.23,9.21,10.84,0.1,0
fix,42992,1,1,1.26,9.14,10.71,1.26,9.14,10.71,-0.266,0.616,-0.742,42.1,4059,0.008,1141,0.024,6,0.17,0.19,0.17,2,1.27,9.15,10.71,3,1.23,9.17,10.68,0.30,0.30,0.30,1.24,9.14,10.68,0.1,0
fix,43041,1,1,1.15,9.35,10.80,1.15,9.35,10.80,-0.253,0.609,-0.752,41.3,4233,0.005,1368,0.014,5,0.10,0.11,0.09,3,1.08,9.28,10.84,3,1.12,9.53,10.78,0.30,0.30,0.30,1.26,9.19,10.78,0.2,0
fix,43089,1,1,1.09,9.23,10.79,1.09,9.23,10.79,-0.255,0.610,-0.750,41.4,4162,0.007,1420,0.021,5,0.15,0.17,0.15,3,1.07,9.30,10.80,3,1.14,9.13,10.74,0.30,0.30,0.30,1.20,9.19,10.74,0.2,0
fix,43140,1,1,1.14,9.19,10.67,1.14,9.19,10.67,-0.254,0.611,-0.750,41.4,4078,0.009,1064,0.028,6,0.20,0.23,0.19,1,1.13,9.18,10.73,3,1.15,9.21,10.56,0.30,0.30,0.30,1.17,9.20,10.56,0.1,0
fix,43191,1,1,1.18,9.49,10.56,1.18,9.49,10.56,-0.263,0.581,-0.770,39.6,4104,0.008,1064,0.025,6,0.17,0.20,0.17,2,1.29,9.50,10.50,3,1.13,9.50,10.50,0.30,0.30,0.30,1.10,9.33,10.50,0.3,0
fix,43241,1,1,1.14,9.51,10.63,1.14,9.51,10.63,-0.258,0.602,-0.756,40.9,4139,0.008,1357,0.023,5,0.16,0.18,0.16,3,1.13,9.28,10.70,3,0.93,9.70,10.62,0.62,0.41,0.33,1.06,9.49,10.62,0.7,0
fix,43291,1,1,0.84,9.42,10.65,0.84,9.42,10.65,-0.271,0.590,-0.760,40.5,4048,0.006,1379,0.019,5,0.13,0.15,0.13,3,1.21,9.38,10.57,3,1.03,9.50,10.79,0.72,0.44,0.47,1.08,9.44,10.79,0.5,0
fix,43340,1,1,0.52,8.53,10.38,0.52,8.53,10.38,-0.263,0.578,-0.773,39.4,4046,0.009,1656,0.026,5,0.18,0.21,0.18,2,1.03,9.43,10.47,3,1.10,9.35,10.50,0.60,0.60,0.60,1.13,9.42,10.50,0.6,0
fix,43624,1,1,1.07,9.48,10.69,1.07,9.48,10.69,-0.257,0.599,-0.758,40.7,4190,0.007,1837,0.021,6,0.15,0.17,0.15,2,1.07,9.34,10.72,3,1.07,9.62,10.66,0.30,0.30,0.30,2.44,8.05,10.66,0.0,0
fix,43675,1,1,1.12,9.45,10.82,1.12,9.45,10.82,-0.251,0.596,-0.763,40.3,4301,0.008,1134,0.025,5,0.17,0.20,0.17,3,1.11,9.47,10.82,3,1.15,9.44,10.85,0.30,0.30,0.30,1.33,9.23,10.85,0.1,0
fix,43726,1,1,1.10,9.45,10.75,1.10,9.45,10.75,-0.255,0.590,-0.766,40.0,4207,0.008,1114,0.025,5,0.17,0.20,0.17,2,1.12,9.47,10.69,3,1.08,9.41,10.73,0.30,0.30,0.30,1.10,9.43,10.73,0.1,0
fix,43776,1,1,1.04,9.43,10.81,1.04,9.43,10.81,-0.253,0.610,-0.751,41.3,4184,0.008,1412,0.023,5,0.16,0.19,0.16,3,1.09,9.29,10.83,3,0.93,9.66,10.75,0.30,0.30,0.30,1.03,9.50,10.75,0.2,0
fix,43829,1,1,1.18,9.12,10.61,1.18,9.12,10.61,-0.259,0.608,-0.750,41.4,4012,0.007,1261,0.021,5,0.15,0.17,0.15,3,1.14,9.15,10.62,3,1.21,9.07,10.57,0.30,0.30,0.30,1.17,9.25,10.57,0.1,0
fix,43876,1,1,1.33,9.29,10.58,1.33,9.29,10.58,-0.274,0.602,-0.750,41.4,4011,0.007,1468,0.021,5,0.84,0.37,0.37,2,1.47,9.25,10.50,3,1.22,9.41,10.64,0.30,0.30,0.30,1.17,9.27,10.64,0.3,0
fix,43927,1,1,1.08,9.46,10.79,1.08,9.46,10.79,-0.250,0.600,-0.760,40.5,4231,0.007,1276,0.020,5,0.14,0.16,0.14,2,1.15,9.41,10.78,3,1.03,9.47,10.82,0.30,0.30,0.30,1.08,9.43,10.82,0.3,0
fix,43975,1,1,1.04,9.64,10.63,1.04,9.64,10.63,-0.258,0.572,-0.779,38.9,4242,0.007,1149,0.021,5,0.15,0.17,0.15,3,1.02,9.65,10.60,3,1.02,9.70,10.59,0.30,0.30,0.30,1.10,9.52,10.59,0.1,0
fix,44025,1,1,1.26,9.31,10.80,1.26,9.31,10.80,-0.263,0.619,-0.740,42.3,4262,0.007,1391,0.020,5,0.14,0.16,0.14,3,1.27,9.29,10.93,3,1.33,9.20,10.67,0.30,0.30,0.30,1.13,9.48,10.67,0.1,0
fix,44076,1,1,1.16,9.33,10.73,1.16,9.33,10.73,-0.252,0.603,-0.757,40.8,4198,0.008,1138,0.025,7,0.18,0.21,0.18,1,1.11,9.34,10.75,3,1.15,9.33,10.69,0.30,0.30,0.30,1.19,9.41,10.69,0.2,0
fix,44125,1,1,1.17,9.36,10.55,1.17,9.36,10.55,-0.259,0.595,-0.761,40.4,4014,0.008,1377,0.023,5,0.15,0.18,0.16,2,1.24,9.23,10.50,3,1.07,9.56,10.56,0.30,0.30,0.30,1.16,9.41,10.56,0.3,0
fix,44174,1,1,1.18,9.82,10.58,1.18,9.82,10.58,-0.260,0.557,-0.789,37.9,4247,0.004,1076,0.013,5,0.09,0.10,0.09,2,1.28,9.84,10.46,3,1.08,9.96,10.70,0.30,0.30,0.30,1.13,9.54,10.70,0.3,0
fix,44228,1,1,1.28,9.20,10.61,1.28,9.20,10.61,-0.264,0.627,-0.732,42.9,3922,0.007,1556,0.022,5,0.15,0.18,0.15,2,1.38,8.94,10.62,3,1.20,9.26,10.66,0.30,0.30,0.30,1.15,9.59,10.66,0.6,0
fix,44276,1,1,1.10,9.59,10.66,1.10,9.59,10.66,-0.261,0.573,-0.777,39.0,4292,0.004,1261,0.013,5,0.09,0.11,0.09,3,1.11,9.71,10.66,3,1.11,9.52,10.66,0.30,0.30,0.30,1.14,9.51,10.66,0.3,0
fix,44327,1,1,1.20,9.19,11.03,1.20,9.19,11.03,-0.255,0.642,-0.723,43.7,4309,0.008,1817,0.026,5,0.18,0.21,0.18,2,1.25,9.05,11.17,3,1.17,9.17,11.02,0.30,0.30,0.30,1.13,9.51,11.02,0.4,0
fix,44374,1,1,1.09,9.18,10.81,1.09,9.18,10.81,-0.248,0.608,-0.754,41.1,4190,0.007,1547,0.022,6,0.15,0.18,0.15,2,1.06,9.22,10.76,3,1.08,9.14,10.88,0.30,0.30,0.30,1.15,9.27,10.88,0.3,0
fix,44423,1,1,1.18,9.29,10.77,1.18,9.29,10.77,-0.254,0.615,-0.746,41.7,4219,0.008,1271,0.023,6,0.16,0.18,0.16,2,1.18,9.25,10.83,3,1.18,9.27,10.76,0.30,0.30,0.30,1.14,9.34,10.76,0.2,0
fix,44476,1,1,1.08,9.44,10.80,1.08,9.44,10.80,-0.256,0.595,-0.762,40.4,4225,0.009,1631,0.027,6,0.19,0.22,0.19,2,1.01,9.45,10.78,3,1.11,9.47,10.87,0.30,0.30,0.30,1.17,9.35,10.87,0.2,0
fix,44526,1,1,1.12,9.19,10.71,1.12,9.19,10.71,-0.254,0.612,-0.749,41.5,4092,0.007,1272,0.022,5,0.15,0.18,0.15,3,1.17,9.17,10.72,3,1.12,9.14,10.71,0.30,0.30,0.30,1.10,9.32,10.71,0.1,0
fix,44575,1,1,1.12,9.42,10.80,1.12,9.42,10.80,-0.251,0.596,-0.763,40.3,4176,0.006,1545,0.020,6,0.14,0.16,0.14,1,1.17,9.41,10.73,3,1.06,9.54,10.83,0.30,0.30,0.30,1.10,9.32,10.83,0.3,0
fix,44625,1,1,1.26,9.22,10.51,1.26,9.22,10.51,-0.262,0.589,-0.764,40.2,3913,0.006,1129,0.020,5,0.13,0.16,0.13,2,1.28,9.25,10.40,3,1.35,9.18,10.45,0.30,0.30,0.30,1.12,9.26,10.45,0.2,0
fix,44675,1,1,1.19,9.32,10.64,1.19,9.32,10.64,-0.255,0.599,-0.759,40.6,4146,0.007,1075,0.022,6,0.15,0.18,0.15,2,1.17,9.37,10.68,3,1.21,9.27,10.63,0.30,0.30,0.30,1.16,9.27,10.63,0.3,0
fix,44724,1,1,1.21,9.18,10.76,1.21,9.18,10.76,-0.261,0.620,-0.740,42.3,4014,0.008,1056,0.024,6,0.17,0.20,0.17,1,1.25,9.09,10.71,3,1.23,9.15,10.78,0.30,0.30,0.30,1.15,9.31,10.78,0.1,0
fix,44775,1,1,1.20,9.33,10.55,1.20,9.33,10.55,-0.261,0.581,-0.771,39.6,4057,0.008,1079,0.026,7,0.17,0.21,0.17,1,1.17,9.47,10.50,3,1.20,9.32,10.48,0.30,0.30,0.30,1.21,9.21,10.48,0.2,0
fix,44825,1,1,1.27,9.30,10.69,1.27,9.30,10.69,-0.265,0.601,-0.754,41.1,4154,0.005,1072,0.015,5,0.10,0.12,0.10,3,1.25,9.34,10.71,3,1.29,9.23,10.69,0.30,0.30,0.30,1.23,9.25,10.69,0.1,0
fix,44874,1,1,1.12,9.55,10.76,1.12,9.55,10.76,-0.254,0.577,-0.776,39.1,4329,0.007,1500,0.022,5,0.15,0.18,0.15,2,1.04,9.68,10.71,3,1.18,9.52,10.87,0.30,0.30,0.30,1.22,9.29,10.87,0.3,0
fix,44928,1,1,1.29,9.28,10.64,1.29,9.28,10.64,-0.251,0.600,-0.760,40.6,4046,0.007,1284,0.020,5,0.13,0.16,0.14,2,1.34,9.28,10.58,3,1.28,9.21,10.70,0.30,0.30,0.30,1.20,9.36,10.70,0.1,0
fix,44976,1,1,1.05,9.55,10.77,1.05,9.55,10.77,-0.249,0.599,-0.762,40.4,4276,0.006,1267,0.018,5,0.13,0.15,0.13,2,1.09,9.45,10.77,3,0.95,9.57,10.82,0.30,0.30,0.30,1.15,9.60,10.82,0.6,0
fix,45028,1,1,1.08,9.40,10.84,1.08,9.40,10.84,-0.250,0.602,-0.758,40.7,4338,0.008,1282,0.025,6,0.17,0.20,0.17,1,1.05,9.45,10.86,3,1.11,9.31,10.82,0.30,0.30,0.30,1.13,9.47,10.82,0.1,0
fix,45074,1,1,1.14,9.40,10.71,1.14,9.40,10.71,-0.265,0.603,-0.753,41.2,4177,0.005,1286,0.015,6,0.11,0.12,0.11,1,1.15,9.34,10.77,3,1.19,9.38,10.62,0.30,0.30,0.30,1.11,9.49,10.62,0.1,0
fix,45127,1,1,1.22,9.35,10.76,1.22,9.35,10.76,-0.260,0.601,-0.756,40.9,4144,0.009,1567,0.029,5,0.19,0.23,0.20,2,1.23,9.37,10.69,3,1.20,9.32,10.85,0.30,0.30,0.30,1.14,9.42,10.85,0.3,0
fix,45176,1,1,1.16,9.47,10.63,1.16,9.47,10.63,-0.253,0.592,-0.765,40.1,4170,0.007,1465,0.022,5,0.15,0.18,0.15,3,1.10,9.45,10.68,3,1.21,9.57,10.55,0.30,0.30,0.30,1.18,9.42,10.55,0.1,0
fix,45225,1,1,1.20,9.26,10.86,1.20,9.26,10.86,-0.261,0.609,-0.749,41.5,4302,0.006,1084,0.019,5,0.13,0.15,0.13,3,1.18,9.38,10.90,3,1.24,9.13,10.89,0.30,0.30,0.30,1.18,9.26,10.89,0.3,0
fix,45276,1,1,1.19,9.51,10.64,1.19,9.51,10.64,-0.263,0.576,-0.774,39.3,4120,0.008,1443,0.024,6,0.16,0.19,0.16,2,1.34,9.55,10.49,3,1.03,9.49,10.77,0.30,0.30,0.30,1.13,9.35,10.77,0.2,0
fix,45324,1,1,1.28,9.14,10.78,1.28,9.14,10.78,-0.258,0.621,-0.740,42.3,4094,0.007,1124,0.021,6,0.14,0.17,0.15,2,1.28,9.12,10.80,3,1.24,9.10,10.84,0.30,0.30,0.30,1.22,9.30,10.84,0.1,0
fix,45375,1,1,1.02,9.32,11.04,1.02,9.32,11.04,-0.250,0.621,-0.743,42.0,4388,0.008,1044,0.024,6,0.17,0.19,0.17,2,0.97,9.34,11.10,3,1.02,9.32,11.05,0.30,0.30,0.30,1.19,9.27,11.05,0.1,0
fix,45428,1,1,1.17,9.30,10.92,1.17,9.30,10.92,-0.261,0.621,-0.739,42.4,4216,0.008,1584,0.024,5,0.16,0.19,0.17,3,1.25,9.16,10.86,3,1.10,9.45,11.00,0.30,0.30,0.30,1.14,9.32,11.00,0.1,0
fix,45477,1,1,1.39,9.12,10.54,1.39,9.12,10.54,-0.263,0.611,-0.747,41.7,3918,0.007,1263,0.022,5,0.14,0.17,0.15,3,1.43,9.08,10.50,3,1.41,9.16,10.44,0.30,0.30,0.30,1.22,9.24,10.44,0.1,0
fix,45524,1,1,1.26,9.10,10.98,1.26,9.10,10.98,-0.258,0.634,-0.729,43.2,4255,0.005,1274,0.015,6,0.11,0.12,0.11,2,1.22,9.11,11.03,3,1.24,9.13,11.05,0.30,0.30,0.30,1.30,9.12,11.05,0.1,0
fix,45577,1,1,1.17,9.18,10.86,1.17,9.18,10.86,-0.258,0.621,-0.740,42.3,4184,0.006,1252,0.017,6,0.12,0.14,0.12,2,1.18,9.17,10.90,3,1.12,9.24,10.84,0.30,0.30,0.30,1.26,9.15,10.84,0.1,0
fix,45624,1,1,1.16,9.38,10.70,1.16,9.38,10.70,-0.254,0.596,-0.761,40.4,4169,0.007,1136,0.021,6,0.15,0.17,0.15,2,1.15,9.41,10.71,3,1.14,9.44,10.59,0.30,0.30,0.30,1.24,9.19,10.59,0.1,0
fix,45675,1,1,1.21,9.22,10.83,1.21,9.22,10.83,-0.255,0.612,-0.749,41.5,4249,0.009,1094,0.029,7,0.20,0.23,0.20,0,1.20,9.30,10.85,3,1.25,9.12,10.85,0.30,0.30,0.30,1.22,9.19,10.85,0.3,0
fix,45726,1,1,1.22,9.12,10.69,1.22,9.12,10.69,-0.262,0.609,-0.749,41.5,4038,0.005,1531,0.016,5,0.11,0.13,0.11,3,1.16,9.15,10.66,3,1.43,9.07,10.60,0.30,0.30,0.30,1.19,9.16,10.60,0.4,0
fix,45774,1,1,1.24,9.21,10.79,1.24,9.21,10.79,-0.257,0.616,-0.745,41.8,4135,0.006,1419,0.018,5,0.12,0.14,0.12,3,1.29,9.16,10.80,3,1.25,9.27,10.77,0.30,0.30,0.30,1.17,9.18,10.77,0.6,0
fix,45828,1,1,1.09,9.45,10.79,1.09,9.45,10.79,-0.257,0.602,-0.756,40.9,4234,0.008,1737,0.025,6,0.17,0.20,0.17,2,1.06,9.33,10.80,3,1.09,9.63,10.74,0.30,0.30,0.30,1.16,9.38,10.74,0.3,0
fix,45875,1,1,0.98,9.63,10.84,0.98,9.63,10.84,-0.263,0.581,-0.770,39.6,4394,0.006,1209,0.017,6,0.12,0.14,0.12,1,0.99,9.72,10.80,3,0.94,9.64,10.86,0.30,0.30,0.30,1.07,9.45,10.86,0.1,0
fix,45927,1,1,1.04,9.54,10.79,1.04,9.54,10.79,-0.265,0.591,-0.762,40.4,4352,0.006,1267,0.019,5,0.13,0.15,0.13,3,1.03,9.57,10.81,3,1.02,9.48,10.79,0.30,0.30,0.30,1.06,9.52,10.79,0.1,0
fix,45976,1,1,1.23,9.32,10.56,1.23,9.32,10.56,-0.261,0.605,-0.752,41.2,4029,0.007,1150,0.020,5,0.14,0.16,0.14,3,1.23,9.22,10.59,3,1.25,9.33,10.51,0.30,0.30,0.30,1.12,9.48,10.51,0.2,0
fix,46025,1,1,1.11,9.27,10.86,1.11,9.27,10.86,-0.252,0.609,-0.752,41.2,4166,0.007,1028,0.019,5,0.14,0.17,0.14,2,1.16,9.28,10.79,3,1.09,9.27,10.88,0.30,0.30,0.30,1.11,9.38,10.88,0.2,0
fix,46076,1,1,1.11,9.42,10.72,1.11,9.42,10.72,-0.260,0.592,-0.763,40.3,4206,0.008,1137,0.023,6,0.16,0.19,0.16,2,1.08,9.44,10.69,3,1.16,9.38,10.71,0.30,0.30,0.30,1.12,9.39,10.71,0.1,0
fix,46125,1,1,1.24,9.11,10.69,1.24,9.11,10.69,-0.254,0.621,-0.742,42.1,3975,0.008,1280,0.025,7,0.17,0.20,0.17,0,1.24,9.05,10.68,3,1.30,9.02,10.73,0.30,0.30,0.30,1.14,9.34,10.73,0.1,0
fix,46175,1,1,1.14,9.24,10.88,1.14,9.24,10.88,-0.256,0.629,-0.734,42.8,4208,0.008,1084,0.024,6,0.17,0.19,0.17,2,1.14,9.12,10.96,3,1.15,9.32,10.93,0.30,0.30,0.30,1.14,9.34,10.93,0.1,0
fix,46224,1,1,1.27,9.40,10.62,1.27,9.40,10.62,-0.267,0.585,-0.766,40.0,4159,0.006,1063,0.018,5,0.12,0.14,0.12,3,1.25,9.51,10.61,3,1.29,9.36,10.58,0.30,0.30,0.30,1.21,9.27,10.58,0.1,0
fix,46275,1,1,1.30,9.22,10.69,1.30,9.22,10.69,-0.259,0.613,-0.747,41.7,4034,0.007,1091,0.021,5,0.14,0.17,0.14,3,1.34,9.14,10.65,3,1.33,9.19,10.75,0.30,0.30,0.30,1.22,9.32,10.75,0.1,0
fix,46325,1,1,1.04,9.39,10.76,1.04,9.39,10.76,-0.251,0.598,-0.761,40.4,4280,0.007,1054,0.021,7,0.15,0.17,0.15,0,0.97,9.44,10.83,3,1.04,9.39,10.72,0.30,0.30,0.30,1.21,9.30,10.72,0.1,0
fix,46378,1,1,1.13,9.28,10.90,1.13,9.28,10.90,-0.257,0.627,-0.736,42.6,4266,0.007,1253,0.021,6,0.15,0.17,0.15,1,1.15,9.17,11.00,3,1.13,9.31,10.86,0.30,0.30,0.30,1.16,9.36,10.86,0.3,0
fix,46427,1,1,1.07,9.23,10.95,1.07,9.23,10.95,-0.255,0.614,-0.747,41.7,4340,0.008,1635,0.024,5,0.17,0.19,0.17,3,0.95,9.33,10.99,3,1.15,9.15,10.93,0.30,0.30,0.30,1.18,9.24,10.93,0.2,0
fix,46479,1,1,1.24,9.17,10.92,1.24,9.17,10.92,-0.254,0.635,-0.729,43.2,4231,0.006,1992,0.019,5,0.13,0.15,0.13,2,1.26,9.10,11.00,3,1.32,9.21,10.88,0.30,0.30,0.30,1.14,9.26,10.88,0.3,0
fix,46528,1,1,1.25,9.45,10.57,1.25,9.45,10.57,-0.260,0.588,-0.766,40.0,4056,0.006,1266,0.018,5,0.12,0.14,0.12,3,1.29,9.42,10.49,3,1.24,9.58,10.52,0.30,0.30,0.30,1.16,9.30,10.52,0.2,0
fix,46576,1,1,1.32,9.26,10.58,1.32,9.26,10.58,-0.263,0.606,-0.751,41.4,4070,0.006,1252,0.018,6,0.12,0.15,0.13,2,1.30,9.20,10.63,3,1.35,9.29,10.57,0.30,0.30,0.30,1.25,9.32,10.57,0.1,0
fix,46627,1,1,1.03,9.47,10.89,1.03,9.47,10.89,-0.248,0.596,-0.763,40.2,4386,0.007,1266,0.021,7,0.15,0.17,0.15,1,0.98,9.51,10.90,3,1.03,9.48,10.94,0.30,0.30,0.30,1.21,9.34,10.94,0.1,0
fix,46676,1,1,1.05,9.32,10.91,1.05,9.32,10.91,-0.255,0.604,-0.755,41.0,4298,0.005,1437,0.017,5,0.12,0.13,0.12,2,1.01,9.39,10.91,3,1.11,9.19,10.92,0.30,0.30,0.30,1.14,9.33,10.92,0.1,0
fix,46726,1,1,1.06,9.32,10.82,1.06,9.32,10.82,-0.253,0.606,-0.754,41.1,4202,0.006,1131,0.017,5,0.12,0.14,0.12,3,1.06,9.28,10.76,3,1.13,9.25,10.89,0.30,0.30,0.30,1.09,9.36,10.89,0.2,0
fix,46775,1,1,1.07,9.31,11.15,1.07,9.31,11.15,-0.256,0.631,-0.732,43.0,4477,0.006,1084,0.019,6,0.13,0.15,0.13,2,1.08,9.29,11.24,3,1.06,9.31,11.14,0.30,0.30,0.30,1.06,9.35,11.14,0.1,0
fix,46826,1,1,1.08,9.51,10.82,1.08,9.51,10.82,-0.259,0.588,-0.766,40.0,4379,0.007,1371,0.022,5,0.15,0.17,0.15,3,1.03,9.62,10.79,3,1.14,9.37,10.82,0.30,0.30,0.30,1.10,9.38,10.82,0.1,0
fix,46876,1,1,1.21,9.38,10.75,1.21,9.38,10.75,-0.260,0.598,-0.758,40.7,4213,0.005,1681,0.015,6,0.10,0.12,0.10,2,1.15,9.42,10.77,3,1.30,9.35,10.67,0.30,0.30,0.30,1.14,9.37,10.67,0.1,0
fix,46925,1,1,1.23,9.10,10.69,1.23,9.10,10.69,-0.255,0.625,-0.738,42.4,3989,0.006,1102,0.017,6,0.12,0.14,0.12,1,1.23,8.97,10.69,3,1.31,9.10,10.68,0.30,0.30,0.30,1.16,9.38,10.68,0.2,0
fix,46979,1,1,1.16,9.36,10.72,1.16,9.36,10.72,-0.261,0.597,-0.758,40.7,4250,0.005,1890,0.014,6,0.09,0.11,0.09,2,1.16,9.41,10.74,3,1.20,9.35,10.66,0.30,0.30,0.30,1.15,9.32,10.66,0.1,0
fix,47028,1,1,1.12,9.26,10.80,1.12,9.26,10.80,-0.251,0.621,-0.743,42.1,4292,0.005,1722,0.015,5,0.13,0.15,0.13,2,1.07,9.23,10.97,3,1.16,9.19,10.67,0.30,0.30,0.30,1.16,9.33,10.67,0.1,0
fix,47075,1,1,0.90,9.64,10.87,0.90,9.64,10.87,-0.252,0.579,-0.775,39.2,4445,0.007,1242,0.021,6,0.15,0.17,0.14,2,0.88,9.73,10.87,3,0.83,9.70,10.88,0.30,0.30,0.30,1.08,9.37,10.88,0.2,0
fix,47124,1,1,1.32,9.16,10.82,1.32,9.16,10.82,-0.256,0.632,-0.732,43.0,4067,0.007,1245,0.022,5,0.15,0.17,0.15,3,1.41,9.01,10.80,3,1.34,9.17,10.84,0.30,0.30,0.30,1.08,9.44,10.84,0.2,0
fix,47176,1,1,1.00,9.46,10.98,1.00,9.46,10.98,-0.256,0.600,-0.758,40.7,4408,0.006,1264,0.017,6,0.12,0.14,0.12,1,0.98,9.48,10.96,3,0.90,9.59,11.10,0.30,0.30,0.30,1.13,9.35,11.10,0.2,0
fix,47225,1,1,1.24,9.32,10.69,1.24,9.32,10.69,-0.269,0.600,-0.754,41.1,4167,0.007,1244,0.022,6,0.14,0.17,0.15,1,1.20,9.34,10.71,3,1.35,9.27,10.62,0.30,0.30,0.30,1.16,9.34,10.62,0.0,0
fix,47275,1,1,1.08,9.33,10.75,1.08,9.33,10.75,-0.257,0.602,-0.756,40.9,4132,0.006,1538,0.020,5,0.14,0.16,0.14,2,1.11,9.33,10.67,3,0.99,9.33,10.87,0.30,0.30,0.30,1.15,9.33,10.87,0.3,0
fix,47327,1,1,1.20,9.37,10.54,1.20,9.37,10.54,-0.263,0.597,-0.758,40.7,4021,0.006,1576,0.017,5,0.12,0.14,0.12,3,1.21,9.28,10.55,3,1.18,9.50,10.55,0.30,0.30,0.30,1.17,9.36,10.55,0.2,0
fix,47375,1,1,1.13,9.25,10.82,1.13,9.25,10.82,-0.258,0.616,-0.744,41.9,4180,0.007,1110,0.023,6,0.16,0.18,0.16,1,1.13,9.23,10.85,3,1.14,9.25,10.88,0.30,0.30,0.30,1.16,9.33,10.88,0.3,0
fix,47425,1,1,1.16,9.37,10.88,1.16,9.37,10.88,-0.253,0.613,-0.748,41.6,4182,0.009,1401,0.026,5,0.18,0.21,0.18,3,1.28,9.23,10.79,3,1.00,9.57,11.04,0.30,0.30,0.30,1.13,9.36,11.04,0.1,0
fix,47476,1,1,1.15,9.25,10.92,1.15,9.25,10.92,-0.253,0.608,-0.753,41.2,4319,0.005,1064,0.015,6,0.11,0.12,0.10,2,1.08,9.38,10.94,3,1.17,9.21,10.89,0.30,0.30,0.30,1.18,9.20,10.89,0.2,0
fix,47528,1,1,1.02,9.53,11.03,1.02,9.53,11.03,-0.242,0.612,-0.753,41.2,4496,0.005,1617,0.017,6,0.12,0.13,0.12,2,1.00,9.45,11.08,3,1.01,9.71,10.95,0.30,0.30,0.30,1.14,9.35,10.95,0.3,0
fix,47577,1,1,1.06,9.43,10.85,1.06,9.43,10.85,-0.248,0.591,-0.768,39.9,4346,0.006,1248,0.019,6,0.13,0.15,0.13,1,1.01,9.53,10.82,3,1.08,9.43,10.82,0.30,0.30,0.30,1.12,9.34,10.82,0.5,0
fix,47627,1,1,1.19,9.52,10.73,1.19,9.52,10.73,-0.252,0.601,-0.758,40.7,4307,0.004,1220,0.014,5,0.09,0.11,0.09,2,1.19,9.50,10.88,3,1.20,9.55,10.66,0.30,0.30,0.30,1.13,9.45,10.66,0.5,0
fix,47678,1,1,1.38,9.09,10.64,1.38,9.09,10.64,-0.266,0.612,-0.745,41.9,3931,0.007,1280,0.023,6,0.15,0.18,0.15,1,1.38,9.07,10.57,3,1.46,9.03,10.59,0.30,0.30,0.30,1.21,9.36,10.59,0.3,0
fix,47727,1,1,1.06,9.34,10.73,1.06,9.34,10.73,-0.255,0.597,-0.760,40.5,4107,0.007,1554,0.022,6,0.15,0.18,0.15,2,1.05,9.37,10.68,3,1.01,9.37,10.81,0.30,0.30,0.30,1.19,9.29,10.81,0.1,0
fix,47775,1,1,0.99,9.46,10.75,0.99,9.46,10.75,-0.262,0.591,-0.763,40.3,4239,0.007,1258,0.021,6,0.15,0.17,0.14,2,0.98,9.49,10.73,3,1.04,9.42,10.76,0.30,0.30,0.30,1.10,9.34,10.76,0.2,0
fix,47827,1,1,1.14,9.32,10.75,1.14,9.32,10.75,-0.256,0.608,-0.752,41.3,4232,0.005,1264,0.014,5,0.10,0.11,0.10,2,1.13,9.32,10.83,3,1.19,9.28,10.72,0.30,0.30,0.30,1.10,9.35,10.72,0.1,0
fix,47876,1,1,1.07,9.43,10.69,1.07,9.43,10.69,-0.261,0.590,-0.764,40.2,4242,0.007,1151,0.021,6,0.14,0.17,0.14,1,1.03,9.46,10.71,3,1.07,9.44,10.66,0.30,0.30,0.30,1.11,9.36,10.66,0.1,0
fix,47926,1,1,1.10,9.36,10.83,1.10,9.36,10.83,-0.259,0.607,-0.751,41.3,4201,0.006,1418,0.019,5,0.13,0.15,0.13,3,1.16,9.30,10.80,3,1.01,9.39,10.94,0.30,0.30,0.30,1.10,9.39,10.94,0.1,0
fix,47975,1,1,1.12,9.35,10.83,1.12,9.35,10.83,-0.253,0.602,-0.757,40.8,4299,0.008,1089,0.025,5,0.17,0.20,0.17,3,1.10,9.40,10.88,3,1.10,9.35,10.79,0.30,0.30,0.30,1.12,9.34,10.79,0.2,0
fix,48025,1,1,1.13,9.37,10.65,1.13,9.37,10.65,-0.264,0.593,-0.761,40.5,4106,0.008,1085,0.023,5,0.15,0.18,0.16,3,1.19,9.38,10.59,3,1.21,9.39,10.49,0.30,0.30,0.30,1.10,9.40,10.49,0.3,0
fix,48075,1,1,1.15,9.17,10.90,1.15,9.17,10.90,-0.252,0.637,-0.729,43.2,4179,0.008,1398,0.024,6,0.17,0.20,0.17,1,1.16,9.02,10.97,3,1.15,9.22,10.89,0.30,0.30,0.30,1.11,9.40,10.89,0.2,0
fix,48124,1,1,1.13,9.43,10.68,1.13,9.43,10.68,-0.264,0.599,-0.756,40.9,4177,0.008,1088,0.024,6,0.16,0.19,0.17,2,1.13,9.34,10.71,3,1.16,9.63,10.53,0.30,0.30,0.30,1.12,9.36,10.53,0.5,0
fix,48175,1,1,1.12,9.35,10.80,1.12,9.35,10.80,-0.252,0.602,-0.758,40.7,4239,0.007,1064,0.020,6,0.14,0.16,0.14,2,1.13,9.36,10.78,3,1.09,9.41,10.81,0.30,0.30,0.30,1.12,9.34,10.81,0.2,0
fix,48224,1,1,1.17,9.20,10.77,1.17,9.20,10.77,-0.253,0.610,-0.751,41.3,4136,0.008,1381,0.024,5,0.17,0.19,0.16,3,1.15,9.21,10.73,3,1.23,9.10,10.80,0.30,0.30,0.30,1.14,9.31,10.80,0.2,0
fix,48273,1,1,1.09,9.39,10.89,1.09,9.39,10.89,-0.252,0.610,-0.751,41.3,4350,0.006,1073,0.019,6,0.13,0.15,0.13,2,1.09,9.40,10.98,3,1.04,9.52,10.89,0.30,0.30,0.30,1.14,9.28,10.89,0.1,0
fix,48327,1,1,1.03,9.47,10.88,1.03,9.47,10.88,-0.256,0.595,-0.762,40.4,4346,0.006,1269,0.018,5,0.12,0.14,0.12,2,0.98,9.50,10.88,3,1.03,9.54,10.83,0.30,0.30,0.30,1.14,9.31,10.83,0.1,0
fix,48375,1,1,1.20,9.40,10.76,1.20,9.40,10.76,-0.259,0.589,-0.766,40.0,4238,0.008,1539,0.026,5,0.17,0.20,0.17,3,1.17,9.54,10.70,3,1.27,9.28,10.79,0.30,0.30,0.30,1.15,9.31,10.79,0.1,0
fix,48426,1,1,1.09,9.45,10.73,1.09,9.45,10.73,-0.257,0.602,-0.756,40.9,4167,0.009,1271,0.027,6,0.19,0.22,0.18,2,1.11,9.33,10.75,3,1.10,9.44,10.75,0.30,0.30,0.30,1.12,9.52,10.75,0.3,0
fix,48475,1,1,1.24,9.11,10.81,1.24,9.11,10.81,-0.257,0.627,-0.735,42.7,4075,0.008,1138,0.025,6,0.17,0.20,0.17,2,1.34,9.03,10.79,3,1.24,9.10,10.87,0.30,0.30,0.30,1.11,9.40,10.87,0.2,0
fix,48526,1,1,1.28,9.26,10.84,1.28,9.26,10.84,-0.254,0.614,-0.748,41.6,4269,0.008,1748,0.023,5,0.16,0.18,0.16,3,1.26,9.30,10.88,3,1.38,9.17,10.81,0.30,0.30,0.30,1.18,9.30,10.81,0.1,0
fix,48575,1,1,1.16,9.18,10.71,1.16,9.18,10.71,-0.261,0.618,-0.742,42.1,4114,0.007,1045,0.022,5,0.15,0.18,0.16,2,1.18,9.07,10.76,3,1.10,9.18,10.71,0.30,0.30,0.30,1.17,9.33,10.71,0.4,0
fix,48628,1,1,1.13,9.05,11.03,1.13,9.05,11.03,-0.254,0.638,-0.727,43.3,4317,0.006,1561,0.018,6,0.13,0.15,0.13,2,1.03,9.07,11.15,3,1.20,9.06,11.04,0.30,0.30,0.30,1.21,9.11,11.04,0.1,0
fix,48676,1,1,1.22,9.11,10.82,1.22,9.11,10.82,-0.254,0.622,-0.740,42.2,4095,0.008,1261,0.023,6,0.16,0.18,0.16,2,1.25,9.10,10.78,3,1.22,9.12,10.78,0.30,0.30,0.30,1.18,9.11,10.78,0.1,0
fix,48727,1,1,1.11,9.30,10.77,1.11,9.30,10.77,-0.255,0.601,-0.757,40.8,4163,0.007,1274,0.020,5,0.14,0.16,0.14,3,1.15,9.35,10.72,3,1.08,9.28,10.77,0.30,0.30,0.30,1.14,9.17,10.77,0.2,0
fix,48776,1,1,1.25,9.27,10.69,1.25,9.27,10.69,-0.262,0.608,-0.750,41.4,4053,0.007,1135,0.023,5,0.15,0.18,0.16,2,1.36,9.21,10.65,3,1.20,9.29,10.71,0.30,0.30,0.30,1.13,9.24,10.71,0.2,0
fix,48826,1,1,1.19,9.23,10.87,1.19,9.23,10.87,-0.260,0.627,-0.734,42.8,4139,0.008,1391,0.024,5,0.17,0.19,0.17,3,1.24,9.09,10.87,3,1.08,9.39,10.92,0.30,0.30,0.30,1.15,9.29,10.92,0.2,0
fix,48875,1,1,1.13,9.26,10.84,1.13,9.26,10.84,-0.262,0.616,-0.743,42.0,4330,0.006,1100,0.017,6,0.12,0.13,0.12,1,1.10,9.28,10.96,3,1.11,9.24,10.77,0.30,0.30,0.30,1.17,9.26,10.77,0.4,0
fix,48925,1,1,1.19,9.55,10.64,1.19,9.55,10.64,-0.262,0.582,-0.769,39.7,4222,0.007,1416,0.021,5,0.14,0.16,0.14,3,1.15,9.59,10.68,3,1.23,9.66,10.49,0.30,0.30,0.30,1.18,9.34,10.49,0.1,0
fix,48975,1,1,1.12,9.33,10.76,1.12,9.33,10.76,-0.246,0.609,-0.754,41.0,4305,0.007,1448,0.022,6,0.16,0.18,0.15,2,1.07,9.33,10.90,3,1.07,9.44,10.66,0.30,0.30,0.30,1.22,9.33,10.66,0.4,0
fix,49026,1,1,1.25,9.32,10.54,1.25,9.32,10.54,-0.258,0.581,-0.772,39.5,4025,0.007,1134,0.021,5,0.14,0.17,0.14,3,1.31,9.42,10.40,3,1.17,9.27,10.64,0.30,0.30,0.30,1.20,9.27,10.64,0.1,0
fix,49076,1,1,1.26,9.29,10.62,1.26,9.29,10.62,-0.260,0.602,-0.755,41.0,4114,0.007,1468,0.022,5,0.15,0.18,0.15,3,1.15,9.29,10.66,3,1.36,9.33,10.62,0.30,0.30,0.30,1.30,9.27,10.62,0.1,0
fix,49126,1,1,1.20,9.16,10.82,1.20,9.16,10.82,-0.257,0.618,-0.743,42.0,4228,0.008,1443,0.023,6,0.16,0.19,0.16,2,1.15,9.22,10.87,3,1.27,9.02,10.84,0.30,0.30,0.30,1.26,9.22,10.84,0.1,0
fix,49176,1,1,1.24,9.34,10.73,1.24,9.34,10.73,-0.264,0.603,-0.753,41.2,4108,0.007,1158,0.021,5,0.14,0.16,0.14,3,1.27,9.30,10.69,3,1.28,9.39,10.74,0.30,0.30,0.30,1.23,9.26,10.74,0.5,0
fix,49225,1,1,1.16,9.30,10.70,1.16,9.30,10.70,-0.259,0.599,-0.758,40.7,4177,0.007,1075,0.020,5,0.14,0.16,0.14,2,1.16,9.33,10.71,3,1.16,9.27,10.66,0.30,0.30,0.30,1.20,9.26,10.66,0.2,0
fix,49275,1,1,0.98,9.50,10.88,0.98,9.50,10.88,-0.251,0.588,-0.769,39.7,4372,0.008,1060,0.024,5,0.17,0.19,0.16,3,1.01,9.62,10.84,3,0.91,9.39,10.93,0.30,0.30,0.30,1.07,9.30,10.93,0.1,0
fix,49326,1,1,1.07,9.41,10.86,1.07,9.41,10.86,-0.255,0.609,-0.751,41.3,4187,0.008,1224,0.022,4,0.17,0.20,0.17,3,1.15,9.31,10.80,3,1.02,9.49,10.85,0.30,0.30,0.30,1.00,9.46,10.85,0.2,0
fix,49375,1,1,1.04,9.41,10.91,1.04,9.41,10.91,-0.252,0.603,-0.757,40.8,4298,0.008,1408,0.024,6,0.17,0.20,0.17,2,1.11,9.43,10.88,3,0.92,9.49,10.96,0.30,0.30,0.30,1.01,9.38,10.96,0.1,0
fix,49429,1,1,0.86,9.61,10.81,0.86,9.61,10.81,-0.251,0.583,-0.773,39.4,4359,0.008,1256,0.024,6,0.17,0.19,0.16,2,0.84,9.60,10.81,3,0.75,9.71,10.82,0.30,0.30,0.30,0.98,9.47,10.82,0.2,0
fix,49478,1,1,1.08,9.40,10.78,1.08,9.40,10.78,-0.256,0.601,-0.758,40.7,4230,0.005,1273,0.017,5,0.11,0.13,0.11,3,1.11,9.39,10.75,3,1.10,9.41,10.82,0.30,0.30,0.30,0.98,9.46,10.82,0.1,0
fix,49524,1,1,1.05,9.40,10.96,1.05,9.40,10.96,-0.251,0.611,-0.751,41.3,4342,0.009,1246,0.027,5,0.19,0.21,0.19,3,1.00,9.41,10.98,3,1.05,9.39,11.01,0.30,0.30,0.30,1.03,9.44,11.01,0.1,0
fix,49573,1,1,1.00,9.35,10.76,1.00,9.35,10.76,-0.255,0.592,-0.764,40.2,4122,0.005,1261,0.015,5,0.11,0.12,0.10,3,1.01,9.35,10.66,3,1.02,9.35,10.77,0.30,0.30,0.30,1.02,9.40,10.77,0.2,0
fix,49623,1,1,1.10,9.40,10.75,1.10,9.40,10.75,-0.267,0.595,-0.758,40.7,4232,0.006,1271,0.019,5,0.13,0.15,0.13,2,1.12,9.46,10.77,3,1.07,9.41,10.71,0.30,0.30,0.30,1.04,9.35,10.71,0.1,0
fix,49677,1,1,1.27,9.39,10.54,1.27,9.39,10.54,-0.261,0.585,-0.768,39.8,4066,0.005,1740,0.016,5,0.11,0.13,0.11,2,1.21,9.44,10.52,3,1.35,9.29,10.55,0.30,0.30,0.30,1.21,9.36,10.55,0.1,0
fix,49726,1,1,1.22,9.08,10.75,1.22,9.08,10.75,-0.261,0.617,-0.743,42.1,4104,0.006,1463,0.019,5,0.13,0.15,0.13,3,1.15,9.16,10.77,3,1.31,8.89,10.75,0.30,0.30,0.30,1.25,9.21,10.75,0.2,0
fix,49776,1,1,1.25,9.35,10.78,1.25,9.35,10.78,-0.254,0.620,-0.742,42.1,4138,0.006,1806,0.019,5,0.13,0.15,0.13,3,1.35,9.17,10.79,3,1.20,9.62,10.75,0.30,0.30,0.30,1.19,9.29,10.75,0.0,0
fix,49825,1,1,1.29,9.09,10.79,1.29,9.09,10.79,-0.259,0.620,-0.740,42.3,4020,0.006,1428,0.019,5,0.13,0.15,0.13,3,1.38,9.03,10.69,3,1.20,9.20,10.90,0.30,0.30,0.30,1.23,9.21,10.90,0.2,0
fix,49875,1,1,1.31,9.12,10.72,1.31,9.12,10.72,-0.265,0.621,-0.738,42.5,4100,0.007,1093,0.022,6,0.15,0.17,0.15,2,1.32,9.11,10.78,3,1.29,9.14,10.72,0.30,0.30,0.30,1.28,9.16,10.72,0.5,0
fix,49924,1,1,1.17,9.36,10.75,1.17,9.36,10.75,-0.252,0.605,-0.755,40.9,4183,0.005,1094,0.016,6,0.11,0.13,0.11,1,1.13,9.33,10.76,3,1.18,9.38,10.74,0.30,0.30,0.30,1.27,9.23,10.74,0.3,0
fix,49974,1,1,1.08,9.42,10.69,1.08,9.42,10.69,-0.259,0.596,-0.760,40.5,4158,0.008,1066,0.023,6,0.16,0.19,0.16,2,1.09,9.40,10.68,3,1.05,9.46,10.70,0.30,0.30,0.30,1.19,9.34,10.70,0.3,0
fix,50024,1,1,1.00,9.64,10.60,1.00,9.64,10.60,-0.261,0.571,-0.778,38.9,4213,0.007,1064,0.022,6,0.15,0.18,0.15,1,1.03,9.64,10.57,3,0.98,9.67,10.57,0.30,0.30,0.30,1.05,9.56,10.57,0.1,0
fix,50075,1,1,1.23,9.16,10.76,1.23,9.16,10.76,-0.257,0.612,-0.748,41.6,4286,0.007,1380,0.020,5,0.14,0.16,0.14,3,1.11,9.33,10.89,3,1.22,9.32,10.65,0.73,0.73,0.73,1.08,9.55,10.65,0.3,0
fix,50126,1,1,1.09,9.26,11.04,1.09,9.26,11.04,-0.253,0.619,-0.744,42.0,4416,0.007,1068,0.022,6,0.16,0.18,0.15,1,1.05,9.36,11.12,3,1.08,9.23,11.05,0.30,0.30,0.30,1.11,9.36,11.05,0.5,0
fix,50174,1,1,1.07,9.52,11.02,1.07,9.52,11.02,-0.249,0.604,-0.757,40.8,4544,0.006,1072,0.019,5,0.13,0.15,0.13,3,1.05,9.61,11.07,3,1.10,9.48,10.96,0.30,0.30,0.30,1.09,9.39,10.96,0.1,0
fix,50226,1,1,1.20,9.17,10.76,1.20,9.17,10.76,-0.263,0.615,-0.744,41.9,4084,0.008,1047,0.025,7,0.17,0.20,0.17,1,1.25,9.15,10.71,3,1.25,9.04,10.71,0.30,0.30,0.30,1.07,9.37,10.71,0.2,0
fix,50276,1,1,1.20,9.29,10.81,1.20,9.29,10.81,-0.259,0.603,-0.755,41.0,4164,0.006,1368,0.017,5,0.12,0.14,0.12,2,1.25,9.31,10.71,3,1.13,9.38,10.88,0.30,0.30,0.30,1.11,9.25,10.88,0.1,0
fix,50325,1,1,1.07,9.42,10.91,1.07,9.42,10.91,-0.247,0.596,-0.764,40.2,4454,0.006,1081,0.017,6,0.12,0.14,0.12,2,1.01,9.59,10.93,3,1.04,9.34,10.99,0.30,0.30,0.30,1.17,9.20,10.99,0.3,0
fix,50375,1,1,1.14,9.36,10.77,1.14,9.36,10.77,-0.252,0.608,-0.753,41.1,4094,0.008,1369,0.026,6,0.18,0.21,0.18,2,1.24,9.26,10.69,3,1.13,9.37,10.79,0.30,0.30,0.30,1.09,9.36,10.79,0.4,0
fix,50428,1,1,1.04,9.16,11.01,1.04,9.16,11.01,-0.252,0.626,-0.738,42.4,4309,0.004,1261,0.012,6,0.09,0.11,0.09,2,0.98,9.19,11.04,3,1.04,9.14,11.01,0.30,0.30,0.30,1.12,9.26,11.01,0.2,0
fix,50475,1,1,1.32,9.15,10.71,1.32,9.15,10.71,-0.254,0.618,-0.744,41.9,4029,0.006,1167,0.016,4,0.12,0.14,0.12,3,1.39,9.10,10.70,3,1.36,9.18,10.63,0.30,0.30,0.30,1.13,9.24,10.63,0.1,0
fix,50523,1,1,1.09,9.27,10.74,1.09,9.27,10.74,-0.263,0.601,-0.755,41.0,4169,0.005,1264,0.014,5,0.10,0.11,0.10,2,1.05,9.35,10.74,3,1.05,9.24,10.74,0.30,0.30,0.30,1.18,9.18,10.74,0.1,0
fix,50577,1,1,1.25,9.04,10.86,1.25,9.04,10.86,-0.251,0.625,-0.739,42.3,4164,0.009,1573,0.029,5,0.20,0.23,0.20,3,1.20,9.14,10.91,3,1.35,8.85,10.86,0.30,0.30,0.30,1.21,9.10,10.86,0.4,0
fix,50627,1,1,0.92,9.16,11.08,0.92,9.16,11.08,-0.247,0.629,-0.737,42.5,4372,0.004,1835,0.013,5,0.10,0.11,0.09,3,0.78,9.16,11.12,3,0.97,9.09,11.06,0.30,0.30,0.30,1.17,9.15,11.06,0.2,0
fix,50677,1,1,1.05,9.25,10.94,1.05,9.25,10.94,-0.258,0.625,-0.737,42.5,4258,0.006,1525,0.017,5,0.12,0.14,0.12,3,1.17,9.17,10.95,3,1.07,9.36,10.86,0.30,0.30,0.30,0.97,9.21,10.86,0.3,0
fix,50723,1,1,1.12,9.31,10.96,1.12,9.31,10.96,-0.254,0.612,-0.749,41.5,4353,0.005,1123,0.014,5,0.10,0.11,0.10,3,1.05,9.38,11.00,3,1.19,9.34,10.92,0.30,0.30,0.30,1.06,9.20,10.92,0.2,0
fix,50774,1,1,1.01,9.33,10.88,1.01,9.33,10.88,-0.257,0.602,-0.756,40.9,4288,0.008,1089,0.024,7,0.17,0.19,0.16,0,0.98,9.39,10.87,3,1.00,9.30,10.85,0.30,0.30,0.30,1.06,9.22,10.85,0.2,0
fix,50823,1,1,1.05,9.46,10.73,1.05,9.46,10.73,-0.255,0.586,-0.769,39.7,4204,0.006,1070,0.017,5,0.12,0.14,0.11,3,1.07,9.51,10.66,3,1.01,9.44,10.76,0.30,0.30,0.30,1.05,9.28,10.76,0.3,0
fix,50878,1,1,1.14,9.06,10.89,1.14,9.06,10.89,-0.250,0.628,-0.737,42.5,4177,0.006,1260,0.017,6,0.12,0.14,0.12,2,1.11,9.07,10.93,3,1.14,8.97,10.91,0.30,0.30,0.30,1.09,9.24,10.91,0.2,0
fix,50928,1,1,1.11,9.40,10.77,1.11,9.40,10.77,-0.253,0.596,-0.762,40.4,4227,0.005,1964,0.014,5,0.10,0.11,0.10,2,1.10,9.44,10.76,3,1.17,9.31,10.68,0.30,0.30,0.30,1.09,9.29,10.68,0.2,0
fix,50976,1,1,1.02,9.55,10.87,1.02,9.55,10.87,-0.254,0.591,-0.766,40.0,4395,0.005,1808,0.015,5,0.12,0.13,0.12,2,0.96,9.59,10.90,3,1.12,9.56,10.81,0.30,0.30,0.30,1.09,9.42,10.81,0.4,0
fix,51029,1,1,1.18,9.26,10.82,1.18,9.26,10.82,-0.253,0.615,-0.747,41.7,4173,0.006,1262,0.018,5,0.13,0.15,0.13,3,1.20,9.22,10.81,3,1.18,9.26,10.78,0.30,0.30,0.30,1.10,9.37,10.78,0.0,0
fix,51078,1,1,1.14,9.36,10.65,1.14,9.36,10.65,-0.255,0.599,-0.759,40.7,4134,0.006,1793,0.018,5,0.12,0.14,0.12,2,1.15,9.31,10.66,3,1.19,9.47,10.52,0.30,0.30,0.30,1.10,9.37,10.52,0.1,0
fix,51125,1,1,1.15,9.43,10.72,1.15,9.43,10.72,-0.254,0.593,-0.764,40.2,4170,0.005,1673,0.015,5,0.10,0.12,0.10,2,1.21,9.43,10.65,3,1.09,9.51,10.78,0.30,0.30,0.30,1.10,9.37,10.78,0.1,0
fix,51173,1,1,1.14,9.40,10.67,1.14,9.40,10.67,-0.256,0.596,-0.761,40.4,4081,0.007,1251,0.021,5,0.14,0.17,0.14,3,1.13,9.39,10.63,3,1.13,9.37,10.73,0.30,0.30,0.30,1.12,9.39,10.73,0.1,0
fix,51226,1,1,1.06,9.40,10.94,1.06,9.40,10.94,-0.254,0.619,-0.744,42.0,4383,0.005,1153,0.016,6,0.11,0.12,0.11,2,1.09,9.36,11.08,3,1.08,9.38,10.89,0.30,0.30,0.30,1.08,9.43,10.89,0.2,0
fix,51275,1,1,1.26,9.10,10.75,1.26,9.10,10.75,-0.251,0.626,-0.738,42.4,3981,0.006,1438,0.018,5,0.12,0.14,0.12,3,1.29,8.98,10.69,3,1.27,9.12,10.76,0.30,0.30,0.30,1.13,9.37,10.76,0.2,0
fix,51325,1,1,1.14,9.42,10.75,1.14,9.42,10.75,-0.259,0.596,-0.761,40.5,4234,0.007,1136,0.020,5,0.14,0.16,0.14,3,1.11,9.46,10.77,3,1.12,9.50,10.71,0.30,0.30,0.30,1.18,9.29,10.71,0.3,0
fix,51375,1,1,1.18,9.57,10.64,1.18,9.57,10.64,-0.258,0.583,-0.771,39.6,4241,0.005,1393,0.014,6,0.10,0.12,0.10,1,1.11,9.55,10.67,3,1.31,9.66,10.54,0.30,0.30,0.30,1.19,9.41,10.54,0.1,0
fix,51425,1,1,1.06,9.44,10.80,1.06,9.44,10.80,-0.258,0.619,-0.742,42.1,4223,0.006,1152,0.018,5,0.13,0.14,0.13,3,1.11,9.25,10.92,3,1.06,9.59,10.61,0.30,0.30,0.30,1.11,9.56,10.61,0.2,0
fix,51476,1,1,1.16,8.92,11.13,1.16,8.92,11.13,-0.261,0.626,-0.735,42.7,4058,0.006,1369,0.018,6,0.12,0.14,0.12,2,1.37,9.04,10.78,3,1.35,9.07,10.87,0.72,0.72,0.72,1.18,9.35,10.87,0.6,0
fix,51525,1,1,1.00,9.49,10.77,1.00,9.49,10.77,-0.250,0.588,-0.769,39.7,4270,0.006,1132,0.019,5,0.13,0.15,0.13,3,0.99,9.55,10.74,3,0.87,9.62,10.80,0.30,0.30,0.30,1.19,9.30,10.80,0.2,0
fix,51576,1,1,1.17,9.34,10.64,1.17,9.34,10.64,-0.254,0.599,-0.759,40.6,4197,0.007,1509,0.022,6,0.15,0.18,0.15,2,1.05,9.36,10.72,3,1.31,9.33,10.51,0.30,0.30,0.30,1.22,9.30,10.51,0.2,0
fix,51624,1,1,1.25,9.35,10.56,1.25,9.35,10.56,-0.266,0.606,-0.750,41.4,4004,0.008,1392,0.023,6,0.16,0.19,0.16,2,1.27,9.19,10.58,3,1.32,9.49,10.50,0.30,0.30,0.30,1.17,9.46,10.50,0.7,0
fix,51675,1,1,1.09,9.55,10.76,1.09,9.55,10.76,-0.252,0.595,-0.763,40.2,4382,0.007,1386,0.020,6,0.14,0.16,0.13,2,0.97,9.48,10.86,3,1.22,9.77,10.64,0.56,0.30,0.30,1.17,9.44,10.64,0.7,0
fix,51725,1,1,1.15,9.42,10.78,1.15,9.42,10.78,-0.258,0.599,-0.758,40.7,4256,0.004,1114,0.012,6,0.09,0.10,0.09,2,1.20,9.44,10.78,3,1.15,9.37,10.80,0.30,0.30,0.30,1.12,9.44,10.80,0.1,0
fix,51775,1,1,1.32,9.03,10.60,1.32,9.03,10.60,-0.261,0.613,-0.746,41.8,3910,0.008,1374,0.025,5,0.17,0.20,0.17,3,1.32,9.05,10.54,3,1.35,8.82,10.63,0.30,0.30,0.30,1.17,9.33,10.63,0.4,0
fix,51825,1,1,1.08,9.50,10.83,1.08,9.50,10.83,-0.255,0.596,-0.762,40.4,4406,0.007,1079,0.021,5,0.15,0.17,0.15,3,1.06,9.55,10.93,3,1.02,9.54,10.81,0.30,0.30,0.30,1.18,9.33,10.81,0.1,0
fix,51876,1,1,1.17,9.27,10.92,1.17,9.27,10.92,-0.250,0.618,-0.746,41.8,4327,0.008,1355,0.023,6,0.16,0.18,0.16,2,1.14,9.30,10.98,3,1.21,9.18,10.86,0.30,0.30,0.30,1.18,9.33,10.86,0.2,0
fix,51925,1,1,1.02,9.41,10.81,1.02,9.41,10.81,-0.256,0.594,-0.763,40.3,4279,0.005,1055,0.016,6,0.11,0.13,0.11,2,0.99,9.45,10.79,3,1.06,9.33,10.89,0.30,0.30,0.30,1.12,9.35,10.89,0.2,0
fix,51976,1,1,0.97,9.35,10.88,0.97,9.35,10.88,-0.245,0.608,-0.755,41.0,4340,0.006,1421,0.020,5,0.14,0.16,0.14,3,1.01,9.39,10.95,3,0.83,9.33,10.94,0.30,0.30,0.30,1.05,9.34,10.94,0.3,0
fix,52024,1,1,1.11,9.59,10.75,1.11,9.59,10.75,-0.254,0.583,-0.772,39.5,4314,0.007,1316,0.020,6,0.14,0.16,0.14,2,1.10,9.62,10.77,3,1.10,9.66,10.71,0.30,0.30,0.30,1.09,9.40,10.71,0.1,0
fix,52076,1,1,1.14,9.42,11.05,1.14,9.42,11.05,-0.248,0.619,-0.745,41.8,4501,0.005,1060,0.016,6,0.11,0.12,0.11,2,1.13,9.41,11.16,3,1.21,9.36,10.93,0.30,0.30,0.30,1.09,9.47,10.93,0.1,0
fix,52125,1,1,1.15,9.26,10.99,1.15,9.26,10.99,-0.254,0.623,-0.740,42.3,4250,0.006,1393,0.018,5,0.12,0.14,0.12,3,1.19,9.18,10.92,3,1.15,9.29,10.99,0.30,0.30,0.30,1.08,9.43,10.99,0.2,0
fix,52178,1,1,1.14,9.25,10.79,1.14,9.25,10.79,-0.259,0.603,-0.754,41.0,4159,0.006,1271,0.019,6,0.13,0.15,0.13,2,1.13,9.25,10.73,3,1.13,9.19,10.88,0.30,0.30,0.30,1.11,9.36,10.88,0.1,0
fix,52226,1,1,1.30,9.21,10.76,1.30,9.21,10.76,-0.256,0.617,-0.744,41.9,4166,0.006,1269,0.020,5,0.13,0.16,0.13,3,1.33,9.23,10.81,3,1.25,9.20,10.77,0.30,0.30,0.30,1.20,9.26,10.77,0.2,0
fix,52276,1,1,1.28,9.51,10.73,1.28,9.51,10.73,-0.259,0.596,-0.760,40.5,4265,0.006,1314,0.020,5,0.13,0.16,0.13,2,1.30,9.50,10.75,3,1.28,9.59,10.61,0.30,0.30,0.30,1.22,9.34,10.61,0.3,0
fix,52323,1,1,1.26,9.25,10.70,1.26,9.25,10.70,-0.257,0.614,-0.746,41.7,4052,0.007,1259,0.022,5,0.15,0.18,0.15,2,1.30,9.17,10.69,3,1.26,9.22,10.65,0.30,0.30,0.30,1.21,9.38,10.65,0.3,0
fix,52377,1,1,1.15,9.63,10.73,1.15,9.63,10.73,-0.258,0.577,-0.775,39.2,4354,0.008,1252,0.025,6,0.17,0.20,0.17,2,1.14,9.73,10.76,3,1.10,9.68,10.69,0.30,0.30,0.30,1.21,9.39,10.69,0.3,0
fix,52425,1,1,1.03,9.62,10.82,1.03,9.62,10.82,-0.257,0.585,-0.769,39.7,4360,0.005,1132,0.014,5,0.10,0.11,0.10,3,1.00,9.60,10.82,3,1.03,9.69,10.81,0.30,0.30,0.30,1.17,9.53,10.81,0.3,0
fix,52475,1,1,1.25,9.13,10.86,1.25,9.13,10.86,-0.257,0.632,-0.731,43.0,4099,0.006,1069,0.018,5,0.12,0.14,0.12,2,1.31,9.06,10.86,3,1.22,9.10,10.91,0.30,0.30,0.30,1.16,9.44,10.91,0.2,0
fix,52526,1,1,1.24,8.98,10.85,1.24,8.98,10.85,-0.252,0.621,-0.742,42.1,4073,0.007,1342,0.022,5,0.15,0.18,0.15,2,1.19,9.09,10.80,3,1.27,8.85,10.91,0.30,0.30,0.30,1.22,9.02,10.91,0.2,0
fix,52576,1,1,1.34,9.31,10.53,1.34,9.31,10.53,-0.271,0.591,-0.760,40.6,4055,0.007,1638,0.023,5,0.15,0.18,0.15,3,1.34,9.37,10.54,3,1.36,9.32,10.46,0.30,0.30,0.30,1.26,9.14,10.46,0.0,0
fix,52626,1,1,1.06,9.36,11.09,1.06,9.36,11.09,-0.254,0.619,-0.743,42.0,4425,0.008,1498,0.025,6,0.18,0.20,0.18,1,1.04,9.39,11.11,3,1.04,9.33,11.20,0.30,0.30,0.30,1.21,9.22,11.20,0.0,0
fix,52676,1,1,1.25,9.39,10.58,1.25,9.39,10.58,-0.256,0.593,-0.763,40.3,4034,0.006,1065,0.017,6,0.11,0.14,0.11,1,1.29,9.35,10.49,3,1.22,9.42,10.53,0.30,0.30,0.30,1.20,9.35,10.53,0.4,0
fix,52726,1,1,1.18,9.32,10.73,1.18,9.32,10.73,-0.245,0.611,-0.753,41.2,4203,0.006,1834,0.019,6,0.13,0.16,0.13,2,1.13,9.30,10.85,3,1.23,9.31,10.69,0.30,0.30,0.30,1.21,9.35,10.69,0.2,0
fix,52775,1,1,1.18,9.14,10.94,1.18,9.14,10.94,-0.247,0.630,-0.736,42.6,4239,0.007,1094,0.022,5,0.16,0.18,0.15,2,1.12,9.12,10.99,3,1.17,9.16,10.92,0.30,0.30,0.30,1.24,9.28,10.92,0.4,0
fix,52826,1,1,1.16,9.28,10.78,1.16,9.28,10.78,-0.249,0.607,-0.755,41.0,4134,0.006,1056,0.019,5,0.13,0.16,0.13,2,1.11,9.23,10.75,3,1.18,9.36,10.78,0.30,0.30,0.30,1.23,9.28,10.78,0.3,0
fix,52876,1,1,1.07,9.31,11.03,1.07,9.31,11.03,-0.252,0.621,-0.742,42.1,4455,0.005,1079,0.015,5,0.11,0.12,0.11,3,1.07,9.36,11.11,3,1.06,9.33,11.00,0.30,0.30,0.30,1.16,9.24,11.00,0.1,0
fix,52929,1,1,0.99,9.30,11.12,0.99,9.30,11.12,-0.253,0.623,-0.740,42.2,4425,0.006,1586,0.017,6,0.12,0.14,0.12,2,1.02,9.28,11.11,3,0.93,9.34,11.15,0.30,0.30,0.30,1.05,9.26,11.15,0.2,0
fix,52978,1,1,1.16,9.15,10.85,1.16,9.15,10.85,-0.253,0.628,-0.736,42.6,4181,0.007,1248,0.022,6,0.15,0.17,0.15,2,1.18,9.07,10.91,3,1.15,9.17,10.73,0.30,0.30,0.30,1.09,9.26,10.73,0.1,0
fix,53029,1,1,1.16,9.29,10.94,1.16,9.29,10.94,-0.254,0.616,-0.746,41.8,4323,0.006,1266,0.019,6,0.13,0.15,0.13,2,1.15,9.30,10.98,3,1.18,9.38,10.87,0.30,0.30,0.30,1.12,9.23,10.87,0.2,0
fix,53078,1,1,1.25,9.21,10.69,1.25,9.21,10.69,-0.259,0.590,-0.765,40.1,4113,0.007,1938,0.022,6,0.15,0.17,0.15,2,1.19,9.43,10.61,3,1.37,8.98,10.72,0.30,0.30,0.30,1.19,9.13,10.72,0.2,0
fix,53128,1,1,0.99,9.45,10.89,0.99,9.45,10.89,-0.251,0.598,-0.761,40.4,4335,0.005,1602,0.016,5,0.12,0.13,0.11,3,1.00,9.49,10.85,3,0.88,9.44,11.03,0.30,0.30,0.30,1.14,9.24,11.03,0.1,0
fix,53175,1,1,1.12,9.48,10.82,1.12,9.48,10.82,-0.255,0.606,-0.753,41.1,4306,0.008,1296,0.025,6,0.17,0.20,0.17,2,1.14,9.42,10.91,3,1.12,9.53,10.78,0.30,0.30,0.30,1.11,9.45,10.78,0.3,0
fix,53224,1,1,1.21,9.27,10.56,1.21,9.27,10.56,-0.270,0.602,-0.752,41.2,3950,0.006,1244,0.017,6,0.11,0.14,0.12,2,1.27,9.17,10.53,3,1.18,9.41,10.47,0.30,0.30,0.30,1.12,9.39,10.47,0.1,0
fix,53278,1,1,1.17,9.23,10.74,1.17,9.23,10.74,-0.255,0.607,-0.753,41.2,4178,0.005,1289,0.016,5,0.11,0.13,0.11,3,1.13,9.30,10.76,3,1.19,9.26,10.64,0.30,0.30,0.30,1.16,9.25,10.64,0.1,0
fix,53326,1,1,1.14,9.52,10.61,1.14,9.52,10.61,-0.256,0.583,-0.771,39.6,4195,0.008,1288,0.025,5,0.17,0.20,0.17,2,1.14,9.57,10.65,3,1.14,9.51,10.56,0.30,0.30,0.30,1.15,9.31,10.56,0.0,0
fix,53375,1,1,1.31,9.10,10.65,1.31,9.10,10.65,-0.261,0.627,-0.734,42.8,3900,0.006,1416,0.020,5,0.13,0.16,0.14,3,1.42,8.92,10.60,3,1.25,9.09,10.70,0.30,0.30,0.30,1.16,9.37,10.70,0.1,0
fix,53425,1,1,1.23,9.28,10.77,1.23,9.28,10.77,-0.253,0.603,-0.757,40.8,4228,0.007,1139,0.021,6,0.14,0.17,0.15,1,1.22,9.38,10.78,3,1.19,9.34,10.70,0.30,0.30,0.30,1.24,9.21,10.70,0.3,0
fix,53474,1,1,1.11,9.20,10.98,1.11,9.20,10.98,-0.261,0.631,-0.731,43.1,4202,0.005,1379,0.015,5,0.10,0.12,0.10,3,1.11,9.08,11.01,3,1.05,9.25,10.96,0.30,0.30,0.30,1.20,9.29,10.96,0.2,0
fix,53524,1,1,1.36,8.86,10.81,1.36,8.86,10.81,-0.251,0.638,-0.728,43.3,3949,0.008,1081,0.025,5,0.17,0.20,0.18,2,1.38,8.87,10.74,3,1.35,8.79,10.88,0.30,0.30,0.30,1.26,9.04,10.88,0.1,0
fix,53575,1,1,1.32,8.95,10.80,1.32,8.95,10.80,-0.262,0.626,-0.734,42.7,4008,0.005,1107,0.015,5,0.10,0.12,0.10,3,1.35,8.99,10.72,3,1.29,8.90,10.94,0.30,0.30,0.30,1.27,8.95,10.94,0.5,0
fix,53627,1,1,1.23,9.15,10.84,1.23,9.15,10.84,-0.256,0.618,-0.743,42.0,4223,0.006,1272,0.018,6,0.13,0.15,0.13,2,1.21,9.17,10.87,3,1.18,9.16,10.93,0.30,0.30,0.30,1.29,9.04,10.93,0.3,0
fix,53679,1,1,1.09,9.30,11.04,1.09,9.30,11.04,-0.243,0.619,-0.747,41.7,4412,0.005,1278,0.015,6,0.11,0.12,0.11,2,1.04,9.33,11.08,3,1.05,9.27,11.12,0.30,0.30,0.30,1.26,9.13,11.12,0.1,0
fix,53727,1,1,1.16,9.22,10.75,1.16,9.22,10.75,-0.255,0.612,-0.749,41.5,4134,0.006,1257,0.017,5,0.12,0.14,0.12,2,1.19,9.20,10.76,3,1.15,9.28,10.67,0.30,0.30,0.30,1.17,9.20,10.67,0.5,0
fix,53774,1,1,1.18,9.08,10.85,1.18,9.08,10.85,-0.252,0.625,-0.739,42.3,4174,0.006,1252,0.017,5,0.12,0.14,0.12,3,1.14,9.11,10.88,3,1.21,9.02,10.89,0.30,0.30,0.30,1.20,9.16,10.89,0.3,0
fix,53826,1,1,1.07,9.40,10.92,1.07,9.40,10.92,-0.261,0.608,-0.750,41.4,4449,0.008,1740,0.025,6,0.17,0.20,0.17,2,0.99,9.47,11.07,3,1.16,9.35,10.79,0.30,0.30,0.30,1.17,9.22,10.79,0.3,0
fix,53876,1,1,1.10,9.31,11.03,1.10,9.31,11.03,-0.253,0.619,-0.743,42.0,4364,0.006,1271,0.019,6,0.13,0.15,0.13,2,1.11,9.31,11.06,3,1.13,9.29,10.97,0.30,0.30,0.30,1.10,9.31,10.97,0.1,0
fix,53925,1,1,1.26,9.21,10.58,1.26,9.21,10.58,-0.268,0.594,-0.758,40.7,3881,0.005,1570,0.016,5,0.11,0.13,0.11,3,1.29,9.17,10.41,3,1.25,9.25,10.64,0.30,0.30,0.30,1.14,9.28,10.64,0.4,0
fix,53974,1,1,1.21,9.07,10.85,1.21,9.07,10.85,-0.252,0.630,-0.735,42.7,4190,0.006,1279,0.018,6,0.12,0.14,0.13,2,1.19,9.08,10.91,3,1.19,9.05,10.88,0.30,0.30,0.30,1.20,9.18,10.88,0.2,0
fix,54027,1,1,0.96,9.24,11.14,0.96,9.24,11.14,-0.255,0.624,-0.739,42.4,4393,0.006,1287,0.017,6,0.12,0.13,0.12,2,0.94,9.26,11.09,3,0.89,9.28,11.26,0.30,0.30,0.30,1.14,9.17,11.26,0.2,0
fix,54073,1,1,1.20,9.17,10.87,1.20,9.17,10.87,-0.256,0.618,-0.743,42.0,4142,0.007,1040,0.021,5,0.16,0.18,0.16,2,1.28,9.16,10.80,3,1.28,9.06,10.88,0.30,0.30,0.30,1.08,9.21,10.88,0.1,0
fix,54125,1,1,1.02,9.40,10.87,1.02,9.40,10.87,-0.250,0.606,-0.755,40.9,4325,0.006,1135,0.020,5,0.14,0.16,0.14,3,0.97,9.42,10.93,3,1.01,9.43,10.83,0.30,0.30,0.30,1.11,9.27,10.83,0.2,0
fix,54175,1,1,1.01,9.63,10.82,1.01,9.63,10.82,-0.251,0.570,-0.783,38.5,4363,0.006,1384,0.020,6,0.14,0.16,0.13,2,0.96,9.80,10.70,3,1.00,9.56,10.96,0.30,0.30,0.30,1.09,9.33,10.96,0.1,0
fix,54225,1,1,0.96,9.34,10.90,0.96,9.34,10.90,-0.252,0.612,-0.750,41.4,4248,0.007,1140,0.023,6,0.16,0.19,0.16,2,0.94,9.33,10.92,3,1.04,9.32,10.87,0.30,0.30,0.30,1.04,9.41,10.87,0.3,0
fix,54274,1,1,1.11,9.26,10.87,1.11,9.26,10.87,-0.260,0.613,-0.746,41.7,4184,0.008,1055,0.026,5,0.18,0.21,0.18,3,1.15,9.22,10.84,3,1.12,9.32,10.84,0.30,0.30,0.30,1.03,9.36,10.84,0.2,0
fix,54325,1,1,1.17,9.43,10.73,1.17,9.43,10.73,-0.261,0.590,-0.764,40.2,4211,0.005,1119,0.016,5,0.11,0.13,0.11,3,1.19,9.46,10.67,3,1.19,9.45,10.74,0.30,0.30,0.30,1.06,9.35,10.74,0.2,0
fix,54375,1,1,1.24,8.99,10.75,1.24,8.99,10.75,-0.260,0.621,-0.739,42.3,3998,0.007,1439,0.020,6,0.14,0.16,0.14,2,1.18,9.02,10.68,3,1.34,8.86,10.84,0.30,0.30,0.30,1.18,9.16,10.84,0.4,0
fix,54431,1,1,1.08,9.30,10.95,1.08,9.30,10.95,-0.256,0.613,-0.747,41.7,4286,0.006,1294,0.018,5,0.12,0.14,0.12,3,1.09,9.34,10.92,3,1.05,9.34,10.99,0.30,0.30,0.30,1.15,9.18,10.99,0.2,0
fix,54477,1,1,1.12,9.30,10.97,1.12,9.30,10.97,-0.252,0.617,-0.746,41.8,4292,0.008,1543,0.024,5,0.16,0.19,0.16,3,1.15,9.25,10.92,3,1.06,9.32,11.12,0.30,0.30,0.30,1.13,9.25,11.12,0.2,0
fix,54524,1,1,1.09,9.25,10.92,1.09,9.25,10.92,-0.256,0.621,-0.740,42.2,4230,0.008,1277,0.023,5,0.16,0.19,0.16,3,1.06,9.20,10.95,3,1.10,9.31,10.88,0.30,0.30,0.30,1.13,9.27,10.88,0.1,0
fix,54576,1,1,1.15,9.17,10.74,1.15,9.17,10.74,-0.258,0.618,-0.743,42.0,4005,0.008,1288,0.023,5,0.16,0.19,0.16,3,1.25,9.12,10.67,3,1.06,9.14,10.78,0.30,0.30,0.30,1.10,9.28,10.78,0.2,0
fix,54626,1,1,1.08,9.10,10.89,1.08,9.10,10.89,-0.288,0.606,-0.741,42.1,4224,0.005,1743,0.038,4,0.65,0.46,0.38,3,1.03,8.78,11.10,3,1.09,9.45,10.74,0.30,0.30,0.30,1.14,9.32,10.74,0.2,0
fix,54674,1,1,1.18,9.27,10.80,1.18,9.27,10.80,-0.256,0.610,-0.750,41.4,4280,0.004,1546,0.013,5,0.09,0.11,0.09,2,1.13,9.33,10.90,3,1.28,9.29,10.71,0.30,0.30,0.30,1.15,9.24,10.71,0.2,0
fix,54728,1,1,1.31,9.35,10.71,1.31,9.35,10.71,-0.261,0.606,-0.752,41.3,4061,0.005,1752,0.015,6,0.10,0.12,0.10,2,1.38,9.27,10.66,3,1.28,9.48,10.70,0.30,0.30,0.30,1.17,9.29,10.70,0.1,0
fix,54776,1,1,1.25,9.28,10.79,1.25,9.28,10.79,-0.260,0.603,-0.754,41.0,4187,0.006,1731,0.020,6,0.13,0.16,0.13,2,1.31,9.43,10.74,3,1.17,9.12,10.81,0.30,0.30,0.30,1.20,9.23,10.81,0.3,0
fix,54826,1,1,1.18,9.33,10.66,1.18,9.33,10.66,-0.260,0.597,-0.759,40.6,4148,0.009,1480,0.027,6,0.19,0.22,0.19,2,1.13,9.39,10.67,3,1.20,9.27,10.62,0.30,0.30,0.30,1.24,9.25,10.62,0.2,0
fix,54875,1,1,1.20,9.28,10.53,1.20,9.28,10.53,-0.268,0.589,-0.762,40.3,3925,0.006,1073,0.017,5,0.11,0.14,0.12,2,1.20,9.31,10.45,3,1.24,9.16,10.56,0.30,0.30,0.30,1.21,9.29,10.56,0.1,0
fix,54924,1,1,1.15,9.42,10.76,1.15,9.42,10.76,-0.258,0.604,-0.754,41.1,4384,0.009,1383,0.027,5,0.19,0.22,0.19,3,1.00,9.50,10.96,3,1.31,9.31,10.63,0.30,0.30,0.30,1.24,9.32,10.63,0.2,0
fix,54976,1,1,1.15,9.32,10.73,1.15,9.32,10.73,-0.264,0.614,-0.744,41.9,4149,0.008,1392,0.024,5,0.16,0.19,0.16,3,1.18,9.17,10.81,3,1.15,9.46,10.66,0.30,0.30,0.30,1.19,9.45,10.66,0.5,0
fix,55026,1,1,1.12,9.10,10.93,1.12,9.10,10.93,-0.249,0.625,-0.740,42.3,4165,0.006,1109,0.019,6,0.14,0.16,0.14,2,1.08,9.09,10.93,3,1.19,9.03,10.95,0.30,0.30,0.30,1.17,9.30,10.95,0.1,0
fix,55075,1,1,0.98,9.32,10.86,0.98,9.32,10.86,-0.259,0.607,-0.751,41.3,4248,0.008,1430,0.024,5,0.16,0.19,0.16,3,1.13,9.31,10.83,3,0.97,9.39,10.85,0.77,0.38,0.36,1.11,9.28,10.85,0.5,0
fix,55125,1,1,1.11,9.41,10.88,1.11,9.41,10.88,-0.256,0.599,-0.758,40.7,4318,0.006,1072,0.019,5,0.13,0.15,0.13,2,1.09,9.50,10.88,3,1.13,9.37,10.90,0.30,0.30,0.30,1.12,9.27,10.90,0.2,0
fix,55174,1,1,1.19,9.34,10.82,1.19,9.34,10.82,-0.258,0.611,-0.749,41.5,4216,0.006,1111,0.018,6,0.12,0.14,0.12,2,1.24,9.29,10.79,3,1.15,9.37,10.89,0.30,0.30,0.30,1.12,9.34,10.89,0.1,0
fix,55225,1,1,0.99,9.14,10.93,0.99,9.14,10.93,-0.254,0.605,-0.755,41.0,4070,0.008,1356,0.025,6,0.17,0.20,0.17,2,1.29,9.26,10.65,3,0.77,8.89,11.41,0.61,0.34,0.31,1.09,9.28,11.41,1.1,0
fix,55275,1,1,1.27,9.23,10.70,1.27,9.23,10.70,-0.264,0.614,-0.744,41.9,4103,0.008,1090,0.024,5,0.16,0.19,0.16,3,1.27,9.18,10.73,3,1.26,9.32,10.70,0.30,0.30,0.30,1.18,9.25,10.70,0.2,0
fix,55324,1,1,1.14,8.87,10.92,1.14,8.87,10.92,-0.261,0.649,-0.715,44.4,4010,0.005,1083,0.014,5,0.10,0.11,0.10,2,1.16,8.73,10.90,3,1.08,8.85,10.95,0.30,0.30,0.30,1.18,9.16,10.95,0.5,0
fix,55375,1,1,1.17,9.20,10.85,1.17,9.20,10.85,-0.255,0.614,-0.747,41.7,4163,0.007,1050,0.020,5,0.14,0.16,0.14,3,1.21,9.23,10.80,3,1.18,9.20,10.84,0.30,0.30,0.30,1.16,9.11,10.84,0.3,0
fix,55429,1,1,1.16,9.28,10.69,1.16,9.28,10.69,-0.252,0.602,-0.758,40.7,4140,0.007,1626,0.020,6,0.14,0.16,0.14,2,1.13,9.34,10.69,3,1.21,9.22,10.64,0.30,0.30,0.30,1.17,9.16,10.64,0.1,0
fix,55477,1,1,1.01,9.27,10.96,1.01,9.27,10.96,-0.250,0.616,-0.747,41.7,4338,0.005,1263,0.017,6,0.12,0.13,0.12,1,1.01,9.31,11.00,3,0.98,9.27,10.98,0.30,0.30,0.30,1.11,9.18,10.98,0.2,0
fix,55529,1,1,1.28,9.16,10.69,1.28,9.16,10.69,-0.263,0.619,-0.740,42.2,4024,0.005,1867,0.015,5,0.10,0.12,0.11,2,1.28,9.05,10.69,3,1.29,9.29,10.69,0.30,0.30,0.30,1.14,9.23,10.69,0.3,0
fix,55574,1,1,1.21,9.38,10.68,1.21,9.38,10.68,-0.249,0.592,-0.767,40.0,4173,0.007,1059,0.023,6,0.15,0.18,0.15,2,1.23,9.45,10.66,3,1.22,9.38,10.63,0.30,0.30,0.30,1.16,9.23,10.63,0.2,0
fix,55628,1,1,1.44,9.33,10.60,1.44,9.33,10.60,-0.262,0.584,-0.768,39.8,4094,0.005,1265,0.017,6,0.11,0.13,0.11,1,1.47,9.48,10.50,3,1.49,9.24,10.60,0.30,0.30,0.30,1.28,9.23,10.60,0.4,0
fix,55676,1,1,1.29,9.45,10.49,1.29,9.45,10.49,-0.264,0.577,-0.773,39.4,4041,0.006,1256,0.018,6,0.12,0.14,0.12,2,1.27,9.48,10.43,3,1.27,9.48,10.54,0.30,0.30,0.30,1.32,9.33,10.54,0.1,0
fix,55726,1,1,1.04,9.40,10.81,1.04,9.40,10.81,-0.257,0.609,-0.751,41.4,4287,0.007,1277,0.020,6,0.14,0.16,0.14,2,1.06,9.31,10.93,3,0.95,9.50,10.77,0.30,0.30,0.30,1.23,9.43,10.77,0.2,0
fix,55777,1,1,1.22,9.07,10.89,1.22,9.07,10.89,-0.253,0.643,-0.723,43.7,4119,0.008,1599,0.026,5,0.18,0.21,0.18,2,1.28,8.89,10.94,3,1.26,9.10,10.87,0.30,0.30,0.30,1.16,9.39,10.87,0.6,0
fix,55825,1,1,1.08,9.04,11.06,1.08,9.04,11.06,-0.251,0.638,-0.728,43.2,4272,0.007,1241,0.020,5,0.14,0.16,0.14,3,1.11,9.01,11.05,3,1.06,9.05,11.10,0.30,0.30,0.30,1.11,9.21,11.10,0.0,0
fix,55877,1,1,1.30,9.37,10.87,1.30,9.37,10.87,-0.258,0.601,-0.757,40.8,4337,0.007,1595,0.020,6,0.13,0.16,0.14,1,1.28,9.47,10.88,3,1.39,9.36,10.79,0.30,0.30,0.30,1.16,9.19,10.79,0.1,0
fix,55926,1,1,1.08,9.36,10.79,1.08,9.36,10.79,-0.258,0.591,-0.764,40.2,4248,0.005,1256,0.015,5,0.11,0.12,0.11,3,0.99,9.45,10.75,3,1.09,9.33,10.77,0.30,0.30,0.30,1.20,9.21,10.77,0.3,0
fix,55977,1,1,1.14,9.28,11.04,1.14,9.28,11.04,-0.249,0.617,-0.746,41.7,4511,0.008,1971,0.024,6,0.16,0.19,0.16,2,1.13,9.39,11.16,3,1.10,9.30,11.00,0.30,0.30,0.30,1.20,9.13,11.00,0.1,0
fix,56025,1,1,1.30,9.06,10.71,1.30,9.06,10.71,-0.260,0.621,-0.740,42.3,4048,0.008,1134,0.023,5,0.16,0.19,0.16,3,1.26,9.05,10.73,3,1.32,9.05,10.65,0.30,0.30,0.30,1.26,9.12,10.65,0.2,0
fix,56075,1,1,1.22,9.14,10.78,1.22,9.14,10.78,-0.251,0.616,-0.747,41.7,4192,0.005,1137,0.016,6,0.11,0.13,0.11,2,1.16,9.23,10.88,3,1.26,9.09,10.72,0.30,0.30,0.30,1.28,9.07,10.72,0.1,0
fix,56124,1,1,1.25,9.36,10.67,1.25,9.36,10.67,-0.253,0.589,-0.767,39.9,4068,0.008,1064,0.023,5,0.16,0.19,0.16,3,1.31,9.44,10.53,3,1.22,9.34,10.72,0.30,0.30,0.30,1.24,9.14,10.72,0.3,0
fix,56175,1,1,1.26,9.16,10.78,1.26,9.16,10.78,-0.254,0.621,-0.742,42.1,4169,0.006,1063,0.019,5,0.13,0.16,0.13,3,1.22,9.14,10.84,3,1.29,9.12,10.77,0.30,0.30,0.30,1.26,9.20,10.77,0.1,0
fix,56224,1,1,1.29,9.13,10.85,1.29,9.13,10.85,-0.260,0.631,-0.731,43.1,4109,0.007,1369,0.021,5,0.14,0.17,0.15,3,1.34,9.03,10.87,3,1.26,9.22,10.82,0.30,0.30,0.30,1.25,9.22,10.82,0.2,0
fix,56279,1,1,1.14,9.18,10.86,1.14,9.18,10.86,-0.256,0.629,-0.734,42.8,4056,0.005,1947,0.015,6,0.10,0.12,0.10,1,1.21,9.01,10.82,3,1.00,9.37,10.91,0.30,0.30,0.30,1.20,9.27,10.91,0.7,0
fix,56328,1,1,1.19,9.32,10.76,1.19,9.32,10.76,-0.264,0.607,-0.750,41.4,4161,0.005,1278,0.015,6,0.10,0.12,0.10,2,1.13,9.30,10.79,3,1.23,9.43,10.71,0.30,0.30,0.30,1.22,9.25,10.71,0.2,0
fix,56374,1,1,1.17,9.02,10.91,1.17,9.02,10.91,-0.259,0.629,-0.733,42.9,4105,0.007,1266,0.022,5,0.15,0.17,0.15,3,1.19,9.03,10.84,3,1.14,8.99,11.00,0.30,0.30,0.30,1.20,9.16,11.00,0.1,0
fix,56426,1,1,1.14,9.25,10.60,1.14,9.25,10.60,-0.260,0.598,-0.758,40.7,4034,0.005,1279,0.016,6,0.11,0.13,0.11,2,1.15,9.26,10.59,3,1.09,9.28,10.53,0.30,0.30,0.30,1.19,9.17,10.53,0.1,0
fix,56474,1,1,1.17,9.10,10.91,1.17,9.10,10.91,-0.260,0.629,-0.732,42.9,4182,0.005,1252,0.017,6,0.12,0.13,0.12,2,1.21,9.10,10.94,3,1.14,9.08,10.94,0.30,0.30,0.30,1.16,9.15,10.94,0.1,0
fix,56526,1,1,1.07,9.35,10.74,1.07,9.35,10.74,-0.260,0.598,-0.758,40.7,4139,0.007,1264,0.020,5,0.14,0.16,0.14,2,1.06,9.34,10.70,3,1.03,9.37,10.76,0.30,0.30,0.30,1.15,9.23,10.76,0.2,0
fix,56574,1,1,1.20,9.37,10.68,1.20,9.37,10.68,-0.252,0.595,-0.763,40.3,4108,0.005,1159,0.014,5,0.10,0.12,0.10,3,1.21,9.37,10.63,3,1.22,9.39,10.73,0.30,0.30,0.30,1.15,9.31,10.73,0.1,0
fix,56623,1,1,1.12,9.36,10.76,1.12,9.36,10.76,-0.262,0.606,-0.751,41.4,4209,0.005,1063,0.014,5,0.10,0.11,0.10,3,1.11,9.33,10.84,3,1.10,9.34,10.75,0.30,0.30,0.30,1.14,9.41,10.75,0.2,0
fix,56679,1,1,1.08,9.61,10.75,1.08,9.61,10.75,-0.252,0.575,-0.779,38.9,4286,0.007,1549,0.022,5,0.15,0.18,0.15,3,1.02,9.70,10.67,3,1.16,9.50,10.84,0.30,0.30,0.30,1.14,9.50,10.84,0.2,0
fix,56728,1,1,1.23,9.48,10.74,1.23,9.48,10.74,-0.251,0.598,-0.761,40.4,4259,0.007,1271,0.021,5,0.14,0.17,0.14,3,1.13,9.47,10.78,3,1.25,9.32,10.72,0.30,0.30,0.30,1.14,9.50,10.72,0.3,0
fix,56777,1,1,1.11,9.27,10.74,1.11,9.27,10.74,-0.263,0.608,-0.749,41.5,4113,0.004,1289,0.013,5,0.09,0.11,0.09,2,1.10,9.21,10.75,3,1.16,9.17,10.72,0.30,0.30,0.30,1.12,9.47,10.72,0.1,0
fix,56827,1,1,1.10,9.38,10.76,1.10,9.38,10.76,-0.260,0.604,-0.753,41.1,4296,0.005,1248,0.016,5,0.11,0.12,0.11,3,1.02,9.42,10.88,3,1.19,9.33,10.66,0.30,0.30,0.30,1.12,9.42,10.66,0.2,0
fix,56876,1,1,1.24,9.38,10.58,1.24,9.38,10.58,-0.266,0.596,-0.758,40.7,3911,0.007,1128,0.022,5,0.15,0.18,0.15,2,1.37,9.26,10.41,3,1.15,9.47,10.71,0.30,0.30,0.30,1.09,9.44,10.71,0.1,0
fix,56926,1,1,1.14,9.40,10.53,1.14,9.40,10.53,-0.260,0.586,-0.768,39.8,4099,0.006,1097,0.018,6,0.13,0.15,0.13,1,1.08,9.40,10.56,3,1.07,9.45,10.59,0.30,0.30,0.30,1.19,9.40,10.59,0.2,0
fix,56981,1,1,1.19,9.33,10.72,1.19,9.33,10.72,-0.261,0.604,-0.754,41.1,4134,0.007,1654,0.020,6,0.14,0.16,0.14,2,1.26,9.31,10.67,3,1.11,9.40,10.83,0.30,0.30,0.30,1.17,9.32,10.83,0.6,0
fix,57030,1,1,1.23,9.42,10.51,1.23,9.42,10.51,-0.260,0.573,-0.778,39.0,4069,0.006,1733,0.018,5,0.12,0.14,0.12,3,1.22,9.53,10.42,3,1.25,9.28,10.61,0.30,0.30,0.30,1.21,9.31,10.61,0.0,0
fix,57078,1,1,1.04,9.55,10.81,1.04,9.55,10.81,-0.246,0.597,-0.763,40.3,4342,0.006,1259,0.017,5,0.12,0.14,0.12,3,0.99,9.50,10.87,3,1.03,9.53,10.88,0.30,0.30,0.30,1.19,9.47,10.88,0.2,0
fix,57126,1,1,1.04,9.65,10.80,1.04,9.65,10.80,-0.255,0.576,-0.777,39.1,4416,0.005,1695,0.015,5,0.11,0.12,0.10,2,0.96,9.73,10.78,3,1.11,9.64,10.78,0.30,0.30,0.30,1.16,9.51,10.78,0.3,0
fix,57176,1,1,1.30,9.15,10.68,1.30,9.15,10.68,-0.262,0.622,-0.738,42.4,4031,0.007,1607,0.020,5,0.13,0.16,0.14,3,1.42,9.06,10.67,3,1.28,9.14,10.63,0.30,0.30,0.30,1.10,9.47,10.63,0.4,0
fix,57225,1,1,1.28,9.03,10.90,1.28,9.03,10.90,-0.258,0.630,-0.732,42.9,4237,0.008,1242,0.024,5,0.16,0.19,0.17,3,1.24,9.10,10.97,3,1.29,8.96,10.89,0.30,0.30,0.30,1.23,9.08,10.89,0.4,0
fix,57275,1,1,1.32,9.04,10.85,1.32,9.04,10.85,-0.251,0.633,-0.732,42.9,4145,0.007,1261,0.022,5,0.15,0.17,0.15,3,1.34,9.00,10.87,3,1.30,9.08,10.80,0.30,0.30,0.30,1.26,9.09,10.80,0.1,0
fix,57327,1,1,1.38,9.13,10.64,1.38,9.13,10.64,-0.264,0.613,-0.744,41.9,4024,0.007,1280,0.020,6,0.13,0.16,0.14,1,1.41,9.16,10.63,3,1.39,9.09,10.56,0.30,0.30,0.30,1.29,9.09,10.56,0.1,0
fix,57376,1,1,1.28,9.28,10.72,1.28,9.28,10.72,-0.261,0.604,-0.753,41.2,4113,0.007,1130,0.020,5,0.14,0.16,0.14,3,1.26,9.33,10.74,3,1.27,9.30,10.70,0.30,0.30,0.30,1.32,9.14,10.70,0.1,0
fix,57426,1,1,1.26,9.12,10.71,1.26,9.12,10.71,-0.256,0.620,-0.742,42.1,4018,0.007,1152,0.022,6,0.15,0.18,0.15,1,1.26,9.06,10.71,3,1.25,9.11,10.69,0.30,0.30,0.30,1.30,9.17,10.69,0.2,0
fix,57475,1,1,1.13,9.19,10.88,1.13,9.19,10.88,-0.253,0.613,-0.748,41.6,4177,0.006,1070,0.017,6,0.12,0.14,0.12,2,1.17,9.23,10.81,3,1.14,9.09,10.92,0.30,0.30,0.30,1.20,9.17,10.92,0.2,0
fix,57524,1,1,1.31,9.09,10.67,1.31,9.09,10.67,-0.262,0.632,-0.730,43.1,3867,0.004,1416,0.013,5,0.09,0.11,0.09,2,1.38,8.83,10.61,3,1.28,9.30,10.68,0.30,0.30,0.30,1.21,9.28,10.68,0.4,0
fix,57575,1,1,1.14,9.39,10.63,1.14,9.39,10.63,-0.266,0.590,-0.762,40.3,4119,0.006,1108,0.019,5,0.13,0.15,0.13,3,1.09,9.45,10.63,3,1.13,9.56,10.59,0.30,0.30,0.30,1.22,9.17,10.59,0.3,0
fix,57625,1,1,1.24,9.30,10.48,1.24,9.30,10.48,-0.265,0.598,-0.756,40.9,3845,0.006,1374,0.017,5,0.11,0.14,0.12,3,1.35,9.16,10.38,3,1.19,9.38,10.48,0.30,0.30,0.30,1.17,9.37,10.48,0.3,0
fix,57679,1,1,1.05,9.52,10.73,1.05,9.52,10.73,-0.248,0.600,-0.761,40.5,4304,0.005,1938,0.016,5,0.11,0.13,0.11,3,1.03,9.45,10.88,3,0.96,9.66,10.61,0.30,0.30,0.30,1.16,9.47,10.61,0.3,0
fix,57728,1,1,1.01,9.80,10.71,1.01,9.80,10.71,-0.252,0.561,-0.789,37.9,4418,0.006,1254,0.018,5,0.12,0.15,0.12,3,1.03,9.88,10.66,3,0.96,9.80,10.72,0.30,0.30,0.30,1.07,9.61,10.72,0.1,0
fix,57775,1,1,1.27,9.21,10.60,1.27,9.21,10.60,-0.258,0.599,-0.758,40.7,4001,0.007,1279,0.021,5,0.14,0.17,0.14,3,1.31,9.23,10.51,3,1.27,9.12,10.69,0.30,0.30,0.30,1.12,9.50,10.69,0.1,0
fix,57824,1,1,1.19,9.24,10.86,1.19,9.24,10.86,-0.260,0.616,-0.744,41.9,4214,0.005,1259,0.016,6,0.11,0.13,0.11,2,1.25,9.24,10.87,3,1.11,9.22,10.96,0.30,0.30,0.30,1.14,9.35,10.96,0.0,0
fix,57876,1,1,1.19,9.20,10.97,1.19,9.20,10.97,-0.260,0.628,-0.734,42.8,4310,0.006,1753,0.019,6,0.13,0.15,0.13,2,1.11,9.18,11.04,3,1.25,9.22,10.88,0.30,0.30,0.30,1.20,9.26,10.88,0.2,0
fix,57925,1,1,1.13,9.21,10.85,1.13,9.21,10.85,-0.247,0.605,-0.757,40.8,4146,0.005,1253,0.016,6,0.11,0.13,0.11,2,1.17,9.31,10.75,3,1.05,9.18,10.92,0.30,0.30,0.30,1.17,9.12,10.92,0.4,0
fix,57975,1,1,1.02,9.37,10.89,1.02,9.37,10.89,-0.247,0.607,-0.756,40.9,4311,0.007,1291,0.021,5,0.15,0.17,0.14,3,0.97,9.40,10.94,3,0.97,9.46,10.91,0.30,0.30,0.30,1.18,9.19,10.91,0.1,0
fix,58025,1,1,1.02,9.45,10.64,1.02,9.45,10.64,-0.259,0.590,-0.764,40.1,4044,0.006,1559,0.017,5,0.12,0.14,0.12,3,1.15,9.27,10.51,3,0.88,9.66,10.65,0.30,0.30,0.30,1.03,9.44,10.65,0.3,0
fix,58076,1,1,1.11,9.44,10.57,1.11,9.44,10.57,-0.253,0.577,-0.777,39.0,4078,0.005,1261,0.016,5,0.11,0.13,0.11,3,1.09,9.48,10.48,3,1.13,9.51,10.59,0.30,0.30,0.30,1.09,9.36,10.59,0.3,0
fix,58126,1,1,1.25,9.39,10.63,1.25,9.39,10.63,-0.261,0.585,-0.768,39.8,4139,0.007,1076,0.020,5,0.13,0.16,0.13,3,1.22,9.44,10.59,3,1.26,9.43,10.62,0.30,0.30,0.30,1.15,9.35,10.62,0.1,0
fix,58175,1,1,1.15,9.33,10.63,1.15,9.33,10.63,-0.247,0.608,-0.755,41.0,4040,0.009,1825,0.027,6,0.19,0.22,0.19,2,1.13,9.21,10.66,3,1.11,9.53,10.61,0.30,0.30,0.30,1.18,9.38,10.61,0.2,0
fix,58225,1,1,1.07,9.27,10.85,1.07,9.27,10.85,-0.255,0.611,-0.749,41.5,4185,0.007,1190,0.022,6,0.15,0.18,0.15,2,1.06,9.27,10.86,3,1.07,9.27,10.90,0.30,0.30,0.30,1.15,9.34,10.90,0.1,0
fix,58274,1,1,1.21,9.18,10.96,1.21,9.18,10.96,-0.257,0.615,-0.746,41.8,4162,0.007,1500,0.021,6,0.15,0.17,0.15,2,1.13,9.22,10.84,3,1.31,9.10,11.13,0.30,0.30,0.30,1.19,9.26,11.13,0.1,0
fix,58325,1,1,1.19,9.26,10.71,1.19,9.26,10.71,-0.258,0.598,-0.759,40.6,4033,0.008,1080,0.024,5,0.16,0.19,0.16,3,1.21,9.28,10.59,3,1.19,9.20,10.82,0.30,0.30,0.30,1.17,9.26,10.82,0.2,0
fix,58374,1,1,1.19,9.32,10.81,1.19,9.32,10.81,-0.253,0.605,-0.755,41.0,4219,0.006,1071,0.019,5,0.13,0.15,0.13,3,1.20,9.34,10.79,3,1.17,9.29,10.86,0.30,0.30,0.30,1.18,9.28,10.86,0.1,0
fix,58429,1,1,1.24,9.03,10.90,1.24,9.03,10.90,-0.258,0.629,-0.733,42.9,4133,0.005,1244,0.015,5,0.10,0.12,0.10,3,1.34,9.06,10.88,3,1.20,8.90,10.98,0.30,0.30,0.30,1.16,9.17,10.98,0.3,0
fix,58478,1,1,1.17,9.17,10.60,1.17,9.17,10.60,-0.257,0.602,-0.756,40.9,4011,0.007,1254,0.022,6,0.15,0.18,0.15,2,1.10,9.20,10.60,3,1.20,9.12,10.56,0.30,0.30,0.30,1.20,9.16,10.56,0.2,0
fix,58526,1,1,1.10,9.08,10.93,1.10,9.08,10.93,-0.258,0.627,-0.736,42.6,4197,0.007,1263,0.021,6,0.15,0.17,0.15,1,1.06,9.08,10.96,3,1.08,9.10,11.03,0.30,0.30,0.30,1.18,9.12,11.03,0.5,0
fix,58575,1,1,1.03,9.25,10.84,1.03,9.25,10.84,-0.254,0.596,-0.762,40.4,4177,0.005,1639,0.015,5,0.10,0.12,0.10,3,0.99,9.38,10.76,3,1.06,9.16,10.87,0.30,0.30,0.30,1.14,9.11,10.87,0.3,0
fix,58624,1,1,1.30,9.23,10.68,1.30,9.23,10.68,-0.264,0.614,-0.744,41.9,4060,0.005,1524,0.015,5,0.10,0.12,0.11,2,1.34,9.13,10.70,3,1.31,9.29,10.67,0.30,0.30,0.30,1.16,9.22,10.67,0.2,0
fix,58678,1,1,1.17,9.47,10.65,1.17,9.47,10.65,-0.260,0.570,-0.779,38.8,4176,0.009,1651,0.026,6,0.18,0.21,0.18,2,1.15,9.65,10.54,3,1.17,9.25,10.73,0.30,0.30,0.30,1.17,9.29,10.73,0.3,0
fix,58727,1,1,1.33,9.20,10.70,1.33,9.20,10.70,-0.256,0.607,-0.752,41.2,4250,0.009,1646,0.026,5,0.18,0.21,0.18,3,1.17,9.32,10.87,3,1.55,8.94,10.55,0.30,0.30,0.30,1.31,9.33,10.55,0.4,0
fix,58776,1,1,1.17,9.23,10.73,1.17,9.23,10.73,-0.258,0.615,-0.745,41.8,4113,0.007,986,0.021,6,0.16,0.18,0.16,0,1.18,9.16,10.80,3,1.16,9.28,10.70,0.30,0.30,0.30,1.22,9.31,10.70,0.3,0
fix,58825,1,1,1.15,9.34,10.67,1.15,9.34,10.67,-0.257,0.601,-0.757,40.8,4113,0.006,1143,0.019,5,0.13,0.15,0.13,3,1.16,9.27,10.65,3,1.20,9.40,10.60,0.30,0.30,0.30,1.18,9.33,10.60,0.3,0
fix,58874,1,1,1.13,9.29,10.58,1.13,9.29,10.58,-0.253,0.606,-0.754,41.1,4016,0.006,1081,0.019,5,0.13,0.15,0.13,2,1.12,9.16,10.61,3,1.12,9.33,10.58,0.30,0.30,0.30,1.17,9.38,10.58,0.4,0
fix,58926,1,1,0.38,9.53,10.71,0.38,9.53,10.71,-0.263,0.579,-0.772,39.5,4177,0.008,1708,0.023,5,0.16,0.19,0.16,2,1.12,9.56,10.60,3,0.90,9.65,10.92,0.72,0.44,0.31,1.13,9.36,10.92,1.1,0
fix,58974,1,1,1.04,9.43,10.86,1.04,9.43,10.86,-0.254,0.600,-0.759,40.6,4290,0.010,1109,0.032,6,0.22,0.26,0.22,2,1.05,9.47,10.88,3,1.08,9.38,10.89,0.30,0.30,0.30,1.10,9.39,10.89,0.2,0
fix,59030,1,1,1.26,9.48,10.62,1.26,9.48,10.62,-0.261,0.599,-0.757,40.8,4097,0.007,1274,0.022,6,0.15,0.17,0.15,1,1.31,9.34,10.61,3,1.24,9.58,10.55,0.30,0.30,0.30,1.14,9.55,10.55,0.2,0
fix,59079,1,1,1.30,9.34,10.66,1.30,9.34,10.66,-0.263,0.598,-0.757,40.8,4111,0.005,1556,0.016,5,0.11,0.13,0.11,3,1.26,9.37,10.63,3,1.26,9.30,10.77,0.30,0.30,0.30,1.25,9.45,10.77,0.1,0
fix,59127,1,1,1.20,9.48,10.74,1.20,9.48,10.74,-0.257,0.592,-0.764,40.2,4249,0.008,1270,0.026,5,0.17,0.20,0.17,3,1.19,9.52,10.73,3,1.17,9.48,10.80,0.30,0.30,0.30,1.24,9.43,10.80,0.2,0
fix,59176,1,1,1.19,9.55,10.76,1.19,9.55,10.76,-0.262,0.590,-0.763,40.2,4287,0.006,1244,0.018,6,0.12,0.14,0.12,2,1.20,9.58,10.78,3,1.13,9.59,10.74,0.30,0.30,0.30,1.22,9.45,10.74,0.2,0
fix,59227,1,1,1.13,9.25,10.96,1.13,9.25,10.96,-0.257,0.631,-0.732,43.0,4268,0.007,1278,0.020,5,0.14,0.16,0.14,3,1.17,9.14,11.02,3,1.06,9.30,10.93,0.30,0.30,0.30,1.19,9.45,10.93,0.1,0
fix,59276,1,1,1.04,9.33,11.03,1.04,9.33,11.03,-0.257,0.617,-0.744,41.9,4437,0.006,1117,0.020,5,0.14,0.16,0.14,3,0.99,9.40,11.07,3,1.04,9.32,11.00,0.30,0.30,0.30,1.17,9.30,11.00,0.1,0
fix,59325,1,1,1.05,9.41,10.93,1.05,9.41,10.93,-0.256,0.604,-0.755,41.0,4348,0.008,1144,0.025,5,0.17,0.20,0.17,3,1.06,9.44,10.93,3,1.02,9.45,10.84,0.30,0.30,0.30,1.09,9.33,10.84,0.2,0
fix,59375,1,1,0.98,9.53,10.83,0.98,9.53,10.83,-0.256,0.575,-0.777,39.0,4390,0.008,1431,0.023,6,0.16,0.18,0.16,2,0.91,9.68,10.75,3,1.03,9.34,10.88,0.30,0.30,0.30,1.06,9.36,10.88,0.1,0
fix,59426,1,1,1.15,9.49,10.74,1.15,9.49,10.74,-0.249,0.590,-0.768,39.9,4317,0.007,1082,0.021,5,0.15,0.17,0.15,3,1.15,9.52,10.76,3,1.18,9.40,10.69,0.30,0.30,0.30,1.08,9.45,10.69,0.7,0
fix,59476,1,1,1.22,9.24,10.68,1.22,9.24,10.68,-0.258,0.607,-0.752,41.2,4166,0.005,1608,0.017,5,0.11,0.13,0.11,3,1.22,9.29,10.74,3,1.25,9.17,10.57,0.30,0.30,0.30,1.12,9.39,10.57,0.2,0
fix,59525,1,1,1.13,9.44,10.76,1.13,9.44,10.76,-0.257,0.592,-0.764,40.2,4137,0.007,1779,0.020,6,0.14,0.16,0.14,2,1.24,9.38,10.64,3,1.01,9.51,10.80,0.30,0.30,0.30,1.11,9.41,10.80,0.3,0
fix,59575,1,1,1.11,9.54,10.82,1.11,9.54,10.82,-0.247,0.588,-0.770,39.6,4300,0.008,1382,0.023,7,0.16,0.19,0.16,1,1.10,9.58,10.76,3,1.12,9.54,10.89,0.30,0.30,0.30,1.12,9.42,10.89,0.2,0
fix,59626,1,1,0.96,9.52,11.02,0.96,9.52,11.02,-0.241,0.613,-0.752,41.2,4453,0.007,1377,0.022,5,0.16,0.17,0.15,3,0.92,9.41,11.07,3,1.00,9.63,11.01,0.30,0.30,0.30,1.08,9.54,11.01,0.2,0
fix,59675,1,1,1.14,9.16,10.80,1.14,9.16,10.80,-0.262,0.599,-0.757,40.8,4113,0.009,1785,0.026,6,0.18,0.21,0.18,2,1.11,9.30,10.71,3,1.21,8.97,10.84,0.30,0.30,0.30,1.07,9.27,10.84,0.2,0
fix,59725,1,1,1.14,9.19,10.89,1.14,9.19,10.89,-0.244,0.639,-0.729,43.2,4276,0.007,1783,0.021,6,0.15,0.17,0.15,2,1.11,9.05,11.07,3,1.13,9.33,10.84,0.30,0.30,0.30,1.12,9.32,10.84,0.3,0
fix,59776,1,1,1.24,9.24,10.70,1.24,9.24,10.70,-0.263,0.603,-0.753,41.1,4055,0.006,1088,0.017,5,0.12,0.14,0.12,3,1.23,9.27,10.63,3,1.27,9.27,10.70,0.30,0.30,0.30,1.17,9.21,10.70,0.2,0
fix,59825,1,1,1.16,9.39,10.77,1.16,9.39,10.77,-0.248,0.603,-0.758,40.7,4248,0.008,1071,0.023,7,0.16,0.18,0.16,1,1.14,9.38,10.81,3,1.15,9.42,10.71,0.30,0.30,0.30,1.19,9.28,10.71,0.1,0
fix,59876,1,1,1.24,9.38,10.64,1.24,9.38,10.64,-0.255,0.600,-0.759,40.6,4035,0.009,1382,0.026,5,0.18,0.21,0.18,3,1.29,9.25,10.58,3,1.23,9.44,10.62,0.30,0.30,0.30,1.17,9.46,10.62,0.5,0
fix,59928,1,1,1.14,9.28,10.88,1.14,9.28,10.88,-0.250,0.619,-0.744,41.9,4166,0.007,1602,0.023,6,0.16,0.18,0.16,2,1.13,9.16,10.89,3,1.11,9.35,10.93,0.30,0.30,0.30,1.18,9.44,10.93,0.3,0
fix,59977,1,1,1.11,9.20,11.01,1.11,9.20,11.01,-0.253,0.623,-0.740,42.3,4274,0.007,1284,0.023,5,0.16,0.18,0.16,3,1.16,9.24,11.02,3,0.99,9.17,11.07,0.30,0.30,0.30,1.16,9.31,11.07,0.1,0
fix,60024,1,1,1.13,9.54,10.62,1.13,9.54,10.62,-0.254,0.576,-0.777,39.0,4222,0.007,1250,0.022,5,0.15,0.18,0.15,3,1.07,9.57,10.61,3,1.17,9.53,10.58,0.30,0.30,0.30,1.17,9.36,10.58,0.1,0
fix,60076,1,1,1.14,9.46,10.64,1.14,9.46,10.64,-0.261,0.586,-0.767,39.9,4196,0.007,1294,0.022,6,0.15,0.17,0.15,2,1.16,9.49,10.62,3,1.12,9.49,10.66,0.30,0.30,0.30,1.15,9.38,10.66,0.1,0
fix,60125,1,1,1.23,9.45,10.59,1.23,9.45,10.59,-0.250,0.593,-0.766,40.0,4055,0.008,1540,0.023,5,0.16,0.19,0.16,3,1.31,9.39,10.56,3,1.19,9.57,10.63,0.30,0.30,0.30,1.14,9.43,10.63,0.2,0
fix,60176,1,1,1.19,9.48,10.65,1.19,9.48,10.65,-0.257,0.580,-0.773,39.4,4206,0.009,1280,0.028,7,0.19,0.23,0.19,1,1.16,9.54,10.60,3,1.19,9.44,10.71,0.30,0.30,0.30,1.19,9.42,10.71,0.1,0
fix,60225,1,1,1.08,9.59,10.76,1.08,9.59,10.76,-0.251,0.594,-0.764,40.1,4338,0.008,1125,0.025,5,0.18,0.20,0.17,3,1.04,9.54,10.82,3,1.09,9.63,10.74,0.30,0.30,0.30,1.17,9.56,10.74,0.2,0
fix,60275,1,1,1.37,9.18,10.59,1.37,9.18,10.59,-0.258,0.606,-0.753,41.2,4015,0.006,1514,0.019,5,0.13,0.15,0.13,3,1.36,9.20,10.59,3,1.47,9.06,10.55,0.30,0.30,0.30,1.22,9.42,10.55,0.1,0
fix,60326,1,1,1.14,9.40,10.76,1.14,9.40,10.76,-0.257,0.601,-0.757,40.8,4236,0.007,1126,0.022,5,0.16,0.18,0.15,3,1.11,9.37,10.78,3,1.12,9.47,10.83,0.30,0.30,0.30,1.23,9.40,10.83,0.0,0
fix,60375,1,1,1.23,9.34,10.56,1.23,9.34,10.56,-0.258,0.592,-0.763,40.2,4005,0.006,1389,0.017,5,0.11,0.14,0.11,3,1.31,9.32,10.48,3,1.17,9.39,10.55,0.30,0.30,0.30,1.19,9.36,10.55,0.0,0
fix,60426,1,1,1.39,9.06,10.83,1.39,9.06,10.83,-0.253,0.635,-0.730,43.1,4157,0.009,1814,0.028,6,0.19,0.22,0.20,2,1.33,9.03,10.94,3,1.51,9.00,10.87,0.30,0.30,0.30,1.30,9.22,10.87,0.1,0
fix,60474,1,1,1.07,9.45,10.83,1.07,9.45,10.83,-0.253,0.586,-0.770,39.6,4241,0.008,1345,0.023,6,0.16,0.19,0.16,2,1.07,9.50,10.70,3,0.99,9.52,10.96,0.30,0.30,0.30,1.25,9.23,10.96,0.2,0
fix,60524,1,1,1.08,9.39,10.70,1.08,9.39,10.70,-0.257,0.599,-0.759,40.6,4210,0.009,1086,0.027,5,0.19,0.22,0.18,3,1.09,9.37,10.76,3,1.07,9.37,10.67,0.30,0.30,0.30,1.15,9.32,10.67,0.1,0
fix,60575,1,1,1.06,9.69,10.58,1.06,9.69,10.58,-0.254,0.566,-0.784,38.3,4182,0.008,1086,0.025,5,0.17,0.20,0.17,3,1.09,9.68,10.54,3,1.00,9.76,10.57,0.30,0.32,0.30,1.09,9.51,10.57,0.2,0
fix,60626,1,1,1.01,9.57,10.68,1.01,9.57,10.68,-0.258,0.578,-0.774,39.3,4237,0.007,1487,0.021,5,0.14,0.17,0.14,3,1.00,9.57,10.66,3,0.98,9.50,10.83,0.30,0.30,0.30,1.07,9.58,10.83,0.2,0
fix,60675,1,1,1.08,9.45,10.76,1.08,9.45,10.76,-0.252,0.603,-0.756,40.9,4266,0.006,1056,0.018,6,0.12,0.15,0.12,2,1.14,9.32,10.79,3,1.12,9.44,10.78,0.30,0.30,0.30,1.01,9.64,10.78,0.1,0
fix,60726,1,1,1.06,9.23,10.84,1.06,9.23,10.84,-0.250,0.599,-0.761,40.5,4254,0.005,1538,0.015,5,0.11,0.12,0.11,3,0.99,9.40,10.78,3,1.12,9.00,10.88,0.30,0.30,0.30,1.07,9.35,10.88,0.1,0
fix,60774,1,1,1.01,9.45,10.99,1.01,9.45,10.99,-0.251,0.602,-0.758,40.7,4406,0.005,1785,0.015,5,0.11,0.12,0.11,3,1.03,9.43,10.96,3,0.97,9.51,11.09,0.30,0.30,0.30,1.04,9.41,11.09,0.2,0
fix,60824,1,1,1.12,9.41,10.88,1.12,9.41,10.88,-0.247,0.608,-0.754,41.0,4387,0.006,1404,0.019,5,0.14,0.16,0.13,3,1.06,9.42,10.99,3,1.25,9.34,10.75,0.30,0.30,0.30,1.06,9.41,10.75,0.3,0
fix,60874,1,1,1.10,9.46,10.79,1.10,9.46,10.79,-0.248,0.588,-0.770,39.7,4175,0.007,1368,0.020,6,0.14,0.16,0.13,2,1.17,9.45,10.64,3,1.11,9.42,10.85,0.30,0.30,0.30,1.03,9.44,10.85,0.2,0
fix,60925,1,1,1.13,9.50,10.73,1.13,9.50,10.73,-0.263,0.596,-0.759,40.6,4285,0.006,1382,0.017,5,0.12,0.14,0.12,3,1.08,9.48,10.82,3,1.18,9.51,10.68,0.30,0.30,0.30,1.09,9.47,10.68,0.1,0
fix,60976,1,1,1.29,9.23,10.70,1.29,9.23,10.70,-0.260,0.612,-0.747,41.7,4080,0.007,1071,0.022,5,0.15,0.18,0.15,2,1.33,9.16,10.71,3,1.28,9.19,10.71,0.30,0.30,0.30,1.16,9.46,10.71,0.5,0
fix,61030,1,1,1.16,9.27,10.76,1.16,9.27,10.76,-0.257,0.598,-0.759,40.6,4137,0.004,1580,0.012,5,0.09,0.11,0.09,3,1.19,9.36,10.68,3,1.06,9.24,10.87,0.30,0.30,0.30,1.17,9.26,10.87,0.2,0
fix,61078,1,1,1.03,9.49,10.78,1.03,9.49,10.78,-0.254,0.588,-0.768,39.9,4342,0.005,1274,0.015,5,0.10,0.12,0.10,2,1.00,9.52,10.80,3,0.99,9.48,10.80,0.30,0.30,0.30,1.14,9.35,10.80,0.1,0
fix,61127,1,1,1.14,9.27,10.93,1.14,9.27,10.93,-0.255,0.617,-0.745,41.9,4273,0.006,1253,0.019,6,0.13,0.15,0.13,2,1.15,9.27,10.92,3,1.16,9.22,10.98,0.30,0.30,0.30,1.13,9.35,10.98,0.4,0
fix,61177,1,1,1.13,9.45,10.74,1.13,9.45,10.74,-0.260,0.593,-0.763,40.3,4210,0.006,1270,0.019,5,0.13,0.15,0.13,3,1.13,9.44,10.70,3,1.11,9.50,10.78,0.30,0.30,0.30,1.13,9.37,10.78,0.2,0
fix,61226,1,1,1.39,9.11,10.55,1.39,9.11,10.55,-0.258,0.617,-0.744,41.9,3967,0.006,1434,0.019,6,0.13,0.15,0.13,1,1.39,9.08,10.61,3,1.46,9.04,10.48,0.30,0.30,0.30,1.24,9.32,10.48,0.2,0
fix,61274,1,1,1.20,9.37,10.64,1.20,9.37,10.64,-0.261,0.592,-0.763,40.3,4091,0.007,1078,0.023,6,0.15,0.18,0.15,2,1.21,9.36,10.60,3,1.14,9.51,10.65,0.30,0.30,0.30,1.24,9.30,10.65,0.1,0
fix,61325,1,1,1.02,9.43,10.92,1.02,9.43,10.92,-0.254,0.603,-0.756,40.9,4356,0.012,1133,0.037,7,0.26,0.30,0.26,1,0.95,9.43,10.96,3,1.04,9.48,10.94,0.30,0.30,0.30,1.21,9.33,10.94,0.1,0
fix,61374,1,1,1.02,9.29,10.81,1.02,9.29,10.81,-0.253,0.613,-0.749,41.5,4189,0.006,1076,0.018,6,0.13,0.15,0.13,2,1.00,9.20,10.84,3,1.03,9.35,10.80,0.30,0.30,0.30,1.13,9.35,10.80,0.0,0
fix,61424,1,1,1.33,9.07,10.69,1.33,9.07,10.69,-0.251,0.622,-0.741,42.2,4172,0.005,1380,0.015,5,0.10,0.12,0.10,3,1.24,9.11,10.84,3,1.50,9.04,10.50,0.30,0.30,0.30,1.19,9.19,10.50,0.5,0
fix,61475,1,1,1.21,9.42,10.72,1.21,9.42,10.72,-0.258,0.591,-0.764,40.2,4170,0.007,1066,0.022,6,0.15,0.17,0.15,2,1.21,9.46,10.66,3,1.23,9.47,10.71,0.30,0.30,0.30,1.18,9.24,10.71,0.1,0
fix,61525,1,1,1.34,9.24,10.61,1.34,9.24,10.61,-0.266,0.600,-0.754,41.0,4012,0.006,1071,0.018,5,0.12,0.14,0.12,3,1.33,9.26,10.53,3,1.34,9.23,10.66,0.30,0.30,0.30,1.27,9.24,10.66,0.4,0
fix,61579,1,1,1.16,9.48,10.88,1.16,9.48,10.88,-0.252,0.605,-0.755,41.0,4424,0.006,1261,0.018,6,0.12,0.14,0.12,2,1.09,9.53,11.00,3,1.17,9.54,10.89,0.30,0.30,0.30,1.27,9.28,10.89,0.3,0
fix,61628,1,1,1.02,9.64,10.71,1.02,9.64,10.71,-0.255,0.574,-0.778,38.9,4300,0.006,1261,0.017,5,0.12,0.14,0.12,3,0.96,9.68,10.69,3,1.07,9.63,10.64,0.30,0.30,0.30,1.19,9.49,10.64,0.1,0
fix,61675,1,1,1.21,9.51,10.68,1.21,9.51,10.68,-0.251,0.591,-0.767,39.9,4234,0.006,1277,0.017,5,0.11,0.14,0.11,2,1.26,9.51,10.70,3,1.20,9.46,10.68,0.30,0.30,0.30,1.15,9.53,10.68,0.1,0
fix,61727,1,1,1.43,9.28,10.65,1.43,9.28,10.65,-0.258,0.602,-0.755,40.9,4133,0.006,1269,0.019,6,0.12,0.15,0.12,2,1.45,9.36,10.66,3,1.43,9.19,10.67,0.30,0.30,0.30,1.25,9.41,10.67,0.4,0
fix,61776,1,1,1.29,9.55,10.49,1.29,9.55,10.49,-0.271,0.571,-0.775,39.2,4098,0.006,1135,0.018,5,0.12,0.14,0.12,3,1.27,9.60,10.48,3,1.25,9.59,10.49,0.30,0.30,0.30,1.32,9.42,10.49,0.2,0
fix,61824,1,1,1.19,9.51,10.63,1.19,9.51,10.63,-0.255,0.594,-0.763,40.3,4214,0.008,1099,0.024,7,0.16,0.19,0.16,1,1.17,9.46,10.70,3,1.16,9.53,10.62,0.30,0.30,0.30,1.28,9.49,10.62,0.2,0
fix,61877,1,1,1.33,9.49,10.75,1.33,9.49,10.75,-0.257,0.590,-0.765,40.1,4218,0.005,1457,0.015,6,0.10,0.12,0.10,1,1.22,9.47,10.71,3,1.14,9.53,10.90,0.30,0.30,0.30,1.23,9.47,10.90,0.2,0
fix,61924,1,1,1.33,9.25,10.64,1.33,9.25,10.64,-0.264,0.606,-0.751,41.4,4127,0.005,1500,0.014,6,0.10,0.11,0.10,1,1.27,9.27,10.70,3,1.46,9.19,10.51,0.30,0.30,0.30,1.26,9.39,10.51,0.0,0
fix,61974,1,1,1.19,9.26,10.77,1.19,9.26,10.77,-0.254,0.606,-0.754,41.0,4145,0.009,1075,0.026,5,0.18,0.21,0.18,3,1.16,9.27,10.77,3,1.15,9.24,10.80,0.30,0.30,0.30,1.26,9.31,10.80,0.2,0
fix,62025,1,1,1.16,9.48,10.79,1.16,9.48,10.79,-0.250,0.590,-0.768,39.9,4264,0.006,1056,0.019,5,0.13,0.15,0.13,2,1.17,9.53,10.75,3,1.14,9.51,10.80,0.30,0.30,0.30,1.22,9.34,10.80,0.3,0
fix,62073,1,1,1.10,9.38,11.00,1.10,9.38,11.00,-0.265,0.611,-0.746,41.8,4388,0.006,1483,0.017,6,0.12,0.14,0.12,1,1.06,9.40,11.05,3,1.18,9.34,10.94,0.30,0.30,0.30,1.14,9.37,10.94,0.2,0
fix,62126,1,1,1.06,9.40,10.85,1.06,9.40,10.85,-0.252,0.607,-0.754,41.1,4257,0.009,1073,0.027,6,0.19,0.21,0.18,2,1.04,9.38,10.86,3,1.05,9.44,10.80,0.30,0.30,0.30,1.13,9.38,10.80,0.1,0
fix,62175,1,1,1.00,9.31,10.89,1.00,9.31,10.89,-0.255,0.599,-0.759,40.6,4115,0.005,1101,0.016,5,0.11,0.13,0.11,3,1.07,9.31,10.67,3,0.96,9.41,11.12,0.72,0.69,0.58,1.02,9.40,11.12,0.2,0
fix,62225,1,1,1.19,9.35,10.83,1.19,9.35,10.83,-0.261,0.621,-0.740,42.3,4248,0.008,1365,0.025,5,0.17,0.20,0.17,3,1.28,9.23,10.88,3,1.15,9.46,10.81,0.30,0.30,0.30,1.04,9.43,10.81,0.3,0
fix,62276,1,1,1.16,9.43,10.70,1.16,9.43,10.70,-0.265,0.600,-0.755,41.0,4180,0.008,1484,0.024,5,0.16,0.19,0.17,3,1.12,9.33,10.74,3,1.16,9.59,10.57,0.30,0.30,0.30,1.11,9.45,10.57,0.5,0
fix,62324,1,1,1.15,9.17,10.70,1.15,9.17,10.70,-0.261,0.603,-0.754,41.1,4048,0.004,1375,0.013,5,0.09,0.11,0.09,2,1.13,9.19,10.64,3,1.20,9.06,10.69,0.30,0.30,0.30,1.12,9.37,10.69,0.3,0
fix,62375,1,1,1.19,9.27,10.67,1.19,9.27,10.67,-0.253,0.609,-0.752,41.3,4119,0.009,1412,0.026,6,0.18,0.21,0.18,2,1.17,9.24,10.73,3,1.27,9.28,10.58,0.30,0.30,0.30,1.15,9.34,10.58,0.2,0
fix,62425,1,1,1.07,9.38,10.83,1.07,9.38,10.83,-0.259,0.605,-0.753,41.2,4264,0.006,1052,0.017,5,0.12,0.14,0.12,2,1.15,9.35,10.85,3,1.05,9.39,10.78,0.30,0.30,0.30,1.11,9.36,10.78,0.1,0
fix,62478,1,1,1.29,9.40,10.61,1.29,9.40,10.61,-0.262,0.592,-0.762,40.3,4137,0.007,1289,0.021,5,0.14,0.17,0.14,2,1.29,9.41,10.59,3,1.34,9.43,10.54,0.30,0.30,0.30,1.17,9.35,10.54,0.1,0
fix,62526,1,1,1.28,9.19,10.87,1.28,9.19,10.87,-0.254,0.631,-0.734,42.8,4280,0.008,1242,0.026,7,0.18,0.20,0.18,0,1.22,9.14,11.01,3,1.35,9.06,10.87,0.30,0.30,0.30,1.27,9.34,10.87,0.5,0
fix,62577,1,1,1.23,9.38,10.72,1.23,9.38,10.72,-0.260,0.596,-0.760,40.5,4239,0.007,1260,0.021,6,0.14,0.17,0.14,2,1.19,9.43,10.75,3,1.29,9.42,10.61,0.30,0.30,0.30,1.25,9.28,10.61,0.2,0
fix,62626,1,1,1.19,9.38,10.64,1.19,9.38,10.64,-0.256,0.600,-0.758,40.7,4091,0.008,1132,0.023,6,0.15,0.18,0.16,2,1.27,9.33,10.59,3,1.11,9.39,10.66,0.30,0.30,0.30,1.20,9.35,10.66,0.2,0
fix,62675,1,1,1.07,9.46,10.61,1.07,9.46,10.61,-0.258,0.590,-0.766,40.0,4183,0.007,1405,0.020,6,0.14,0.16,0.14,2,0.94,9.45,10.69,3,1.26,9.40,10.45,0.30,0.30,0.30,1.19,9.44,10.45,0.2,0
fix,62724,1,1,1.17,9.25,10.84,1.17,9.25,10.84,-0.257,0.617,-0.743,42.0,4275,0.006,1103,0.019,6,0.13,0.15,0.13,1,1.17,9.28,10.95,3,1.22,9.21,10.77,0.30,0.30,0.30,1.16,9.37,10.77,0.3,0
fix,62776,1,1,1.06,9.35,10.81,1.06,9.35,10.81,-0.263,0.604,-0.752,41.2,4151,0.008,1530,0.025,6,0.17,0.20,0.17,2,1.06,9.28,10.74,3,1.02,9.46,10.83,0.30,0.30,0.30,1.12,9.37,10.83,0.2,0
fix,62826,1,1,1.23,9.31,10.96,1.23,9.31,10.96,-0.257,0.624,-0.738,42.5,4114,0.008,1385,0.025,6,0.17,0.20,0.17,1,1.39,9.14,10.83,3,1.10,9.46,11.20,0.30,0.30,0.30,1.07,9.42,11.20,0.4,0
fix,62875,1,1,1.14,9.38,11.03,1.14,9.38,11.03,-0.250,0.614,-0.749,41.5,4364,0.008,1425,0.025,5,0.17,0.20,0.17,3,1.14,9.37,10.99,3,1.12,9.47,11.12,0.30,0.30,0.30,1.12,9.37,11.12,0.2,0
fix,62924,1,1,1.13,9.27,10.79,1.13,9.27,10.79,-0.261,0.607,-0.751,41.3,4161,0.007,1061,0.020,6,0.14,0.16,0.14,2,1.14,9.27,10.74,3,1.13,9.28,10.77,0.30,0.30,0.30,1.12,9.32,10.77,0.1,0
fix,62978,1,1,1.09,9.40,10.62,1.09,9.40,10.62,-0.259,0.601,-0.756,40.9,4058,0.006,1580,0.017,6,0.12,0.14,0.12,2,1.11,9.25,10.61,3,1.04,9.66,10.57,0.30,0.30,0.30,1.11,9.36,10.57,0.1,0
fix,63024,1,1,-0.54,9.32,10.98,-0.54,9.32,10.98,-0.117,0.607,-0.786,38.2,4448,0.005,2083,0.012,3,2.25,0.41,0.25,1,-2.14,9.15,11.20,3,1.08,9.46,10.82,0.30,0.30,0.30,1.09,9.42,10.82,0.0,0
fix,63074,1,1,1.21,9.56,10.49,1.21,9.56,10.49,-0.271,0.565,-0.779,38.8,4051,0.007,1110,0.023,6,0.15,0.18,0.15,1,1.33,9.61,10.35,3,1.27,9.53,10.45,0.30,0.30,0.30,1.09,9.46,10.45,0.4,0
fix,63129,1,1,1.21,9.17,10.93,1.21,9.17,10.93,-0.259,0.630,-0.732,42.9,4238,0.005,1242,0.017,5,0.12,0.13,0.12,3,1.23,9.14,10.99,3,1.13,9.12,10.96,0.30,0.30,0.30,1.16,9.40,10.96,0.1,0
fix,63179,1,1,1.10,9.54,10.71,1.10,9.54,10.71,-0.255,0.581,-0.773,39.4,4235,0.009,1553,0.027,5,0.18,0.21,0.18,3,1.10,9.60,10.64,3,1.04,9.63,10.77,0.30,0.30,0.30,1.16,9.37,10.77,0.1,0
fix,63228,1,1,1.16,9.35,10.77,1.16,9.35,10.77,-0.255,0.599,-0.759,40.6,4160,0.005,1293,0.017,6,0.11,0.13,0.11,2,1.16,9.35,10.69,3,1.20,9.25,10.86,0.30,0.30,0.30,1.15,9.39,10.86,0.4,0
fix,63277,1,1,0.94,9.47,10.95,0.94,9.47,10.95,-0.258,0.595,-0.761,40.4,4375,0.007,1521,0.021,7,0.15,0.17,0.15,1,0.96,9.53,10.90,3,0.87,9.49,11.10,0.30,0.30,0.30,1.10,9.39,11.10,0.1,0
fix,63325,1,1,1.09,9.56,10.91,1.09,9.56,10.91,-0.251,0.596,-0.763,40.3,4399,0.005,1261,0.016,6,0.11,0.12,0.11,2,1.15,9.58,10.92,3,1.08,9.56,10.98,0.30,0.30,0.30,1.05,9.47,10.98,0.2,0
fix,63377,1,1,1.28,9.26,10.77,1.28,9.26,10.77,-0.258,0.608,-0.751,41.3,4177,0.007,1149,0.021,5,0.14,0.17,0.15,3,1.27,9.30,10.78,3,1.26,9.21,10.79,0.30,0.30,0.30,1.14,9.39,10.79,0.3,0
fix,63425,1,1,1.23,9.35,10.60,1.23,9.35,10.60,-0.257,0.592,-0.764,40.2,4070,0.007,1016,0.021,5,0.17,0.21,0.17,1,1.24,9.36,10.56,3,1.25,9.28,10.59,0.30,0.30,0.30,1.18,9.37,10.59,0.3,0
fix,63474,1,1,1.11,9.38,10.74,1.11,9.38,10.74,-0.251,0.598,-0.761,40.5,4152,0.009,1138,0.027,7,0.19,0.22,0.18,0,1.14,9.36,10.70,3,1.08,9.38,10.83,0.30,0.30,0.30,1.14,9.38,10.83,0.1,0
fix,63525,1,1,1.40,9.61,10.36,1.40,9.61,10.36,-0.260,0.597,-0.759,40.7,4075,0.006,1388,0.018,6,0.12,0.15,0.13,2,1.28,9.28,10.60,3,1.48,9.23,10.44,0.73,0.73,0.73,1.23,9.32,10.44,0.4,0
fix,63574,1,1,1.19,9.53,10.61,1.19,9.53,10.61,-0.252,0.581,-0.774,39.3,4223,0.009,1087,0.029,6,0.19,0.23,0.19,1,1.17,9.67,10.63,3,1.16,9.47,10.63,0.30,0.30,0.30,1.23,9.29,10.63,0.4,0
fix,63625,1,1,1.15,9.30,10.89,1.15,9.30,10.89,-0.254,0.623,-0.740,42.3,4214,0.009,1342,0.027,7,0.19,0.22,0.19,1,1.18,9.17,10.91,3,1.12,9.33,11.01,0.30,0.30,0.30,1.20,9.41,11.01,0.1,0
fix,63675,1,1,1.13,9.07,10.88,1.13,9.07,10.88,-0.247,0.636,-0.731,43.1,4162,0.007,1081,0.020,5,0.14,0.16,0.14,3,1.11,8.97,10.96,3,1.10,9.18,10.83,0.30,0.30,0.30,1.20,9.31,10.83,0.5,0
fix,63726,1,1,1.00,9.51,10.81,1.00,9.51,10.81,-0.262,0.576,-0.774,39.2,4292,0.008,1397,0.025,5,0.17,0.20,0.17,2,1.00,9.65,10.71,3,0.94,9.50,10.96,0.30,0.30,0.30,1.12,9.27,10.96,0.3,0
fix,63776,1,1,1.11,9.41,10.93,1.11,9.41,10.93,-0.263,0.614,-0.744,41.9,4306,0.007,1076,0.021,6,0.14,0.16,0.14,2,1.10,9.35,10.98,3,1.16,9.38,10.86,0.30,0.30,0.30,1.10,9.41,10.86,0.4,0
fix,63824,1,1,1.26,9.16,10.83,1.26,9.16,10.83,-0.259,0.627,-0.735,42.7,4128,0.008,1100,0.023,7,0.16,0.19,0.16,1,1.28,9.09,10.85,3,1.28,9.06,10.75,0.30,0.30,0.30,1.13,9.38,10.75,0.2,0
fix,63878,1,1,1.18,9.35,10.68,1.18,9.35,10.68,-0.248,0.596,-0.763,40.2,4161,0.009,1271,0.026,7,0.18,0.21,0.18,0,1.17,9.35,10.65,3,1.16,9.36,10.68,0.30,0.30,0.30,1.15,9.35,10.68,0.1,0
fix,63927,1,1,1.16,9.38,10.62,1.16,9.38,10.62,-0.260,0.594,-0.762,40.4,4045,0.007,1556,0.021,5,0.14,0.17,0.14,3,1.18,9.30,10.57,3,1.14,9.45,10.66,0.30,0.30,0.30,1.15,9.40,10.66,0.2,0
fix,63978,1,1,1.26,9.25,10.85,1.26,9.25,10.85,-0.260,0.617,-0.742,42.1,4103,0.007,1538,0.023,6,0.15,0.18,0.16,2,1.29,9.18,10.79,3,1.23,9.25,11.05,0.30,0.30,0.30,1.17,9.38,11.05,0.4,0
fix,64027,1,1,1.24,9.23,10.76,1.24,9.23,10.76,-0.259,0.601,-0.756,40.8,4063,0.006,1266,0.020,6,0.13,0.16,0.13,2,1.24,9.25,10.64,3,1.17,9.30,10.83,0.30,0.30,0.30,1.24,9.26,10.83,0.4,0
fix,64077,1,1,1.18,9.18,10.76,1.18,9.18,10.76,-0.255,0.615,-0.746,41.8,4148,0.008,1288,0.024,6,0.16,0.19,0.16,2,1.21,9.21,10.79,3,1.11,9.12,10.81,0.30,0.30,0.30,1.22,9.20,10.81,0.2,0
fix,64129,1,1,1.26,9.21,10.77,1.26,9.21,10.77,-0.255,0.624,-0.739,42.4,4263,0.007,1569,0.022,5,0.15,0.18,0.15,3,1.21,9.17,10.97,3,1.30,9.20,10.65,0.30,0.30,0.30,1.27,9.24,10.65,0.5,0
fix,64179,1,1,1.08,9.52,10.65,1.08,9.52,10.65,-0.266,0.586,-0.765,40.1,4247,0.007,1277,0.021,6,0.15,0.17,0.15,2,1.03,9.51,10.71,3,1.08,9.60,10.52,0.30,0.30,0.30,1.23,9.32,10.52,0.3,0
fix,64227,1,1,1.13,9.63,10.67,1.13,9.63,10.67,-0.250,0.579,-0.776,39.1,4283,0.006,1252,0.018,5,0.13,0.15,0.12,3,1.11,9.65,10.71,3,1.16,9.62,10.64,0.30,0.30,0.30,1.19,9.51,10.64,0.1,0
fix,64277,1,1,1.35,9.37,10.57,1.35,9.37,10.57,-0.269,0.593,-0.758,40.7,3992,0.006,1236,0.018,5,0.12,0.14,0.12,3,1.45,9.31,10.50,3,1.34,9.37,10.58,0.30,0.30,0.30,1.19,9.48,10.58,0.1,0
fix,64328,1,1,1.10,9.40,10.93,1.10,9.40,10.93,-0.252,0.601,-0.758,40.7,4376,0.006,1244,0.019,5,0.13,0.15,0.13,3,1.05,9.51,10.97,3,1.08,9.24,11.05,0.30,0.30,0.30,1.21,9.42,11.05,0.1,0
fix,64376,1,1,1.19,9.37,10.79,1.19,9.37,10.79,-0.256,0.601,-0.757,40.8,4212,0.006,1248,0.017,5,0.12,0.14,0.12,3,1.22,9.37,10.75,3,1.16,9.33,10.79,0.30,0.30,0.30,1.18,9.41,10.79,0.3,0
fix,64425,1,1,1.15,9.21,10.81,1.15,9.21,10.81,-0.255,0.620,-0.742,42.1,4093,0.009,1563,0.029,6,0.20,0.23,0.20,2,1.20,9.09,10.78,3,1.10,9.27,10.86,0.30,0.30,0.30,1.15,9.40,10.86,0.2,0
fix,64476,1,1,1.07,9.52,10.89,1.07,9.52,10.89,-0.251,0.601,-0.759,40.6,4418,0.009,1261,0.027,5,0.19,0.21,0.18,3,1.06,9.52,10.95,3,1.02,9.63,10.91,0.30,0.30,0.30,1.15,9.37,10.91,0.1,0
fix,64526,1,1,1.25,9.10,10.50,1.25,9.10,10.50,-0.258,0.617,-0.743,42.0,3792,0.005,1546,0.015,5,0.10,0.12,0.10,3,1.32,8.90,10.40,3,1.17,9.20,10.52,0.30,0.30,0.30,1.15,9.37,10.52,0.2,0
fix,64576,1,1,1.25,9.13,10.90,1.25,9.13,10.90,-0.255,0.635,-0.729,43.2,4297,0.006,1121,0.018,5,0.12,0.14,0.12,2,1.28,9.12,11.03,3,1.18,9.18,10.85,0.30,0.30,0.30,1.19,9.20,10.85,0.2,0
fix,64625,1,1,1.28,9.35,10.69,1.28,9.35,10.69,-0.262,0.589,-0.765,40.1,4138,0.007,1126,0.023,6,0.15,0.18,0.15,2,1.28,9.47,10.62,3,1.27,9.26,10.67,0.30,0.30,0.30,1.24,9.19,10.67,0.2,0
fix,64676,1,1,1.27,9.16,10.58,1.27,9.16,10.58,-0.262,0.614,-0.745,41.9,4015,0.007,1691,0.021,6,0.14,0.17,0.14,2,1.24,9.07,10.63,3,1.31,9.13,10.51,0.30,0.30,0.30,1.28,9.26,10.51,0.1,0
fix,64724,1,1,1.17,9.26,10.70,1.17,9.26,10.70,-0.254,0.598,-0.760,40.5,4122,0.009,1111,0.028,6,0.19,0.22,0.19,2,1.16,9.32,10.62,3,1.20,9.22,10.71,0.30,0.30,0.30,1.24,9.22,10.71,0.3,0
fix,64774,1,1,1.27,9.06,10.78,1.27,9.06,10.78,-0.255,0.625,-0.738,42.5,4107,0.005,1368,0.017,5,0.11,0.13,0.12,3,1.25,9.09,10.83,3,1.33,8.94,10.64,0.30,0.30,0.30,1.24,9.15,10.64,0.1,0
fix,64825,1,1,1.17,9.10,10.87,1.17,9.10,10.87,-0.260,0.613,-0.746,41.8,4139,0.009,1366,0.028,6,0.19,0.22,0.19,2,1.16,9.24,10.82,3,1.17,8.93,10.94,0.30,0.30,0.30,1.22,9.04,10.94,0.4,0
fix,64875,1,1,1.20,9.09,10.83,1.20,9.09,10.83,-0.256,0.632,-0.731,43.0,4117,0.007,1071,0.021,6,0.15,0.17,0.15,2,1.18,8.98,10.91,3,1.20,9.15,10.78,0.30,0.30,0.30,1.22,9.14,10.78,0.2,0
fix,64928,1,1,1.11,9.29,10.89,1.11,9.29,10.89,-0.254,0.598,-0.760,40.5,4266,0.007,1562,0.020,6,0.14,0.16,0.14,2,1.02,9.44,10.84,3,1.16,9.20,11.01,0.30,0.30,0.30,1.22,9.12,11.01,0.6,0
fix,64975,1,1,1.25,9.36,10.60,1.25,9.36,10.60,-0.260,0.586,-0.768,39.9,4124,0.006,1272,0.019,5,0.12,0.15,0.13,3,1.26,9.42,10.56,3,1.32,9.31,10.55,0.30,0.30,0.30,1.19,9.19,10.55,0.4,0
fix,65024,1,1,0.95,8.43,10.62,0.95,8.43,10.62,-0.298,0.644,-0.704,45.2,4689,0.006,1481,0.125,3,1.14,1.21,1.20,2,0.64,7.58,10.49,3,1.24,9.30,10.80,0.30,0.30,0.30,1.22,9.25,10.80,0.2,0
fix,65078,1,1,1.17,9.21,10.73,1.17,9.21,10.73,-0.252,0.619,-0.744,42.0,4172,0.008,1565,0.024,6,0.16,0.19,0.16,2,1.18,9.16,10.85,3,1.20,9.26,10.57,0.30,0.30,0.30,1.20,9.31,10.57,0.1,0
fix,65125,1,1,1.25,9.29,10.67,1.25,9.29,10.67,-0.256,0.593,-0.763,40.3,4198,0.007,1584,0.020,6,0.13,0.16,0.13,1,1.20,9.44,10.67,3,1.37,9.11,10.63,0.30,0.30,0.30,1.21,9.24,10.63,0.1,0
fix,65177,1,1,0.99,9.51,10.77,0.99,9.51,10.77,-0.257,0.581,-0.773,39.4,4239,0.006,1294,0.018,6,0.12,0.14,0.12,2,0.98,9.57,10.70,3,0.93,9.47,10.92,0.30,0.30,0.30,1.15,9.36,10.92,0.5,0
fix,65226,1,1,1.19,9.30,10.73,1.19,9.30,10.73,-0.262,0.611,-0.747,41.7,4153,0.007,1148,0.021,5,0.14,0.17,0.14,3,1.24,9.24,10.77,3,1.16,9.36,10.77,0.30,0.30,0.30,1.13,9.38,10.77,0.3,0
fix,65276,1,1,1.13,9.03,11.00,1.13,9.03,11.00,-0.254,0.641,-0.724,43.6,4183,0.007,1067,0.021,6,0.15,0.17,0.15,2,1.11,8.96,10.99,3,1.10,9.04,11.06,0.30,0.30,0.30,1.15,9.29,11.06,0.1,0
fix,65325,1,1,1.10,9.36,10.67,1.10,9.36,10.67,-0.252,0.595,-0.763,40.2,4220,0.005,1111,0.016,5,0.11,0.13,0.11,3,1.04,9.38,10.72,3,1.13,9.43,10.53,0.30,0.30,0.30,1.16,9.25,10.53,0.2,0
fix,65375,1,1,1.08,9.66,10.57,1.08,9.66,10.57,-0.258,0.571,-0.780,38.8,4209,0.007,1076,0.021,6,0.14,0.17,0.14,2,1.04,9.64,10.58,3,1.12,9.80,10.50,0.30,0.30,0.30,1.13,9.42,10.50,0.3,0
fix,65424,1,1,1.08,9.48,10.75,1.08,9.48,10.75,-0.255,0.605,-0.755,41.0,4230,0.008,1384,0.023,5,0.16,0.18,0.16,3,1.09,9.38,10.82,3,1.06,9.62,10.71,0.30,0.30,0.30,1.10,9.52,10.71,0.0,0
fix,65477,1,1,1.43,9.06,10.54,1.43,9.06,10.54,-0.254,0.612,-0.749,41.5,3925,0.008,1362,0.024,6,0.16,0.19,0.16,2,1.45,9.08,10.51,3,1.51,8.93,10.46,0.30,0.30,0.30,1.19,9.33,10.46,0.1,0
fix,65525,1,1,1.20,9.33,10.64,1.20,9.33,10.64,-0.256,0.605,-0.754,41.1,4054,0.008,1060,0.024,6,0.16,0.19,0.17,1,1.24,9.22,10.64,3,1.18,9.32,10.66,0.30,0.30,0.30,1.20,9.39,10.66,0.1,0
fix,65578,1,1,1.18,9.45,10.50,1.18,9.45,10.50,-0.260,0.582,-0.771,39.6,4138,0.005,1256,0.016,5,0.11,0.13,0.11,2,1.11,9.51,10.55,3,1.19,9.51,10.44,0.30,0.30,0.30,1.27,9.34,10.44,0.4,0
fix,65628,1,1,1.28,9.37,10.59,1.28,9.37,10.59,-0.260,0.586,-0.768,39.9,4031,0.006,2009,0.019,5,0.13,0.16,0.13,2,1.35,9.40,10.51,3,1.32,9.25,10.62,0.30,0.30,0.30,1.22,9.37,10.62,0.2,0
fix,65677,1,1,1.28,9.31,10.68,1.28,9.31,10.68,-0.255,0.608,-0.752,41.2,4115,0.008,1263,0.024,5,0.17,0.20,0.17,3,1.29,9.25,10.69,3,1.27,9.34,10.70,0.30,0.30,0.30,1.24,9.39,10.70,0.1,0
fix,65729,1,1,1.29,9.14,10.90,1.29,9.14,10.90,-0.258,0.619,-0.742,42.1,4255,0.008,1518,0.024,7,0.16,0.19,0.16,1,1.28,9.27,10.92,3,1.33,8.97,10.95,0.30,0.30,0.30,1.26,9.20,10.95,0.1,0
fix,65776,1,1,1.12,9.26,10.78,1.12,9.26,10.78,-0.250,0.611,-0.751,41.3,4071,0.006,1281,0.018,5,0.13,0.15,0.12,3,1.14,9.16,10.75,3,1.14,9.23,10.77,0.30,0.30,0.30,1.20,9.29,10.77,0.4,0
fix,65826,1,1,1.17,9.27,10.70,1.17,9.27,10.70,-0.260,0.607,-0.751,41.3,4114,0.006,1276,0.019,6,0.13,0.15,0.13,1,1.15,9.25,10.71,3,1.20,9.28,10.66,0.30,0.30,0.30,1.19,9.28,10.66,0.1,0
fix,65876,1,1,1.30,9.18,10.74,1.30,9.18,10.74,-0.257,0.611,-0.749,41.5,4053,0.006,1234,0.018,6,0.12,0.14,0.12,2,1.34,9.21,10.67,3,1.31,9.14,10.82,0.30,0.30,0.30,1.19,9.22,10.82,0.1,0
fix,65928,1,1,1.36,9.17,10.55,1.36,9.17,10.55,-0.254,0.618,-0.744,41.9,4091,0.007,1575,0.022,5,0.15,0.17,0.15,3,1.31,9.13,10.73,3,1.44,9.13,10.32,0.30,0.30,0.30,1.28,9.23,10.32,0.2,0
fix,65976,1,1,1.28,9.16,10.74,1.28,9.16,10.74,-0.259,0.610,-0.749,41.5,4048,0.008,1271,0.024,6,0.16,0.19,0.16,2,1.38,9.15,10.64,3,1.24,9.15,10.82,0.30,0.30,0.30,1.24,9.20,10.82,0.2,0
fix,66026,1,1,1.31,9.16,10.51,1.31,9.16,10.51,-0.256,0.594,-0.763,40.3,4040,0.005,1986,0.017,5,0.11,0.13,0.11,3,1.23,9.27,10.53,3,1.37,9.01,10.47,0.30,0.30,0.30,1.32,9.15,10.47,0.3,0
fix,66076,1,1,1.16,9.33,10.90,1.16,9.33,10.90,-0.256,0.609,-0.751,41.3,4276,0.008,1273,0.024,5,0.16,0.19,0.16,3,1.19,9.32,10.86,3,1.13,9.31,10.99,0.30,0.30,0.30,1.24,9.23,10.99,0.2,0
fix,66125,1,1,1.31,9.11,10.70,1.31,9.11,10.70,-0.260,0.606,-0.752,41.3,4104,0.009,1630,0.026,6,0.18,0.21,0.18,2,1.25,9.22,10.65,3,1.40,8.91,10.71,0.30,0.30,0.30,1.27,9.17,10.71,0.2,0
fix,66177,1,1,1.19,9.26,10.75,1.19,9.26,10.75,-0.251,0.607,-0.754,41.1,4107,0.008,1261,0.024,5,0.16,0.19,0.16,2,1.25,9.28,10.72,3,1.19,9.22,10.71,0.30,0.30,0.30,1.19,9.20,10.71,0.3,0
fix,66224,1,1,1.19,9.23,10.74,1.19,9.23,10.74,-0.260,0.608,-0.750,41.4,4129,0.005,1125,0.014,6,0.09,0.11,0.09,1,1.21,9.22,10.70,3,1.15,9.20,10.81,0.30,0.30,0.30,1.19,9.23,10.81,0.1,0
fix,66276,1,1,0.96,9.11,10.87,0.96,9.11,10.87,-0.249,0.634,-0.732,42.9,4141,0.007,1404,0.021,5,0.15,0.17,0.15,3,0.94,8.96,10.94,3,0.83,9.31,10.90,0.30,0.30,0.30,1.13,9.22,10.90,0.2,0
fix,66326,1,1,1.22,9.15,10.64,1.22,9.15,10.64,-0.258,0.604,-0.754,41.1,4021,0.007,1061,0.021,6,0.15,0.17,0.15,2,1.20,9.23,10.61,3,1.25,9.14,10.67,0.30,0.30,0.30,1.15,9.11,10.67,0.1,0
fix,66376,1,1,1.18,9.14,10.90,1.18,9.14,10.90,-0.251,0.628,-0.737,42.5,4251,0.007,1046,0.021,5,0.15,0.17,0.15,3,1.17,9.15,10.97,3,1.19,9.13,10.87,0.30,0.30,0.30,1.16,9.12,10.87,0.4,0
fix,66425,1,1,1.12,9.56,10.70,1.12,9.56,10.70,-0.255,0.581,-0.773,39.4,4297,0.007,1321,0.020,5,0.14,0.16,0.14,3,1.12,9.60,10.71,3,1.13,9.55,10.68,0.30,0.30,0.30,1.15,9.32,10.68,0.1,0
fix,66475,1,1,1.09,9.38,10.92,1.09,9.38,10.92,-0.253,0.620,-0.743,42.0,4204,0.007,1415,0.021,6,0.15,0.17,0.15,2,1.18,9.21,10.90,3,0.95,9.57,11.00,0.30,0.30,0.30,1.09,9.49,11.00,0.3,0
fix,66528,1,1,1.24,9.13,10.75,1.24,9.13,10.75,-0.253,0.616,-0.746,41.7,4069,0.005,1273,0.014,5,0.09,0.11,0.10,2,1.25,9.14,10.70,3,1.20,9.13,10.78,0.30,0.30,0.30,1.15,9.32,10.78,0.3,0
fix,66576,1,1,1.10,9.39,10.83,1.10,9.39,10.83,-0.251,0.600,-0.759,40.6,4293,0.005,1263,0.015,6,0.10,0.12,0.10,2,1.05,9.45,10.85,3,1.10,9.42,10.88,0.30,0.30,0.30,1.17,9.30,10.88,0.1,0
fix,66624,1,1,1.33,9.06,10.71,1.33,9.06,10.71,-0.260,0.617,-0.743,42.0,3943,0.008,1262,0.026,5,0.17,0.20,0.18,3,1.41,9.06,10.59,3,1.36,8.90,10.84,0.30,0.30,0.30,1.16,9.24,10.84,0.2,0
fix,66676,1,1,1.27,9.24,10.65,1.27,9.24,10.65,-0.249,0.603,-0.758,40.7,4149,0.007,1669,0.022,6,0.15,0.17,0.15,2,1.25,9.31,10.68,3,1.30,9.15,10.57,0.30,0.30,0.30,1.23,9.20,10.57,0.1,0
fix,66724,1,1,1.30,9.18,10.92,1.30,9.18,10.92,-0.256,0.619,-0.742,42.1,4254,0.008,1592,0.025,7,0.17,0.20,0.18,1,1.27,9.29,10.92,3,1.37,8.98,10.99,0.30,0.30,0.30,1.26,9.17,10.99,0.3,0
fix,66777,1,1,1.18,9.36,10.71,1.18,9.36,10.71,-0.260,0.605,-0.753,41.2,4134,0.007,1575,0.020,5,0.14,0.16,0.14,3,1.24,9.30,10.72,3,1.16,9.41,10.65,0.30,0.30,0.30,1.20,9.28,10.65,0.2,0
fix,66826,1,1,1.20,9.36,10.70,1.20,9.36,10.70,-0.251,0.594,-0.765,40.1,4205,0.007,1152,0.020,6,0.14,0.16,0.14,2,1.18,9.43,10.68,3,1.24,9.31,10.68,0.30,0.30,0.30,1.21,9.27,10.68,0.1,0
fix,66874,1,1,1.27,8.95,10.75,1.27,8.95,10.75,-0.253,0.646,-0.720,43.9,3955,0.006,1387,0.018,6,0.13,0.15,0.13,1,1.34,8.75,10.79,3,1.22,9.09,10.72,0.30,0.30,0.30,1.21,9.26,10.72,0.4,0
fix,66926,1,1,1.24,9.01,10.88,1.24,9.01,10.88,-0.255,0.632,-0.732,42.9,4163,0.006,1776,0.020,6,0.14,0.16,0.14,2,1.22,9.08,10.94,3,1.22,9.06,10.78,0.30,0.30,0.30,1.24,8.97,10.78,0.1,0
fix,66975,1,1,1.24,9.04,10.72,1.24,9.04,10.72,-0.251,0.626,-0.739,42.4,3993,0.008,1049,0.023,5,0.16,0.19,0.16,3,1.27,8.97,10.67,3,1.16,9.13,10.76,0.30,0.30,0.30,1.24,9.06,10.76,0.1,0
fix,67023,1,1,1.16,9.13,10.80,1.16,9.13,10.80,-0.253,0.607,-0.754,41.1,4332,0.010,1259,0.026,3,0.26,0.33,0.28,3,1.03,9.38,10.90,3,1.27,8.85,10.70,0.30,0.30,0.30,1.26,8.95,10.70,0.3,0
fix,67078,1,1,1.05,9.17,10.88,1.05,9.17,10.88,-0.258,0.613,-0.747,41.7,4198,0.008,1565,0.025,5,0.17,0.20,0.17,3,1.13,9.25,10.84,3,0.89,9.13,11.03,0.30,0.30,0.30,1.15,9.01,11.03,0.3,0
fix,67125,1,1,1.07,9.03,11.15,1.07,9.03,11.15,-0.258,0.645,-0.719,44.0,4355,0.006,1279,0.018,5,0.13,0.15,0.13,3,1.07,9.00,11.20,3,1.04,8.99,11.25,0.30,0.30,0.30,1.13,9.06,11.25,0.2,0
fix,67176,1,1,1.25,9.10,11.03,1.25,9.10,11.03,-0.266,0.630,-0.730,43.1,4223,0.008,1266,0.026,6,0.17,0.20,0.18,2,1.25,9.14,11.00,3,1.31,9.07,10.98,0.30,0.30,0.30,1.15,9.05,10.98,0.1,0
fix,67225,1,1,1.12,9.34,10.77,1.12,9.34,10.77,-0.245,0.610,-0.753,41.1,4176,0.006,1734,0.019,5,0.13,0.15,0.13,3,1.14,9.25,10.77,3,1.06,9.51,10.65,0.30,0.30,0.30,1.15,9.26,10.65,0.1,0
fix,67274,1,1,1.31,9.07,10.75,1.31,9.07,10.75,-0.254,0.621,-0.742,42.1,4049,0.008,1377,0.025,6,0.17,0.20,0.18,2,1.32,9.12,10.70,3,1.34,8.94,10.77,0.30,0.30,0.30,1.19,9.16,10.77,0.3,0
fix,67331,1,1,1.19,9.22,10.87,1.19,9.22,10.87,-0.250,0.619,-0.744,41.9,4171,0.007,1262,0.021,5,0.14,0.17,0.14,3,1.24,9.20,10.86,3,1.11,9.25,10.88,0.30,0.30,0.30,1.20,9.20,10.88,0.3,0
fix,67378,1,1,1.29,8.90,10.92,1.29,8.90,10.92,-0.256,0.640,-0.725,43.5,4122,0.007,1576,0.023,6,0.16,0.18,0.16,2,1.23,8.94,10.93,3,1.37,8.81,10.94,0.30,0.30,0.30,1.27,9.08,10.94,0.3,0
fix,67426,1,1,1.31,8.90,10.86,1.31,8.90,10.86,-0.253,0.632,-0.732,42.9,3981,0.005,1261,0.014,5,0.10,0.12,0.10,2,1.37,8.95,10.73,3,1.29,8.79,11.00,0.30,0.30,0.30,1.25,8.97,11.00,0.1,0
fix,67477,1,1,1.19,9.11,10.73,1.19,9.11,10.73,-0.253,0.608,-0.752,41.2,4155,0.007,1577,0.020,5,0.14,0.17,0.14,3,1.04,9.25,10.79,3,1.24,9.06,10.69,0.30,0.30,0.30,1.34,8.93,10.69,0.3,0
fix,67525,1,1,1.08,9.23,10.93,1.08,9.23,10.93,-0.253,0.624,-0.739,42.3,4250,0.005,1135,0.015,5,0.10,0.12,0.10,3,1.12,9.20,10.98,3,1.07,9.26,10.92,0.30,0.30,0.30,1.18,9.10,10.92,0.1,0
fix,67574,1,1,1.42,8.94,10.74,1.42,8.94,10.74,-0.271,0.638,-0.721,43.9,3940,0.008,1052,0.023,5,0.16,0.18,0.16,3,1.47,8.87,10.76,3,1.47,8.98,10.57,0.30,0.30,0.30,1.21,9.08,10.57,0.2,0
fix,67625,1,1,1.24,9.05,10.70,1.24,9.05,10.70,-0.264,0.620,-0.738,42.4,4005,0.007,1384,0.022,5,0.15,0.17,0.15,3,1.31,9.03,10.66,3,1.13,9.19,10.72,0.30,0.30,0.30,1.23,9.05,10.72,0.2,0
fix,67678,1,1,1.10,9.11,10.83,1.10,9.11,10.83,-0.255,0.620,-0.742,42.1,4039,0.005,1258,0.016,5,0.12,0.13,0.12,3,1.11,9.04,10.76,3,1.06,9.21,10.92,0.30,0.30,0.30,1.18,9.09,10.92,0.1,0
fix,67727,1,1,1.23,8.92,10.93,1.23,8.92,10.93,-0.258,0.644,-0.721,43.9,4037,0.006,1270,0.018,6,0.13,0.15,0.13,2,1.31,8.85,10.88,3,1.22,8.91,11.00,0.30,0.30,0.30,1.14,9.06,11.00,0.0,0
fix,67778,1,1,1.20,8.94,11.06,1.20,8.94,11.06,-0.257,0.653,-0.712,44.6,4211,0.007,1263,0.021,5,0.15,0.17,0.15,3,1.23,8.87,11.10,3,1.20,8.93,11.07,0.30,0.30,0.30,1.15,9.05,11.07,0.2,0
fix,67826,1,1,1.18,9.04,10.85,1.18,9.04,10.85,-0.262,0.613,-0.745,41.8,4114,0.006,1579,0.020,7,0.14,0.16,0.14,0,1.15,9.19,10.76,3,1.17,8.97,10.96,0.30,0.30,0.30,1.18,8.93,10.96,0.1,0
fix,67875,1,1,0.88,9.38,10.97,0.88,9.38,10.97,-0.244,0.607,-0.756,40.9,4486,0.007,1599,0.020,6,0.15,0.16,0.14,1,0.76,9.47,11.11,3,0.99,9.29,10.91,0.30,0.30,0.30,1.11,9.09,10.91,0.1,0
fix,67927,1,1,1.15,9.29,10.97,1.15,9.29,10.97,-0.254,0.619,-0.743,42.0,4327,0.007,1604,0.023,6,0.16,0.18,0.16,2,1.12,9.29,11.01,3,1.28,9.28,10.90,0.30,0.30,0.30,1.09,9.25,10.90,0.1,0
fix,67973,1,1,0.96,9.29,11.06,0.96,9.29,11.06,-0.252,0.618,-0.745,41.8,4287,0.008,1261,0.023,5,0.16,0.18,0.16,3,1.01,9.22,10.96,3,0.90,9.35,11.09,0.30,0.30,0.30,0.99,9.33,11.09,0.3,0
fix,68026,1,1,1.06,9.27,10.92,1.06,9.27,10.92,-0.259,0.605,-0.753,41.1,4316,0.007,1264,0.021,6,0.15,0.17,0.15,2,1.05,9.40,10.92,3,1.12,9.24,10.90,0.30,0.30,0.30,1.03,9.21,10.90,0.4,0
fix,68074,1,1,1.26,9.23,10.51,1.26,9.23,10.51,-0.258,0.596,-0.760,40.5,3979,0.006,1139,0.018,5,0.12,0.15,0.12,3,1.25,9.23,10.47,3,1.30,9.25,10.45,0.30,0.30,0.30,1.11,9.23,10.45,0.2,0
fix,68125,1,1,1.21,9.24,10.84,1.21,9.24,10.84,-0.258,0.616,-0.745,41.9,4184,0.007,1073,0.021,5,0.15,0.17,0.15,3,1.19,9.24,10.86,3,1.22,9.26,10.92,0.30,0.30,0.30,1.17,9.24,10.92,0.2,0
fix,68175,1,1,1.27,9.22,10.63,1.27,9.22,10.63,-0.258,0.610,-0.750,41.4,4021,0.006,1261,0.018,4,0.14,0.16,0.14,3,1.25,9.14,10.62,3,1.37,9.27,10.53,0.30,0.30,0.30,1.21,9.26,10.53,0.1,0
fix,68225,1,1,1.20,9.17,10.80,1.20,9.17,10.80,-0.255,0.628,-0.735,42.7,4205,0.005,1485,0.016,5,0.11,0.13,0.11,2,1.20,9.09,10.93,3,1.20,9.26,10.74,0.30,0.30,0.30,1.21,9.25,10.74,0.4,0
fix,68279,1,1,1.34,9.20,10.58,1.34,9.20,10.58,-0.260,0.601,-0.756,40.9,4024,0.007,1258,0.022,6,0.14,0.17,0.15,2,1.31,9.24,10.57,3,1.44,9.16,10.47,0.30,0.30,0.30,1.28,9.20,10.47,0.3,0
fix,68327,1,1,1.17,9.52,10.60,1.17,9.52,10.60,-0.261,0.577,-0.774,39.3,4174,0.008,1268,0.023,5,0.16,0.19,0.16,3,1.16,9.57,10.58,3,1.20,9.54,10.54,0.30,0.30,0.30,1.24,9.29,10.54,0.1,0
fix,68375,1,1,0.98,9.43,10.83,0.98,9.43,10.83,-0.257,0.604,-0.755,41.0,4277,0.006,1243,0.019,5,0.13,0.15,0.13,3,1.04,9.35,10.85,3,0.90,9.42,10.85,0.30,0.30,0.30,1.10,9.48,10.85,0.3,0
fix,68424,1,1,1.11,9.60,10.72,1.11,9.60,10.72,-0.258,0.576,-0.775,39.2,4259,0.008,1125,0.022,5,0.17,0.20,0.16,2,1.10,9.63,10.64,3,1.07,9.71,10.80,0.30,0.30,0.30,1.12,9.48,10.80,0.2,0
fix,68478,1,1,1.25,9.44,10.63,1.25,9.44,10.63,-0.257,0.581,-0.772,39.5,4236,0.008,1692,0.023,5,0.16,0.19,0.16,2,1.20,9.54,10.61,3,1.32,9.34,10.68,0.30,0.30,0.30,1.18,9.42,10.68,0.2,0
fix,68527,1,1,1.22,9.24,10.73,1.22,9.24,10.73,-0.259,0.617,-0.743,42.0,4094,0.007,1145,0.021,6,0.14,0.17,0.14,1,1.28,9.11,10.76,3,1.19,9.28,10.70,0.30,0.30,0.30,1.16,9.43,10.70,0.1,0
fix,68575,1,1,1.31,9.54,10.52,1.31,9.54,10.52,-0.255,0.565,-0.785,38.3,4255,0.006,1284,0.016,4,0.12,0.14,0.12,2,1.24,9.72,10.53,3,1.35,9.53,10.42,0.30,0.30,0.30,1.29,9.34,10.42,0.1,0
fix,68625,1,1,1.19,9.13,10.76,1.19,9.13,10.76,-0.260,0.618,-0.742,42.1,4133,0.006,1119,0.019,6,0.13,0.15,0.13,2,1.23,9.15,10.81,3,1.27,9.07,10.64,0.94,0.72,0.62,1.28,9.29,10.64,0.2,0
fix,68676,1,1,1.30,9.12,10.59,1.30,9.12,10.59,-0.263,0.604,-0.752,41.2,3946,0.006,1084,0.017,5,0.12,0.14,0.12,3,1.33,9.13,10.49,3,1.29,9.04,10.61,0.30,0.30,0.30,1.26,9.19,10.61,0.1,0
fix,68725,1,1,1.05,9.26,10.84,1.05,9.26,10.84,-0.255,0.613,-0.748,41.6,4234,0.006,1135,0.017,5,0.12,0.14,0.12,3,1.03,9.26,10.89,3,0.97,9.33,10.91,0.30,0.30,0.30,1.23,9.21,10.91,0.1,0
fix,68776,1,1,1.20,9.16,10.70,1.20,9.16,10.70,-0.263,0.597,-0.758,40.7,3996,0.010,1493,0.029,5,0.20,0.24,0.20,2,1.22,9.22,10.55,3,1.17,9.11,10.86,0.30,0.30,0.30,1.19,9.15,10.86,0.2,0
fix,68825,1,1,1.24,9.31,10.76,1.24,9.31,10.76,-0.251,0.607,-0.754,41.1,4266,0.005,1115,0.014,5,0.10,0.11,0.10,2,1.18,9.37,10.82,3,1.25,9.32,10.77,0.30,0.30,0.30,1.23,9.18,10.77,0.1,0
fix,68875,1,1,1.32,9.15,10.82,1.32,9.15,10.82,-0.256,0.619,-0.743,42.0,4069,0.009,1085,0.027,5,0.18,0.22,0.19,2,1.36,9.12,10.74,3,1.33,9.02,10.94,0.30,0.30,0.30,1.23,9.23,10.94,0.1,0
fix,68928,1,1,1.23,9.11,10.88,1.23,9.11,10.88,-0.247,0.633,-0.733,42.8,4248,0.008,1216,0.024,5,0.17,0.20,0.17,3,1.19,9.03,10.99,3,1.25,9.13,10.83,0.30,0.30,0.30,1.25,9.23,10.83,0.2,0
fix,68976,1,1,1.25,9.21,10.83,1.25,9.21,10.83,-0.255,0.620,-0.742,42.1,4170,0.008,1242,0.024,5,0.17,0.19,0.17,3,1.30,9.18,10.82,3,1.22,9.27,10.84,0.30,0.30,0.30,1.23,9.21,10.84,0.2,0
fix,69030,1,1,1.21,9.14,10.78,1.21,9.14,10.78,-0.258,0.620,-0.741,42.2,4088,0.007,1556,0.022,5,0.15,0.18,0.15,2,1.20,9.04,10.78,3,1.18,9.24,10.78,0.30,0.30,0.30,1.24,9.21,10.78,0.1,0
fix,69077,1,1,1.36,9.08,10.84,1.36,9.08,10.84,-0.257,0.626,-0.736,42.6,4131,0.006,1250,0.018,5,0.12,0.14,0.13,3,1.41,9.09,10.83,3,1.26,9.18,10.94,0.30,0.30,0.30,1.27,9.12,10.94,0.2,0
fix,69125,1,1,1.23,9.17,10.62,1.23,9.17,10.62,-0.260,0.593,-0.762,40.3,3980,0.005,1621,0.016,5,0.11,0.13,0.11,3,1.26,9.26,10.47,3,1.12,9.12,10.73,0.30,0.30,0.30,1.29,9.08,10.73,0.4,0
fix,69177,1,1,1.23,9.09,10.80,1.23,9.09,10.80,-0.260,0.621,-0.739,42.3,4133,0.006,1573,0.018,5,0.12,0.14,0.12,3,1.25,9.14,10.85,3,1.25,8.90,10.87,0.30,0.30,0.30,1.26,9.12,10.87,0.3,0
fix,69228,1,1,1.22,9.11,10.66,1.22,9.11,10.66,-0.254,0.612,-0.749,41.5,4051,0.008,1275,0.024,6,0.17,0.20,0.17,1,1.20,9.11,10.69,3,1.25,9.09,10.61,0.30,0.30,0.30,1.26,9.12,10.61,0.1,0
fix,69275,1,1,1.27,9.01,10.82,1.27,9.01,10.82,-0.250,0.637,-0.729,43.2,4174,0.007,1519,0.021,5,0.15,0.17,0.15,3,1.26,8.98,10.95,3,1.33,9.05,10.61,0.30,0.30,0.30,1.24,9.09,10.61,0.4,0
fix,69326,1,1,1.38,9.01,10.71,1.38,9.01,10.71,-0.265,0.615,-0.743,42.0,4029,0.005,1565,0.017,5,0.11,0.13,0.11,3,1.27,9.10,10.68,3,1.58,8.97,10.60,0.30,0.30,0.30,1.32,8.96,10.60,0.3,0
fix,69374,1,1,1.26,9.10,10.79,1.26,9.10,10.79,-0.255,0.620,-0.742,42.1,4082,0.007,1529,0.022,6,0.15,0.18,0.15,1,1.28,9.08,10.78,3,1.20,9.21,10.85,0.30,0.30,0.30,1.30,9.01,10.85,0.2,0
fix,69424,1,1,1.31,8.83,10.89,1.31,8.83,10.89,-0.253,0.647,-0.719,44.0,4059,0.010,1849,0.030,5,0.21,0.24,0.21,3,1.33,8.80,10.91,3,1.25,8.90,10.87,0.30,0.30,0.30,1.30,8.92,10.87,0.4,0
fix,69476,1,1,1.34,8.94,10.74,1.34,8.94,10.74,-0.257,0.628,-0.735,42.7,4037,0.007,1424,0.022,5,0.15,0.18,0.15,3,1.26,8.97,10.75,3,1.41,8.95,10.71,0.30,0.30,0.30,1.35,8.90,10.71,0.1,0
fix,69524,1,1,1.29,9.25,10.62,1.29,9.25,10.62,-0.265,0.604,-0.751,41.3,4059,0.008,1070,0.024,6,0.16,0.19,0.16,2,1.27,9.25,10.64,3,1.32,9.28,10.56,0.30,0.30,0.30,1.33,9.05,10.56,0.2,0
fix,69575,1,1,1.14,9.17,10.68,1.14,9.17,10.68,-0.261,0.605,-0.753,41.2,4065,0.009,1072,0.026,5,0.18,0.21,0.18,3,1.12,9.18,10.66,3,1.13,9.15,10.67,0.30,0.30,0.30,1.28,9.12,10.67,0.1,0
fix,69626,1,1,1.33,9.17,10.45,1.33,9.17,10.45,-0.272,0.600,-0.752,41.2,3784,0.009,1328,0.028,5,0.18,0.22,0.19,2,1.39,9.09,10.32,3,1.36,9.21,10.38,0.30,0.30,0.30,1.23,9.24,10.38,0.3,0
fix,69676,1,1,1.33,9.08,10.76,1.33,9.08,10.76,-0.256,0.631,-0.732,42.9,4145,0.010,1130,0.029,6,0.20,0.23,0.20,2,1.26,9.07,10.90,3,1.38,9.11,10.70,0.30,0.30,0.30,1.30,9.15,10.70,0.2,0
fix,69724,1,1,1.13,9.24,10.79,1.13,9.24,10.79,-0.266,0.602,-0.753,41.1,4221,0.007,1067,0.021,6,0.14,0.16,0.14,1,1.13,9.35,10.79,3,1.09,9.17,10.76,0.30,0.30,0.30,1.25,9.12,10.76,0.2,0
fix,69777,1,1,1.16,9.47,10.65,1.16,9.47,10.65,-0.250,0.589,-0.768,39.8,4230,0.006,1244,0.020,6,0.13,0.16,0.13,2,1.14,9.51,10.71,3,1.15,9.50,10.61,0.30,0.30,0.30,1.23,9.27,10.61,0.1,0
fix,69824,1,1,1.15,9.37,10.72,1.15,9.37,10.72,-0.253,0.593,-0.765,40.1,4244,0.007,1240,0.021,5,0.15,0.17,0.15,3,1.09,9.48,10.72,3,1.10,9.31,10.74,0.30,0.30,0.30,1.23,9.27,10.74,0.3,0
fix,69876,1,1,1.18,9.35,10.82,1.18,9.35,10.82,-0.251,0.601,-0.759,40.6,4180,0.008,1293,0.025,6,0.17,0.20,0.17,2,1.19,9.41,10.75,3,1.19,9.29,10.87,0.30,0.30,0.30,1.18,9.30,10.87,0.3,0
fix,69926,1,1,1.33,9.28,10.73,1.33,9.28,10.73,-0.256,0.608,-0.751,41.3,4170,0.008,1946,0.024,5,0.16,0.19,0.16,3,1.29,9.31,10.76,3,1.41,9.26,10.70,0.30,0.30,0.30,1.23,9.29,10.70,0.1,0
fix,69975,1,1,1.22,9.46,10.68,1.22,9.46,10.68,-0.256,0.590,-0.766,40.0,4089,0.009,1669,0.026,5,0.18,0.21,0.18,2,1.24,9.42,10.59,3,1.14,9.60,10.81,0.30,0.30,0.30,1.24,9.37,10.81,0.1,0
fix,70027,1,1,1.23,9.48,10.59,1.23,9.48,10.59,-0.264,0.585,-0.767,39.9,4084,0.005,1288,0.015,5,0.10,0.12,0.10,3,1.24,9.49,10.51,3,1.25,9.46,10.60,0.30,0.30,0.30,1.23,9.45,10.60,0.3,0
fix,70074,1,1,1.14,9.11,10.70,1.14,9.11,10.70,-0.254,0.618,-0.744,41.9,3984,0.007,1165,0.021,6,0.15,0.17,0.15,2,1.13,9.05,10.69,3,1.15,9.10,10.72,0.30,0.30,0.30,1.21,9.38,10.72,0.2,0
fix,70129,1,1,1.28,9.07,10.68,1.28,9.07,10.68,-0.259,0.625,-0.736,42.6,4012,0.006,1277,0.019,5,0.13,0.15,0.13,3,1.29,9.02,10.70,3,1.27,9.10,10.69,0.30,0.30,0.30,1.22,9.22,10.69,0.1,0
fix,70178,1,1,1.17,9.29,10.66,1.17,9.29,10.66,-0.259,0.589,-0.765,40.1,4140,0.005,1233,0.015,5,0.10,0.12,0.10,3,1.17,9.44,10.64,3,1.16,9.10,10.66,0.30,0.30,0.30,1.21,9.16,10.66,0.2,0
fix,70227,1,1,1.29,9.16,10.57,1.29,9.16,10.57,-0.260,0.611,-0.747,41.6,3985,0.007,1258,0.022,5,0.15,0.18,0.15,2,1.30,9.13,10.61,3,1.32,9.03,10.57,0.30,0.30,0.30,1.22,9.22,10.57,0.2,0
fix,70274,1,1,1.23,9.03,10.79,1.23,9.03,10.79,-0.255,0.652,-0.714,44.5,4044,0.005,1567,0.016,6,0.11,0.13,0.11,1,1.31,8.75,10.92,3,1.15,9.25,10.70,0.30,0.30,0.30,1.20,9.26,10.70,0.4,0
fix,70326,1,1,1.30,8.99,10.88,1.30,8.99,10.88,-0.256,0.631,-0.732,42.9,4153,0.007,1279,0.022,7,0.15,0.18,0.16,1,1.30,9.04,10.90,3,1.31,8.99,10.85,0.30,0.30,0.30,1.23,9.03,10.85,0.2,0
fix,70376,1,1,1.43,8.78,10.74,1.43,8.78,10.74,-0.251,0.652,-0.715,44.3,3857,0.008,1579,0.023,5,0.16,0.19,0.16,3,1.51,8.65,10.75,3,1.34,8.80,10.78,0.30,0.30,0.30,1.27,9.00,10.78,0.3,0
fix,70426,1,1,1.15,8.98,11.10,1.15,8.98,11.10,-0.254,0.642,-0.724,43.6,4304,0.006,1280,0.019,5,0.13,0.15,0.13,3,1.19,9.03,11.15,3,1.08,8.94,11.04,0.30,0.30,0.30,1.25,8.92,11.04,0.3,0
fix,70475,1,1,1.36,8.97,10.82,1.36,8.97,10.82,-0.259,0.635,-0.728,43.3,4013,0.005,1090,0.014,5,0.09,0.11,0.10,3,1.40,8.88,10.78,3,1.39,8.94,10.78,0.30,0.30,0.30,1.25,9.01,10.78,0.2,0
fix,70525,1,1,1.26,9.04,10.69,1.26,9.04,10.69,-0.259,0.620,-0.741,42.2,3971,0.006,1094,0.019,5,0.13,0.15,0.13,3,1.34,8.99,10.61,3,1.21,8.98,10.75,0.30,0.30,0.30,1.23,9.07,10.75,0.2,0
fix,70575,1,1,1.15,9.24,10.70,1.15,9.24,10.70,-0.259,0.607,-0.752,41.3,4098,0.006,1088,0.019,5,0.13,0.16,0.13,2,1.12,9.24,10.73,3,1.16,9.28,10.69,0.30,0.30,0.30,1.23,9.15,10.69,0.2,0
fix,70625,1,1,1.14,9.19,10.67,1.14,9.19,10.67,-0.257,0.603,-0.755,40.9,4152,0.006,1790,0.017,5,0.12,0.14,0.12,2,1.12,9.29,10.73,3,1.24,9.03,10.57,0.30,0.30,0.30,1.17,9.15,10.57,0.1,0
fix,70681,1,1,1.14,9.44,10.76,1.14,9.44,10.76,-0.253,0.592,-0.766,40.0,4249,0.007,1561,0.022,5,0.15,0.18,0.15,2,1.21,9.51,10.70,3,1.14,9.31,10.80,0.30,0.30,0.30,1.07,9.34,10.80,0.3,0
fix,70727,1,1,1.19,9.29,10.66,1.19,9.29,10.66,-0.259,0.603,-0.755,41.0,4109,0.006,1246,0.017,5,0.12,0.14,0.12,3,1.17,9.31,10.71,3,1.26,9.15,10.60,0.30,0.30,0.30,1.12,9.37,10.60,0.2,0
fix,70775,1,1,1.16,8.89,10.57,1.16,8.89,10.57,-0.250,0.620,-0.744,41.9,4042,0.005,1437,0.045,4,0.80,0.56,0.46,3,0.98,8.67,10.44,3,1.37,9.08,10.71,0.30,0.30,0.30,1.20,9.28,10.71,0.1,0
fix,70828,1,1,1.21,9.32,10.60,1.21,9.32,10.60,-0.257,0.600,-0.757,40.8,4083,0.008,1294,0.025,6,0.17,0.20,0.17,2,1.22,9.32,10.60,3,1.21,9.51,10.62,0.30,0.30,0.30,1.22,9.19,10.62,0.2,0
fix,70877,1,1,1.04,9.37,10.87,1.04,9.37,10.87,-0.251,0.610,-0.752,41.2,4335,0.007,1435,0.020,5,0.14,0.16,0.14,2,0.94,9.37,10.96,3,1.12,9.38,10.85,0.30,0.30,0.30,1.20,9.26,10.85,0.2,0
fix,70925,1,1,1.25,9.21,10.65,1.25,9.21,10.65,-0.258,0.604,-0.754,41.0,4028,0.005,1468,0.014,5,0.12,0.14,0.12,1,1.18,9.21,10.61,3,1.37,9.22,10.62,0.30,0.30,0.30,1.23,9.24,10.62,0.1,0
fix,70974,1,1,1.01,9.40,10.72,1.01,9.40,10.72,-0.258,0.585,-0.769,39.8,4161,0.007,1110,0.021,6,0.14,0.17,0.14,1,1.05,9.44,10.62,3,0.96,9.40,10.83,0.30,0.30,0.30,1.12,9.27,10.83,0.1,0
fix,71024,1,1,1.79,9.47,10.58,1.79,9.47,10.58,-0.309,0.595,-0.742,42.1,4214,0.005,1310,0.014,5,0.46,0.22,0.23,2,2.35,9.57,10.41,3,1.17,9.49,10.85,0.30,0.30,0.30,1.16,9.29,10.85,0.2,0
fix,71075,1,1,1.24,9.33,10.62,1.24,9.33,10.62,-0.262,0.593,-0.761,40.4,3966,0.008,1458,0.026,6,0.17,0.21,0.17,2,1.38,9.31,10.46,3,1.09,9.33,10.69,0.30,0.30,0.30,1.15,9.33,10.69,0.2,0
fix,71124,1,1,1.19,9.14,10.77,1.19,9.14,10.77,-0.260,0.620,-0.740,42.3,4108,0.009,1134,0.028,5,0.20,0.23,0.20,3,1.17,9.14,10.79,3,1.12,9.13,10.81,0.30,0.30,0.30,1.22,9.27,10.81,0.5,0
fix,71174,1,1,1.26,9.26,10.64,1.26,9.26,10.64,-0.255,0.589,-0.767,39.9,4196,0.006,1396,0.020,5,0.13,0.16,0.13,2,1.18,9.50,10.65,3,1.42,8.94,10.55,0.30,0.30,0.30,1.21,9.17,10.55,0.6,0
fix,71225,1,1,1.24,9.19,10.68,1.24,9.19,10.68,-0.261,0.621,-0.739,42.4,3939,0.006,1463,0.018,5,0.12,0.14,0.12,2,1.37,9.02,10.63,3,1.11,9.32,10.74,0.30,0.30,0.30,1.18,9.28,10.74,0.3,0
fix,71278,1,1,1.22,9.07,10.73,1.22,9.07,10.73,-0.257,0.615,-0.745,41.8,4014,0.008,1237,0.023,6,0.16,0.19,0.16,1,1.19,9.13,10.67,3,1.17,9.06,10.87,0.30,0.30,0.30,1.24,9.10,10.87,0.3,0
fix,71327,1,1,1.09,9.31,10.73,1.09,9.31,10.73,-0.253,0.603,-0.756,40.9,4211,0.007,1277,0.020,6,0.14,0.16,0.14,2,1.06,9.31,10.77,3,1.05,9.33,10.81,0.30,0.30,0.30,1.21,9.18,10.81,0.2,0
fix,71378,1,1,1.35,9.02,10.72,1.35,9.02,10.72,-0.261,0.625,-0.735,42.7,3967,0.008,1250,0.025,5,0.17,0.20,0.17,3,1.39,9.00,10.68,3,1.44,8.86,10.75,0.30,0.30,0.30,1.19,9.19,10.75,0.1,0
fix,71427,1,1,1.03,9.56,10.81,1.03,9.56,10.81,-0.259,0.591,-0.764,40.2,4373,0.005,1263,0.015,5,0.10,0.12,0.10,2,1.01,9.58,10.86,3,0.96,9.70,10.83,0.30,0.30,0.30,1.18,9.31,10.83,0.1,0
fix,71474,1,1,1.27,9.25,10.72,1.27,9.25,10.72,-0.251,0.618,-0.745,41.8,4120,0.009,1903,0.027,5,0.18,0.22,0.19,3,1.32,9.16,10.77,3,1.28,9.25,10.62,0.30,0.30,0.30,1.17,9.39,10.62,0.1,0
fix,71524,1,1,1.33,8.98,10.74,1.33,8.98,10.74,-0.262,0.638,-0.724,43.6,3957,0.008,1566,0.024,6,0.16,0.19,0.17,2,1.48,8.84,10.72,3,1.21,9.10,10.79,0.30,0.30,0.30,1.17,9.30,10.79,0.3,0
fix,71576,1,1,1.33,9.40,10.55,1.33,9.40,10.55,-0.252,0.595,-0.763,40.2,4064,0.007,1821,0.021,5,0.14,0.17,0.14,3,1.38,9.32,10.52,3,1.29,9.58,10.48,0.30,0.30,0.30,1.23,9.30,10.48,0.2,0
fix,71625,1,1,1.15,9.53,10.80,1.15,9.53,10.80,-0.248,0.594,-0.765,40.1,4420,0.007,1252,0.020,6,0.14,0.16,0.14,2,1.08,9.64,10.91,3,1.15,9.49,10.75,0.30,0.30,0.30,1.27,9.33,10.75,0.2,0
fix,71674,1,1,1.22,9.59,10.58,1.22,9.59,10.58,-0.258,0.577,-0.775,39.2,4146,0.006,1247,0.018,5,0.12,0.15,0.12,2,1.27,9.57,10.51,3,1.24,9.59,10.54,0.30,0.30,0.30,1.21,9.56,10.54,0.1,0
fix,71726,1,1,1.39,9.12,10.57,1.39,9.12,10.57,-0.266,0.610,-0.746,41.7,4037,0.005,1583,0.015,5,0.10,0.12,0.10,3,1.35,9.14,10.63,3,1.56,8.83,10.53,0.30,0.30,0.30,1.27,9.46,10.53,0.3,0
fix,71775,1,1,1.40,9.02,10.69,1.40,9.02,10.69,-0.255,0.634,-0.730,43.1,4064,0.010,1384,0.031,6,0.21,0.25,0.22,2,1.39,8.92,10.78,3,1.48,9.04,10.54,0.30,0.30,0.30,1.32,9.28,10.54,0.1,0
fix,71826,1,1,1.12,9.37,10.83,1.12,9.37,10.83,-0.260,0.603,-0.754,41.0,4188,0.006,1576,0.018,7,0.12,0.14,0.12,1,1.21,9.32,10.77,3,1.02,9.50,10.90,0.30,0.30,0.30,1.21,9.30,10.90,0.3,0
fix,71875,1,1,1.29,9.06,10.88,1.29,9.06,10.88,-0.248,0.626,-0.739,42.3,4250,0.005,1443,0.017,6,0.11,0.13,0.11,2,1.19,9.18,11.00,3,1.46,8.86,10.77,0.30,0.30,0.30,1.26,9.09,10.77,0.2,0
fix,71925,1,1,1.15,9.23,10.70,1.15,9.23,10.70,-0.261,0.594,-0.761,40.5,4195,0.007,1815,0.022,5,0.15,0.17,0.15,3,1.09,9.38,10.68,3,1.24,9.00,10.68,0.30,0.30,0.30,1.24,9.12,10.68,0.2,0
fix,71975,1,1,1.13,9.28,10.79,1.13,9.28,10.79,-0.251,0.598,-0.761,40.4,4282,0.006,1148,0.017,6,0.12,0.14,0.12,2,1.09,9.43,10.79,3,1.18,9.13,10.77,0.30,0.30,0.30,1.20,9.15,10.77,0.4,0
fix,72025,1,1,1.15,9.24,10.73,1.15,9.24,10.73,-0.252,0.606,-0.754,41.0,4124,0.008,1726,0.024,7,0.17,0.20,0.17,1,1.09,9.26,10.73,3,1.23,9.23,10.67,0.30,0.30,0.30,1.20,9.18,10.67,0.1,0
fix,72076,1,1,1.22,9.00,10.67,1.22,9.00,10.67,-0.259,0.614,-0.746,41.8,3972,0.010,1783,0.031,6,0.21,0.25,0.22,2,1.20,9.08,10.65,3,1.27,8.86,10.68,0.30,0.30,0.30,1.20,9.07,10.68,0.3,0
fix,72126,1,1,1.10,9.36,10.84,1.10,9.36,10.84,-0.252,0.608,-0.753,41.2,4334,0.006,1096,0.018,6,0.13,0.15,0.13,2,1.02,9.37,10.92,3,1.16,9.36,10.85,0.30,0.30,0.30,1.19,9.17,10.85,0.1,0
fix,72177,1,1,0.88,9.19,11.08,0.88,9.19,11.08,-0.252,0.628,-0.737,42.6,4369,0.007,1108,0.020,5,0.15,0.16,0.14,3,0.91,9.19,11.11,3,0.82,9.10,11.12,0.30,0.30,0.30,1.00,9.23,11.12,0.2,0
fix,72224,1,1,1.19,9.41,10.70,1.19,9.41,10.70,-0.257,0.605,-0.753,41.1,4208,0.009,1779,0.029,5,0.20,0.23,0.20,3,1.22,9.35,10.77,3,1.24,9.47,10.53,0.30,0.30,0.30,1.02,9.38,10.53,0.1,0
fix,72277,1,1,1.25,9.17,10.57,1.25,9.17,10.57,-0.264,0.591,-0.762,40.3,3957,0.009,1424,0.027,6,0.18,0.22,0.18,2,1.23,9.25,10.47,3,1.28,9.07,10.63,0.30,0.30,0.30,1.13,9.26,10.63,0.3,0
fix,72325,1,1,1.16,9.05,10.78,1.16,9.05,10.78,-0.250,0.641,-0.725,43.5,4070,0.008,1400,0.025,6,0.18,0.20,0.18,2,1.18,8.87,10.92,3,1.13,9.22,10.67,0.30,0.30,0.30,1.14,9.26,10.67,0.2,0
fix,72375,1,1,1.22,9.06,10.95,1.22,9.06,10.95,-0.253,0.638,-0.727,43.4,4119,0.007,1363,0.022,6,0.15,0.18,0.15,2,1.27,8.99,10.93,3,1.26,9.17,10.95,0.30,0.30,0.30,1.13,9.16,10.95,0.3,0
fix,72426,1,1,1.31,9.15,10.70,1.31,9.15,10.70,-0.259,0.624,-0.737,42.5,4012,0.008,1359,0.023,6,0.16,0.19,0.16,2,1.38,9.05,10.69,3,1.24,9.31,10.70,0.30,0.30,0.30,1.20,9.17,10.70,0.1,0
fix,72476,1,1,1.20,9.32,10.76,1.20,9.32,10.76,-0.259,0.603,-0.755,41.0,4179,0.005,1073,0.017,6,0.11,0.13,0.11,2,1.16,9.34,10.76,3,1.10,9.39,10.88,0.30,0.30,0.30,1.30,9.17,10.88,0.3,0
fix,72526,1,1,1.39,9.03,10.60,1.39,9.03,10.60,-0.258,0.620,-0.741,42.2,3886,0.005,1223,0.016,5,0.11,0.13,0.11,3,1.46,9.00,10.53,3,1.41,8.94,10.57,0.30,0.30,0.30,1.26,9.18,10.57,0.3,0
fix,72574,1,1,1.27,9.16,10.91,1.27,9.16,10.91,-0.259,0.631,-0.732,43.0,4286,0.006,1059,0.018,5,0.13,0.15,0.13,2,1.25,9.12,11.02,3,1.25,9.24,10.92,0.30,0.30,0.30,1.31,9.17,10.92,0.3,0
fix,72627,1,1,1.07,9.43,10.79,1.07,9.43,10.79,-0.257,0.598,-0.759,40.6,4302,0.006,1252,0.017,5,0.12,0.13,0.12,2,1.06,9.48,10.83,3,1.02,9.48,10.69,0.30,0.30,0.30,1.24,9.21,10.69,0.1,0
fix,72675,1,1,1.16,9.40,10.72,1.16,9.40,10.72,-0.257,0.597,-0.760,40.6,4186,0.007,1648,0.022,5,0.15,0.18,0.15,3,1.09,9.41,10.75,3,1.29,9.33,10.63,0.30,0.30,0.30,1.21,9.35,10.63,0.1,0
fix,72724,1,1,1.13,9.18,10.81,1.13,9.18,10.81,-0.251,0.624,-0.740,42.3,4278,0.007,1547,0.022,5,0.16,0.18,0.16,3,1.03,9.19,10.99,3,1.28,9.09,10.62,0.30,0.30,0.30,1.19,9.31,10.62,0.2,0
fix,72776,1,1,1.07,9.32,10.89,1.07,9.32,10.89,-0.261,0.609,-0.749,41.5,4261,0.009,1293,0.029,5,0.20,0.23,0.20,3,1.11,9.30,10.87,3,1.04,9.36,10.92,0.30,0.30,0.30,1.09,9.32,10.92,0.1,0
fix,72825,1,1,1.24,9.20,10.81,1.24,9.20,10.81,-0.259,0.619,-0.741,42.2,4223,0.006,1255,0.019,5,0.13,0.15,0.13,3,1.23,9.15,10.88,3,1.27,9.24,10.73,0.30,0.30,0.30,1.15,9.29,10.73,0.2,0
fix,72878,1,1,1.20,9.11,10.96,1.20,9.11,10.96,-0.248,0.629,-0.736,42.6,4173,0.006,1639,0.019,6,0.13,0.15,0.13,2,1.26,9.12,10.94,3,1.03,9.14,11.10,0.30,0.30,0.30,1.19,9.16,11.10,0.1,0
fix,72926,1,1,1.15,9.16,10.96,1.15,9.16,10.96,-0.255,0.619,-0.743,42.1,4315,0.008,1267,0.024,5,0.17,0.19,0.17,3,1.10,9.26,10.99,3,1.18,9.11,10.96,0.30,0.30,0.30,1.19,9.09,10.96,0.2,0
fix,72975,1,1,1.14,9.22,10.97,1.14,9.22,10.97,-0.255,0.622,-0.740,42.3,4294,0.007,1273,0.022,5,0.15,0.18,0.16,3,1.17,9.24,10.96,3,1.11,9.19,10.98,0.30,0.30,0.30,1.17,9.16,10.98,0.1,0
fix,73024,1,1,1.34,9.26,10.69,1.34,9.26,10.69,-0.261,0.600,-0.757,40.8,3991,0.008,1023,0.022,5,0.16,0.19,0.16,2,1.41,9.26,10.54,3,1.36,9.29,10.67,0.30,0.30,0.30,1.19,9.18,10.67,0.2,0
fix,73076,1,1,1.14,9.50,10.65,1.14,9.50,10.65,-0.256,0.579,-0.774,39.3,4180,0.007,1577,0.020,6,0.14,0.16,0.14,1,1.13,9.60,10.60,3,1.12,9.39,10.72,0.30,0.30,0.30,1.20,9.30,10.72,0.2,0
fix,73125,1,1,1.16,9.51,10.62,1.16,9.51,10.62,-0.268,0.601,-0.753,41.1,4060,0.008,1400,0.023,7,0.15,0.18,0.16,1,1.29,9.29,10.57,3,0.97,9.72,10.67,0.30,0.30,0.30,1.14,9.64,10.67,0.1,0
fix,73175,1,1,1.40,9.42,10.53,1.40,9.42,10.53,-0.260,0.588,-0.766,40.0,4011,0.005,1351,0.016,5,0.11,0.13,0.11,2,1.49,9.41,10.46,3,1.36,9.46,10.57,0.30,0.30,0.30,1.20,9.46,10.57,0.2,0
fix,73224,1,1,1.26,9.24,10.78,1.26,9.24,10.78,-0.253,0.620,-0.743,42.0,4132,0.007,1102,0.022,5,0.15,0.18,0.15,3,1.23,9.16,10.79,3,1.26,9.26,10.81,0.30,0.30,0.30,1.28,9.43,10.81,0.3,0
fix,73274,1,1,1.10,9.40,10.74,1.10,9.40,10.74,-0.255,0.587,-0.768,39.8,4155,0.006,1376,0.017,5,0.12,0.14,0.12,3,1.10,9.46,10.66,3,1.06,9.39,10.82,0.30,0.30,0.30,1.23,9.35,10.82,0.1,0
fix,73327,1,1,1.35,9.50,10.54,1.35,9.50,10.54,-0.259,0.594,-0.762,40.4,4152,0.008,1574,0.024,5,0.15,0.19,0.16,3,1.41,9.47,10.62,3,1.37,9.51,10.41,0.30,0.30,0.30,1.22,9.42,10.41,0.2,0
fix,73377,1,1,1.22,9.16,10.75,1.22,9.16,10.75,-0.255,0.627,-0.736,42.6,4064,0.006,1282,0.019,6,0.13,0.15,0.13,2,1.23,9.02,10.77,3,1.20,9.04,10.73,0.30,0.30,0.30,1.23,9.48,10.73,0.5,0
fix,73429,1,1,1.18,9.17,10.77,1.18,9.17,10.77,-0.265,0.617,-0.741,42.2,4063,0.007,1261,0.020,5,0.14,0.16,0.14,2,1.21,9.13,10.72,3,1.07,9.22,10.82,0.30,0.30,0.30,1.23,9.33,10.82,0.4,0
fix,73475,1,1,1.01,9.35,10.98,1.01,9.35,10.98,-0.245,0.613,-0.751,41.3,4453,0.007,1368,0.021,6,0.15,0.17,0.15,2,1.01,9.40,11.08,3,0.94,9.37,10.93,0.30,0.30,0.30,1.14,9.28,10.93,0.1,0
fix,73528,1,1,1.02,9.55,10.75,1.02,9.55,10.75,-0.254,0.579,-0.775,39.2,4349,0.006,1740,0.018,6,0.12,0.14,0.12,2,0.96,9.66,10.74,3,1.10,9.51,10.70,0.30,0.30,0.30,1.10,9.33,10.70,0.2,0
fix,73576,1,1,1.25,9.24,10.78,1.25,9.24,10.78,-0.258,0.623,-0.738,42.4,4104,0.010,1534,0.030,6,0.20,0.24,0.21,2,1.33,9.13,10.80,3,1.20,9.33,10.78,0.30,0.30,0.30,1.10,9.36,10.78,0.1,0
fix,73629,1,1,1.12,9.30,10.81,1.12,9.30,10.81,-0.262,0.613,-0.746,41.8,4154,0.007,1266,0.021,5,0.15,0.17,0.15,3,1.13,9.24,10.79,3,1.05,9.38,10.79,0.30,0.30,0.30,1.13,9.33,10.79,0.3,0
fix,73677,1,1,1.10,9.24,11.03,1.10,9.24,11.03,-0.252,0.628,-0.736,42.6,4340,0.007,1268,0.022,6,0.15,0.17,0.15,2,1.14,9.22,11.08,3,1.01,9.28,11.08,0.30,0.30,0.30,1.13,9.29,11.08,0.2,0
fix,73727,1,1,1.15,9.19,10.85,1.15,9.19,10.85,-0.258,0.617,-0.744,42.0,4153,0.008,1253,0.025,6,0.17,0.20,0.17,1,1.13,9.22,10.81,3,1.18,9.11,10.88,0.30,0.30,0.30,1.14,9.24,10.88,0.1,0
fix,73778,1,1,1.15,9.31,10.78,1.15,9.31,10.78,-0.248,0.609,-0.754,41.1,4131,0.009,1567,0.026,5,0.18,0.21,0.18,3,1.21,9.23,10.73,3,1.10,9.37,10.84,0.30,0.30,0.30,1.13,9.29,10.84,0.4,0
fix,73825,1,1,1.11,9.22,10.88,1.11,9.22,10.88,-0.254,0.612,-0.749,41.5,4216,0.007,1268,0.021,5,0.15,0.17,0.15,2,1.13,9.26,10.85,3,1.02,9.31,10.91,0.30,0.30,0.30,1.13,9.18,10.91,0.2,0
fix,73875,1,1,1.02,9.40,11.06,1.02,9.40,11.06,-0.251,0.622,-0.742,42.1,4474,0.006,1263,0.018,5,0.13,0.14,0.12,3,0.99,9.31,11.19,3,1.01,9.45,11.02,0.30,0.30,0.30,1.11,9.35,11.02,0.4,0
fix,73926,1,1,1.01,9.44,10.94,1.01,9.44,10.94,-0.250,0.598,-0.762,40.4,4428,0.006,1269,0.020,5,0.14,0.16,0.14,3,0.95,9.53,10.96,3,1.06,9.42,10.86,0.30,0.30,0.30,1.09,9.32,10.86,0.3,0
fix,73974,1,1,1.05,9.41,10.74,1.05,9.41,10.74,-0.253,0.598,-0.761,40.5,4199,0.007,1126,0.023,5,0.16,0.18,0.16,2,1.05,9.38,10.73,3,1.03,9.48,10.72,0.30,0.30,0.30,1.08,9.38,10.72,0.1,0
fix,74026,1,1,1.22,9.25,10.64,1.22,9.25,10.64,-0.270,0.602,-0.752,41.3,3983,0.006,1092,0.020,5,0.13,0.16,0.13,3,1.27,9.18,10.54,3,1.24,9.30,10.63,0.30,0.30,0.30,1.09,9.36,10.63,0.3,0
fix,74075,1,1,1.25,9.52,10.79,1.25,9.52,10.79,-0.258,0.592,-0.763,40.3,4347,0.005,1807,0.016,5,0.11,0.13,0.11,2,1.20,9.59,10.83,3,1.32,9.60,10.77,0.30,0.30,0.30,1.21,9.28,10.77,0.8,0
fix,74126,1,1,1.10,9.51,10.78,1.10,9.51,10.78,-0.261,0.592,-0.762,40.3,4359,0.006,1775,0.018,5,0.12,0.14,0.12,3,0.99,9.54,10.85,3,1.21,9.45,10.67,0.30,0.30,0.30,1.20,9.40,10.67,0.2,0
fix,74176,1,1,1.37,9.30,10.60,1.37,9.30,10.60,-0.255,0.608,-0.752,41.3,4059,0.006,1446,0.017,6,0.11,0.13,0.11,2,1.39,9.25,10.64,3,1.48,9.31,10.43,0.30,0.30,0.30,1.22,9.41,10.43,0.2,0
fix,74225,1,1,1.15,9.25,10.83,1.15,9.25,10.83,-0.250,0.618,-0.746,41.8,4191,0.007,1091,0.020,5,0.14,0.16,0.14,3,1.20,9.21,10.83,3,1.12,9.27,10.81,0.30,0.30,0.30,1.20,9.37,10.81,0.3,0
fix,74274,1,1,1.33,9.09,10.66,1.33,9.09,10.66,-0.252,0.611,-0.750,41.4,4007,0.009,1074,0.026,6,0.18,0.21,0.18,2,1.30,9.12,10.61,3,1.40,9.08,10.62,0.30,0.30,0.30,1.26,9.17,10.62,0.2,0
fix,74329,1,1,1.22,9.38,10.73,1.22,9.38,10.73,-0.261,0.584,-0.768,39.8,4169,0.006,1562,0.020,6,0.13,0.16,0.13,2,1.23,9.53,10.60,3,1.19,9.31,10.85,0.30,0.30,0.30,1.26,9.15,10.85,0.4,0
fix,74379,1,1,1.16,9.40,10.66,1.16,9.40,10.66,-0.264,0.587,-0.765,40.1,4083,0.004,1911,0.013,5,0.09,0.11,0.09,3,1.17,9.41,10.56,3,1.14,9.33,10.80,0.30,0.30,0.30,1.23,9.28,10.80,0.1,0
fix,74429,1,1,1.11,9.13,10.90,1.11,9.13,10.90,-0.256,0.624,-0.738,42.4,4235,0.006,1264,0.017,5,0.12,0.14,0.12,2,1.08,9.15,10.96,3,1.14,9.00,10.97,0.30,0.30,0.30,1.19,9.26,10.97,0.2,0
fix,74478,1,1,1.27,9.39,10.75,1.27,9.39,10.75,-0.260,0.597,-0.759,40.6,4176,0.006,1243,0.019,5,0.13,0.15,0.13,3,1.33,9.39,10.69,3,1.25,9.43,10.75,0.30,0.30,0.30,1.18,9.29,10.75,0.2,0
fix,74528,1,1,1.15,9.24,10.92,1.15,9.24,10.92,-0.260,0.622,-0.738,42.4,4186,0.008,1526,0.024,5,0.17,0.19,0.17,3,1.20,9.12,10.90,3,1.05,9.34,10.98,0.30,0.30,0.30,1.17,9.33,10.98,0.3,0
fix,74577,1,1,1.02,9.43,10.84,1.02,9.43,10.84,-0.258,0.585,-0.769,39.7,4295,0.009,1476,0.028,5,0.19,0.23,0.19,2,1.03,9.53,10.76,3,0.91,9.50,10.93,0.30,0.30,0.30,1.13,9.25,10.93,0.1,0
fix,74625,1,1,0.83,9.08,11.22,0.83,9.08,11.22,-0.307,0.622,-0.721,43.9,4537,0.008,2054,0.070,4,1.12,0.80,0.69,3,0.63,8.66,11.60,3,1.03,9.45,10.84,0.30,0.30,0.30,1.07,9.41,10.84,0.2,0
fix,74676,1,1,0.97,9.72,11.12,0.97,9.72,11.12,-0.251,0.588,-0.769,39.8,4724,0.008,1285,0.023,6,0.16,0.19,0.16,2,0.96,9.86,11.15,3,0.97,9.83,11.16,0.30,0.30,0.30,1.04,9.41,11.16,0.4,0
fix,74726,1,1,1.07,9.33,11.05,1.07,9.33,11.05,-0.262,0.616,-0.743,42.0,4368,0.006,1226,0.019,5,0.13,0.15,0.13,3,1.15,9.34,11.02,3,0.97,9.32,11.05,0.30,0.30,0.30,1.01,9.41,11.05,0.3,0
fix,74774,1,1,1.12,9.48,10.65,1.12,9.48,10.65,-0.260,0.584,-0.769,39.7,4144,0.007,1160,0.021,5,0.14,0.17,0.14,3,1.16,9.47,10.59,3,1.08,9.54,10.55,0.30,0.30,0.30,1.05,9.43,10.55,0.2,0
fix,74825,1,1,1.08,9.45,10.70,1.08,9.45,10.70,-0.258,0.597,-0.760,40.5,4136,0.008,1487,0.023,5,0.16,0.19,0.16,2,1.14,9.36,10.69,3,0.98,9.55,10.72,0.30,0.30,0.30,1.05,9.47,10.72,0.1,0
fix,74874,1,1,1.32,9.16,10.63,1.32,9.16,10.63,-0.258,0.602,-0.756,40.9,4019,0.008,1074,0.024,5,0.16,0.19,0.16,1,1.30,9.23,10.58,3,1.39,9.14,10.60,0.30,0.30,0.30,1.19,9.25,10.60,0.3,0
fix,74925,1,1,1.28,9.12,10.63,1.28,9.12,10.63,-0.254,0.614,-0.747,41.7,4062,0.009,1108,0.028,5,0.19,0.22,0.19,3,1.29,9.13,10.63,3,1.23,9.09,10.64,0.30,0.30,0.30,1.27,9.17,10.64,0.0,0
fix,74975,1,1,1.08,9.37,10.83,1.08,9.37,10.83,-0.251,0.599,-0.760,40.5,4375,0.007,1080,0.021,5,0.15,0.17,0.15,2,1.03,9.51,10.91,3,1.14,9.32,10.77,0.30,0.30,0.30,1.24,9.19,10.77,0.2,0
fix,75029,1,1,1.15,9.35,10.91,1.15,9.35,10.91,-0.261,0.601,-0.756,40.9,4400,0.005,1164,0.013,5,0.11,0.14,0.12,2,1.08,9.50,10.99,3,1.23,9.21,10.86,0.30,0.30,0.30,1.21,9.22,10.86,0.2,0
fix,75078,1,1,1.25,9.53,10.44,1.25,9.53,10.44,-0.261,0.578,-0.773,39.4,4040,0.008,1231,0.024,5,0.16,0.19,0.16,3,1.29,9.47,10.47,3,1.25,9.59,10.33,0.30,0.30,0.30,1.20,9.43,10.33,0.3,0
fix,75126,1,1,1.25,9.27,10.62,1.25,9.27,10.62,-0.254,0.605,-0.755,41.0,4101,0.007,1245,0.022,6,0.15,0.18,0.15,2,1.20,9.29,10.68,3,1.24,9.25,10.55,0.30,0.30,0.30,1.24,9.35,10.55,0.2,0
fix,75175,1,1,1.33,9.74,10.48,1.33,9.74,10.48,-0.238,0.572,-0.785,38.2,4013,0.006,1769,0.049,4,0.82,0.54,0.43,3,1.58,9.93,10.40,3,1.05,9.60,10.54,0.30,0.30,0.30,1.20,9.43,10.54,0.4,0
fix,75227,1,1,1.25,9.18,10.56,1.25,9.18,10.56,-0.272,0.606,-0.747,41.6,3952,0.008,1490,0.025,5,0.17,0.20,0.17,3,1.26,9.12,10.53,3,1.17,9.29,10.58,0.30,0.30,0.30,1.22,9.36,10.58,0.4,0
fix,75275,1,1,1.27,9.20,10.75,1.27,9.20,10.75,-0.264,0.625,-0.735,42.7,4076,0.006,1414,0.019,5,0.13,0.16,0.14,3,1.32,9.00,10.75,3,1.15,9.45,10.82,0.30,0.30,0.30,1.23,9.35,10.82,0.2,0
fix,75325,1,1,1.06,9.67,10.68,1.06,9.67,10.68,-0.256,0.572,-0.779,38.8,4366,0.008,1081,0.025,5,0.17,0.20,0.17,3,1.04,9.71,10.68,3,1.03,9.71,10.70,0.30,0.30,0.30,1.19,9.42,10.70,0.1,0
fix,75376,1,1,1.47,8.99,10.53,1.47,8.99,10.53,-0.264,0.621,-0.738,42.4,3915,0.006,1063,0.018,5,0.12,0.14,0.12,3,1.48,8.95,10.55,3,1.54,8.91,10.49,0.30,0.30,0.30,1.27,9.32,10.49,0.2,0
fix,75426,1,1,1.29,9.22,10.58,1.29,9.22,10.58,-0.260,0.609,-0.749,41.5,3974,0.007,1386,0.020,5,0.14,0.16,0.14,3,1.32,9.11,10.56,3,1.26,9.35,10.57,0.30,0.30,0.30,1.28,9.30,10.57,0.3,0
fix,75479,1,1,1.26,9.51,10.46,1.26,9.51,10.46,-0.262,0.578,-0.773,39.4,4046,0.008,1585,0.025,6,0.16,0.20,0.16,2,1.30,9.49,10.43,3,1.17,9.70,10.41,0.30,0.30,0.30,1.28,9.28,10.41,0.4,0
fix,75525,1,1,1.26,9.38,10.59,1.26,9.38,10.59,-0.260,0.589,-0.765,40.1,4105,0.006,1286,0.017,5,0.11,0.14,0.12,3,1.20,9.38,10.55,3,1.27,9.37,10.63,0.30,0.30,0.30,1.31,9.33,10.63,0.3,0
fix,75578,1,1,1.09,9.31,10.72,1.09,9.31,10.72,-0.254,0.609,-0.751,41.3,4215,0.008,1778,0.026,7,0.18,0.21,0.18,1,1.07,9.32,10.84,3,1.11,9.27,10.59,0.30,0.30,0.30,1.23,9.34,10.59,0.2,0
fix,75625,1,1,1.24,9.28,10.77,1.24,9.28,10.77,-0.265,0.611,-0.746,41.8,4183,0.006,1283,0.018,5,0.12,0.14,0.12,3,1.19,9.30,10.84,3,1.29,9.26,10.74,0.30,0.30,0.30,1.23,9.31,10.74,0.5,0
fix,75676,1,1,1.07,9.42,10.79,1.07,9.42,10.79,-0.251,0.602,-0.758,40.7,4266,0.008,1076,0.025,6,0.18,0.20,0.17,2,1.06,9.39,10.82,3,1.07,9.44,10.76,0.30,0.30,0.30,1.17,9.37,10.76,0.1,0
fix,75725,1,1,1.30,9.10,10.74,1.30,9.10,10.74,-0.268,0.615,-0.742,42.1,4055,0.008,1423,0.023,6,0.16,0.19,0.16,1,1.31,9.19,10.74,3,1.38,8.90,10.68,0.30,0.30,0.30,1.18,9.25,10.68,0.4,0
fix,75774,1,1,1.27,9.32,10.69,1.27,9.32,10.69,-0.258,0.601,-0.756,40.9,4121,0.005,1081,0.015,5,0.10,0.12,0.11,3,1.31,9.35,10.64,3,1.26,9.26,10.68,0.30,0.30,0.30,1.19,9.28,10.68,0.1,0
fix,75826,1,1,1.17,9.47,10.77,1.17,9.47,10.77,-0.254,0.602,-0.757,40.8,4288,0.005,1492,0.014,6,0.10,0.11,0.10,2,1.13,9.43,10.83,3,1.22,9.56,10.66,0.30,0.30,0.30,1.20,9.36,10.66,0.1,0
fix,75876,1,1,0.88,9.38,11.13,0.88,9.38,11.13,-0.254,0.618,-0.744,41.9,4376,0.006,1746,0.019,5,0.14,0.15,0.14,2,0.98,9.30,11.08,3,0.69,9.50,11.31,0.30,0.30,0.30,1.02,9.37,11.31,0.6,0
fix,75925,1,1,1.40,8.90,10.88,1.40,8.90,10.88,-0.270,0.654,-0.707,45.0,4063,0.007,1062,0.020,6,0.13,0.16,0.14,2,1.52,8.73,10.95,3,1.40,8.87,10.86,0.30,0.30,0.30,1.09,9.30,10.86,0.1,0
fix,75975,1,1,1.26,9.00,11.02,1.26,9.00,11.02,-0.258,0.640,-0.723,43.7,4162,0.008,1413,0.025,5,0.17,0.20,0.17,3,1.30,8.92,10.96,3,1.15,9.16,11.10,0.30,0.30,0.30,1.19,9.09,11.10,0.3,0
fix,76025,1,1,1.19,8.90,11.13,1.19,8.90,11.13,-0.254,0.645,-0.720,43.9,4281,0.008,1386,0.025,5,0.18,0.20,0.18,3,1.15,8.99,11.21,3,1.21,8.82,11.05,0.30,0.30,0.30,1.21,8.90,11.05,0.2,0
fix,76076,1,1,1.28,9.23,10.77,1.28,9.23,10.77,-0.256,0.611,-0.749,41.5,4067,0.004,1420,0.013,5,0.09,0.11,0.09,3,1.35,9.20,10.66,3,1.29,9.22,10.81,0.30,0.30,0.30,1.18,9.08,10.81,0.1,0
fix,76126,1,1,1.18,9.36,10.86,1.18,9.36,10.86,-0.254,0.597,-0.761,40.5,4233,0.007,1113,0.022,5,0.15,0.18,0.15,3,1.15,9.44,10.79,3,1.16,9.34,10.97,0.30,0.30,0.30,1.22,9.15,10.97,0.1,0
fix,76176,1,1,1.24,9.37,10.76,1.24,9.37,10.76,-0.248,0.597,-0.763,40.3,4228,0.006,1346,0.017,5,0.12,0.14,0.12,3,1.20,9.46,10.72,3,1.25,9.30,10.86,0.30,0.30,0.30,1.25,9.23,10.86,0.2,0
fix,76225,1,1,1.18,9.38,10.94,1.18,9.38,10.94,-0.259,0.605,-0.753,41.2,4350,0.008,1049,0.024,7,0.16,0.19,0.16,1,1.21,9.46,10.91,3,1.12,9.34,11.03,0.30,0.30,0.30,1.22,9.26,11.03,0.2,0
fix,76276,1,1,1.17,9.34,10.80,1.17,9.34,10.80,-0.258,0.615,-0.745,41.8,4108,0.008,1381,0.026,6,0.17,0.21,0.18,2,1.28,9.16,10.76,3,1.06,9.51,10.82,0.30,0.30,0.30,1.15,9.45,10.82,0.1,0
fix,76324,1,1,1.15,9.30,10.89,1.15,9.30,10.89,-0.252,0.605,-0.755,40.9,4222,0.008,1388,0.023,6,0.16,0.19,0.16,2,1.13,9.37,10.81,3,1.17,9.29,10.95,0.30,0.30,0.30,1.16,9.32,10.95,0.4,0
fix,76374,1,1,1.19,9.18,10.83,1.19,9.18,10.83,-0.252,0.621,-0.743,42.0,4106,0.008,1092,0.025,7,0.17,0.20,0.17,0,1.24,9.14,10.79,3,1.16,9.19,10.88,0.30,0.30,0.30,1.15,9.30,10.88,0.1,0
fix,76427,1,1,1.37,9.18,10.68,1.37,9.18,10.68,-0.261,0.604,-0.753,41.1,4014,0.006,1247,0.018,5,0.12,0.15,0.12,2,1.37,9.26,10.59,3,1.39,9.13,10.71,0.30,0.30,0.30,1.23,9.18,10.71,0.2,0
fix,76477,1,1,1.27,9.21,10.71,1.27,9.21,10.71,-0.258,0.606,-0.752,41.2,4097,0.007,1238,0.020,6,0.13,0.16,0.14,2,1.26,9.24,10.68,3,1.25,9.20,10.79,0.30,0.30,0.30,1.28,9.18,10.79,0.1,0
fix,76528,1,1,1.18,9.37,10.68,1.18,9.37,10.68,-0.250,0.596,-0.763,40.3,4076,0.006,1253,0.019,6,0.13,0.16,0.13,1,1.25,9.33,10.58,3,1.04,9.48,10.81,0.30,0.30,0.30,1.24,9.23,10.81,0.1,0
fix,76576,1,1,1.25,9.26,10.62,1.25,9.26,10.62,-0.257,0.584,-0.770,39.7,4219,0.007,1574,0.021,5,0.14,0.17,0.14,3,1.14,9.54,10.63,3,1.35,9.00,10.58,0.30,0.30,0.30,1.30,9.10,10.58,0.4,0
fix,76625,1,1,1.32,9.17,10.91,1.32,9.17,10.91,-0.258,0.642,-0.722,43.8,4116,0.006,1581,0.018,5,0.12,0.14,0.13,3,1.40,8.96,10.92,3,1.27,9.31,10.99,0.30,0.30,0.30,1.26,9.26,10.99,0.2,0
fix,76674,1,1,1.22,9.08,10.91,1.22,9.08,10.91,-0.257,0.616,-0.745,41.8,4187,0.007,1602,0.022,6,0.15,0.17,0.15,2,1.20,9.22,10.82,3,1.15,8.97,11.03,0.30,0.30,0.30,1.28,9.09,11.03,0.3,0
fix,76727,1,1,1.20,9.22,10.73,1.20,9.22,10.73,-0.252,0.600,-0.759,40.6,4153,0.006,1268,0.019,6,0.13,0.15,0.13,2,1.18,9.32,10.70,3,1.20,9.16,10.71,0.30,0.30,0.30,1.27,9.10,10.71,0.4,0
fix,76776,1,1,1.26,9.18,10.82,1.26,9.18,10.82,-0.250,0.624,-0.740,42.3,4075,0.005,1138,0.014,5,0.09,0.11,0.10,3,1.39,9.09,10.78,3,1.22,9.22,10.84,0.30,0.30,0.30,1.18,9.19,10.84,0.2,0
fix,76824,1,1,1.09,9.36,10.88,1.09,9.36,10.88,-0.257,0.603,-0.755,41.0,4304,0.007,1148,0.020,6,0.14,0.16,0.14,2,1.06,9.40,10.89,3,1.05,9.41,10.87,0.30,0.30,0.30,1.17,9.22,10.87,0.0,0
fix,76876,1,1,1.19,9.22,10.79,1.19,9.22,10.79,-0.264,0.620,-0.739,42.4,4067,0.009,1393,0.027,5,0.18,0.21,0.19,3,1.17,9.12,10.80,3,1.28,9.25,10.70,0.30,0.30,0.30,1.16,9.31,10.70,0.4,0
fix,76927,1,1,1.19,9.05,10.88,1.19,9.05,10.88,-0.264,0.613,-0.744,41.9,4100,0.006,1382,0.019,5,0.13,0.15,0.13,3,1.18,9.18,10.77,3,1.19,8.94,11.01,0.30,0.30,0.30,1.19,9.10,11.01,0.1,0
fix,76974,1,1,1.10,9.12,10.83,1.10,9.12,10.83,-0.261,0.617,-0.742,42.1,4121,0.007,1085,0.022,5,0.15,0.18,0.15,3,1.10,9.11,10.79,3,1.06,9.11,10.89,0.30,0.30,0.30,1.17,9.14,10.89,0.2,0
fix,77027,1,1,1.12,9.25,10.86,1.12,9.25,10.86,-0.249,0.624,-0.740,42.2,4218,0.006,1810,0.018,5,0.12,0.14,0.12,3,1.09,9.15,10.92,3,1.11,9.41,10.83,0.30,0.30,0.30,1.17,9.19,10.83,0.2,0
fix,77075,1,1,1.36,8.98,10.76,1.36,8.98,10.76,-0.268,0.644,-0.717,44.2,3896,0.008,1398,0.025,5,0.17,0.20,0.18,3,1.48,8.76,10.71,3,1.28,9.22,10.77,0.30,0.30,0.30,1.18,9.18,10.77,0.1,0
fix,77124,1,1,1.22,9.39,10.67,1.22,9.39,10.67,-0.259,0.585,-0.769,39.8,4138,0.008,1092,0.023,7,0.16,0.19,0.16,0,1.22,9.52,10.60,3,1.11,9.49,10.67,0.30,0.30,0.30,1.26,9.09,10.67,0.4,0
fix,77179,1,1,1.20,9.10,10.75,1.20,9.10,10.75,-0.249,0.618,-0.746,41.8,4111,0.007,1576,0.022,5,0.16,0.18,0.15,3,1.11,9.09,10.78,3,1.29,8.99,10.78,0.30,0.30,0.30,1.28,9.16,10.78,0.2,0
fix,77228,1,1,1.33,9.10,10.74,1.33,9.10,10.74,-0.256,0.619,-0.742,42.1,4081,0.008,1272,0.024,6,0.16,0.19,0.17,2,1.34,9.16,10.75,3,1.43,8.99,10.63,0.30,0.30,0.30,1.25,9.13,10.63,0.1,0
fix,77277,1,1,1.28,9.23,10.85,1.28,9.23,10.85,-0.253,0.614,-0.748,41.6,4147,0.008,1269,0.025,7,0.17,0.20,0.17,1,1.35,9.22,10.77,3,1.20,9.25,10.93,0.30,0.30,0.30,1.25,9.17,10.93,0.1,0
fix,77327,1,1,1.14,9.21,10.91,1.14,9.21,10.91,-0.256,0.625,-0.738,42.4,4285,0.005,1978,0.017,5,0.12,0.13,0.12,3,1.11,9.18,11.02,3,1.08,9.24,10.90,0.30,0.30,0.30,1.25,9.22,10.90,0.3,0
fix,77375,1,1,1.26,9.29,10.79,1.26,9.29,10.79,-0.260,0.607,-0.751,41.3,4231,0.007,1252,0.021,5,0.14,0.17,0.15,3,1.26,9.34,10.81,3,1.26,9.37,10.69,0.30,0.30,0.30,1.25,9.21,10.69,0.1,0
fix,77424,1,1,1.47,9.19,10.60,1.47,9.19,10.60,-0.264,0.611,-0.746,41.7,3981,0.006,1262,0.019,5,0.12,0.15,0.13,2,1.49,9.19,10.55,3,1.50,9.13,10.61,0.30,0.30,0.30,1.31,9.23,10.61,0.1,0
fix,77477,1,1,1.16,9.25,10.87,1.16,9.25,10.87,-0.259,0.620,-0.741,42.2,4239,0.008,2015,0.023,5,0.16,0.18,0.16,3,1.15,9.22,10.94,3,1.10,9.29,10.87,0.30,0.30,0.30,1.30,9.25,10.87,0.3,0
fix,77525,1,1,1.26,9.27,10.78,1.26,9.27,10.78,-0.259,0.606,-0.752,41.3,4037,0.005,1278,0.016,5,0.11,0.13,0.11,3,1.30,9.24,10.65,3,1.20,9.28,10.88,0.30,0.30,0.30,1.27,9.28,10.88,0.2,0
fix,77575,1,1,1.30,9.27,10.45,1.30,9.27,10.45,-0.262,0.600,-0.756,40.9,3904,0.008,1182,0.022,6,0.16,0.20,0.17,0,1.38,9.18,10.45,3,1.21,9.38,10.47,0.30,0.30,0.30,1.27,9.30,10.47,0.1,0
fix,77627,1,1,1.12,9.46,10.70,1.12,9.46,10.70,-0.262,0.581,-0.771,39.6,4208,0.010,1280,0.029,7,0.20,0.23,0.20,1,1.04,9.56,10.67,3,1.14,9.46,10.79,0.30,0.30,0.30,1.26,9.29,10.79,0.1,0
fix,77676,1,1,1.39,9.30,10.63,1.39,9.30,10.63,-0.267,0.608,-0.748,41.6,4075,0.007,1127,0.021,6,0.14,0.17,0.14,1,1.43,9.25,10.67,3,1.37,9.35,10.69,0.30,0.30,0.30,1.26,9.35,10.69,0.1,0
fix,77725,1,1,1.18,9.43,10.59,1.18,9.43,10.59,-0.261,0.584,-0.769,39.8,4115,0.010,1095,0.031,5,0.21,0.25,0.21,3,1.16,9.45,10.58,3,1.13,9.49,10.63,0.30,0.30,0.30,1.26,9.34,10.63,0.2,0
fix,77774,1,1,1.35,9.20,10.59,1.35,9.20,10.59,-0.252,0.610,-0.751,41.3,4038,0.006,1137,0.019,5,0.13,0.15,0.13,3,1.34,9.18,10.66,3,1.41,9.14,10.51,0.30,0.30,0.30,1.29,9.34,10.51,0.2,0
fix,77825,1,1,1.30,9.23,10.68,1.30,9.23,10.68,-0.255,0.602,-0.757,40.8,4079,0.008,1076,0.025,6,0.17,0.20,0.17,2,1.32,9.29,10.63,3,1.31,9.20,10.71,0.30,0.30,0.30,1.28,9.25,10.71,0.2,0
fix,77875,1,1,1.10,9.56,10.59,1.10,9.56,10.59,-0.257,0.582,-0.772,39.5,4213,0.005,1106,0.015,6,0.10,0.12,0.10,2,1.04,9.51,10.63,3,1.10,9.74,10.53,0.30,0.30,0.30,1.26,9.38,10.53,0.1,0
fix,77924,1,1,1.24,9.39,10.56,1.24,9.39,10.56,-0.249,0.594,-0.765,40.1,4140,0.006,1088,0.019,6,0.13,0.15,0.13,2,1.22,9.39,10.63,3,1.30,9.36,10.42,0.30,0.30,0.30,1.23,9.39,10.42,0.2,0
fix,77974,1,1,1.23,9.23,10.71,1.23,9.23,10.71,-0.261,0.604,-0.753,41.1,4090,0.009,1059,0.026,7,0.18,0.21,0.18,1,1.28,9.23,10.66,3,1.18,9.20,10.76,0.30,0.30,0.30,1.20,9.35,10.76,0.1,0
fix,78025,1,1,1.40,9.05,10.84,1.40,9.05,10.84,-0.261,0.610,-0.748,41.6,4127,0.008,1372,0.024,5,0.17,0.20,0.17,3,1.24,9.20,10.75,3,1.49,8.80,10.76,0.71,0.66,0.58,1.28,9.09,10.76,0.3,0
fix,78075,1,1,1.37,9.06,10.62,1.37,9.06,10.62,-0.259,0.622,-0.739,42.4,4078,0.007,1564,0.021,6,0.15,0.17,0.15,2,1.24,9.04,10.77,3,1.37,9.07,10.40,0.30,0.30,0.30,1.33,9.10,10.40,0.7,0
fix,78126,1,1,1.27,9.16,10.92,1.27,9.16,10.92,-0.249,0.607,-0.754,41.0,4391,0.010,1396,0.031,7,0.21,0.25,0.21,1,1.04,9.40,10.95,3,1.17,9.39,10.77,0.74,0.74,0.74,1.29,9.15,10.77,0.2,0
fix,78174,1,1,1.14,9.37,10.69,1.14,9.37,10.69,-0.254,0.599,-0.759,40.6,4065,0.005,1088,0.015,5,0.10,0.12,0.10,3,1.17,9.30,10.62,3,1.04,9.52,10.73,0.30,0.30,0.30,1.21,9.28,10.73,0.2,0
fix,78225,1,1,1.20,9.01,10.78,1.20,9.01,10.78,-0.261,0.630,-0.732,43.0,3943,0.008,1124,0.024,5,0.17,0.20,0.17,3,1.29,8.92,10.72,3,1.09,9.07,10.86,0.30,0.30,0.30,1.15,9.23,10.86,0.3,0
fix,78277,1,1,1.16,9.33,10.86,1.16,9.33,10.86,-0.248,0.607,-0.755,41.0,4277,0.008,1249,0.024,6,0.16,0.19,0.16,2,1.13,9.34,10.87,3,1.21,9.36,10.81,0.30,0.30,0.30,1.16,9.23,10.81,0.1,0
fix,78325,1,1,1.19,9.30,10.87,1.19,9.30,10.87,-0.257,0.609,-0.750,41.4,4253,0.005,1229,0.015,6,0.10,0.12,0.11,2,1.19,9.32,10.87,3,1.24,9.29,10.89,0.30,0.30,0.30,1.16,9.26,10.89,0.1,0
fix,78374,1,1,1.27,9.28,10.66,1.27,9.28,10.66,-0.269,0.598,-0.755,41.0,4058,0.005,1271,0.016,5,0.11,0.13,0.11,3,1.33,9.28,10.59,3,1.24,9.29,10.67,0.30,0.30,0.30,1.18,9.28,10.67,0.2,0
fix,78426,1,1,1.19,9.38,10.86,1.19,9.38,10.86,-0.255,0.607,-0.753,41.2,4328,0.008,1264,0.025,5,0.17,0.20,0.17,3,1.14,9.36,10.92,3,1.20,9.46,10.88,0.30,0.30,0.30,1.22,9.31,10.88,0.3,0
fix,78475,1,1,1.14,9.48,10.85,1.14,9.48,10.85,-0.255,0.601,-0.758,40.7,4339,0.007,1233,0.022,7,0.15,0.17,0.15,1,1.14,9.50,10.91,3,1.08,9.54,10.82,0.30,0.30,0.30,1.21,9.37,10.82,0.1,0
fix,78525,1,1,1.11,9.35,10.90,1.11,9.35,10.90,-0.257,0.612,-0.748,41.6,4287,0.006,1236,0.018,6,0.13,0.15,0.13,2,1.12,9.31,10.89,3,1.12,9.32,10.92,0.30,0.30,0.30,1.17,9.41,10.92,0.2,0
fix,78576,1,1,1.31,9.02,10.67,1.31,9.02,10.67,-0.253,0.619,-0.744,42.0,3856,0.006,1559,0.017,6,0.12,0.14,0.12,2,1.42,8.93,10.53,3,1.24,9.09,10.78,0.30,0.30,0.30,1.17,9.28,10.78,0.3,0
fix,78626,1,1,1.24,9.23,10.81,1.24,9.23,10.81,-0.255,0.606,-0.753,41.1,4277,0.009,1243,0.028,7,0.19,0.22,0.19,1,1.15,9.38,10.87,3,1.25,9.14,10.89,0.30,0.30,0.30,1.28,9.11,10.89,0.5,0
fix,78675,1,1,1.10,9.56,10.55,1.10,9.56,10.55,-0.256,0.565,-0.784,38.3,4124,0.008,1602,0.024,5,0.17,0.20,0.16,3,1.08,9.68,10.40,3,1.14,9.54,10.60,0.30,0.30,0.30,1.21,9.23,10.60,0.4,0
fix,78726,1,1,1.12,9.31,10.85,1.12,9.31,10.85,-0.247,0.590,-0.769,39.8,4356,0.009,1531,0.027,7,0.19,0.22,0.19,1,0.94,9.56,10.85,3,1.30,8.96,11.01,0.30,0.30,0.30,1.23,9.25,11.01,0.3,0
fix,78777,1,1,0.99,9.26,10.91,0.99,9.26,10.91,-0.253,0.606,-0.754,41.1,4106,0.007,1568,0.021,6,0.15,0.17,0.15,1,1.14,9.26,10.75,3,0.84,9.14,11.12,0.30,0.30,0.30,0.99,9.33,11.12,0.5,0
fix,78826,1,1,1.02,9.46,10.98,1.02,9.46,10.98,-0.246,0.600,-0.761,40.4,4457,0.008,1119,0.024,7,0.17,0.20,0.17,1,0.98,9.55,11.02,3,0.99,9.48,11.02,0.30,0.30,0.30,1.06,9.32,11.02,0.3,0
fix,78874,1,1,1.25,9.26,10.75,1.25,9.26,10.75,-0.258,0.603,-0.754,41.0,4145,0.009,1124,0.026,6,0.18,0.21,0.18,1,1.24,9.32,10.70,3,1.31,9.16,10.74,0.30,0.30,0.30,1.10,9.31,10.74,0.1,0
fix,78925,1,1,1.31,9.24,10.76,1.31,9.24,10.76,-0.254,0.618,-0.744,41.9,4233,0.010,1077,0.030,6,0.20,0.24,0.21,1,1.29,9.24,10.86,3,1.35,9.24,10.69,0.30,0.30,0.30,1.23,9.28,10.69,0.1,0
fix,78974,1,1,1.26,9.06,10.70,1.26,9.06,10.70,-0.255,0.624,-0.739,42.4,4066,0.007,1065,0.022,5,0.15,0.18,0.15,3,1.28,9.02,10.74,3,1.24,9.09,10.65,0.30,0.30,0.30,1.24,9.19,10.65,0.3,0
fix,79024,1,1,0.47,8.83,11.01,0.47,8.83,11.01,-0.301,0.607,-0.735,42.7,4660,0.007,1282,0.046,4,1.00,0.73,0.61,1,-0.12,8.28,11.25,3,0.94,9.47,10.88,0.30,0.30,0.30,1.20,9.22,10.88,0.3,0
fix,79079,1,1,1.26,9.33,10.64,1.26,9.33,10.64,-0.256,0.601,-0.757,40.8,4023,0.005,1274,0.016,5,0.11,0.13,0.11,2,1.31,9.28,10.58,3,1.25,9.43,10.68,0.30,0.30,0.30,1.20,9.29,10.68,0.1,0
fix,79124,1,1,1.34,9.26,10.64,1.34,9.26,10.64,-0.253,0.609,-0.752,41.3,4061,0.007,1248,0.021,6,0.14,0.17,0.14,2,1.33,9.19,10.67,3,1.33,9.34,10.60,0.30,0.30,0.30,1.27,9.30,10.60,0.1,0
fix,79177,1,1,1.18,9.55,10.68,1.18,9.55,10.68,-0.255,0.587,-0.769,39.8,4301,0.006,1273,0.018,5,0.12,0.14,0.12,3,1.16,9.58,10.71,3,1.20,9.65,10.65,0.30,0.30,0.30,1.24,9.36,10.65,0.2,0
fix,79227,1,1,1.21,9.35,10.65,1.21,9.35,10.65,-0.249,0.603,-0.758,40.7,4140,0.009,1471,0.026,6,0.18,0.21,0.18,2,1.17,9.28,10.70,3,1.28,9.38,10.59,0.30,0.30,0.30,1.24,9.42,10.59,0.0,0
fix,79276,1,1,1.27,9.17,10.72,1.27,9.17,10.72,-0.256,0.611,-0.749,41.5,4116,0.007,1093,0.020,5,0.14,0.16,0.14,2,1.26,9.17,10.75,3,1.31,9.21,10.63,0.30,0.30,0.30,1.24,9.31,10.63,0.1,0
fix,79325,1,1,1.19,9.38,10.77,1.19,9.38,10.77,-0.255,0.598,-0.760,40.6,4171,0.006,1407,0.019,6,0.13,0.15,0.13,1,1.11,9.42,10.75,3,1.27,9.40,10.80,0.30,0.30,0.30,1.24,9.30,10.80,0.1,0
fix,79376,1,1,1.05,9.62,10.87,1.05,9.62,10.87,-0.249,0.587,-0.770,39.6,4412,0.006,1073,0.019,6,0.13,0.15,0.13,1,1.02,9.69,10.90,3,1.07,9.66,10.87,0.30,0.30,0.30,1.18,9.35,10.87,0.3,0
fix,79425,1,1,1.29,9.17,10.69,1.29,9.17,10.69,-0.267,0.603,-0.752,41.3,4059,0.008,1125,0.025,6,0.17,0.20,0.17,2,1.30,9.21,10.64,3,1.32,9.07,10.69,0.30,0.30,0.30,1.19,9.30,10.69,0.1,0
fix,79476,1,1,1.75,9.63,10.63,1.75,9.63,10.63,-0.271,0.594,-0.758,40.7,3968,0.005,1951,0.016,5,0.10,0.12,0.11,3,1.33,9.29,10.47,3,1.36,9.77,10.76,0.69,0.46,0.41,1.20,9.35,10.76,1.3,0
fix,79525,1,1,1.01,9.50,10.79,1.01,9.50,10.79,-0.250,0.591,-0.767,39.9,4341,0.007,1135,0.021,6,0.15,0.17,0.15,2,0.95,9.57,10.80,3,0.95,9.50,10.84,0.30,0.30,0.30,1.18,9.34,10.84,0.2,0
fix,79576,1,1,1.21,9.43,10.57,1.21,9.43,10.57,-0.258,0.585,-0.769,39.8,4131,0.005,1076,0.016,6,0.11,0.13,0.11,2,1.23,9.47,10.56,3,1.24,9.32,10.51,0.30,0.30,0.30,1.13,9.41,10.51,0.3,0
fix,79627,1,1,1.34,9.35,10.72,1.34,9.35,10.72,-0.263,0.601,-0.755,41.0,4114,0.005,1108,0.015,5,0.10,0.12,0.10,2,1.39,9.37,10.70,3,1.33,9.31,10.74,0.30,0.30,0.30,1.17,9.38,10.74,0.2,0
fix,79675,1,1,1.23,9.37,10.63,1.23,9.37,10.63,-0.258,0.586,-0.768,39.8,4150,0.006,1080,0.019,5,0.13,0.16,0.13,3,1.23,9.44,10.58,3,1.21,9.27,10.67,0.30,0.30,0.30,1.22,9.37,10.67,0.2,0
fix,79726,1,1,1.26,9.51,10.57,1.26,9.51,10.57,-0.258,0.593,-0.763,40.3,4108,0.011,1538,0.033,7,0.22,0.26,0.22,1,1.32,9.39,10.56,3,1.20,9.70,10.54,0.30,0.30,0.30,1.21,9.47,10.54,0.1,0
fix,79775,1,1,1.27,9.33,10.69,1.27,9.33,10.69,-0.260,0.603,-0.754,41.0,4088,0.007,1094,0.020,5,0.13,0.16,0.14,2,1.31,9.29,10.65,3,1.22,9.34,10.78,0.30,0.30,0.30,1.23,9.43,10.78,0.3,0
fix,79824,1,1,1.18,9.36,10.77,1.18,9.36,10.77,-0.256,0.604,-0.755,41.0,4197,0.009,1486,0.029,6,0.20,0.23,0.20,1,1.14,9.30,10.82,3,1.12,9.49,10.80,0.30,0.30,0.30,1.26,9.40,10.80,0.2,0
fix,79880,1,1,0.99,9.49,10.90,0.99,9.49,10.90,-0.249,0.584,-0.773,39.4,4369,0.009,1570,0.026,7,0.19,0.21,0.18,0,0.97,9.60,10.82,3,0.90,9.43,11.06,0.30,0.30,0.30,1.19,9.37,11.06,0.1,0
fix,79928,1,1,1.03,9.61,10.74,1.03,9.61,10.74,-0.252,0.584,-0.772,39.5,4310,0.007,1274,0.022,7,0.15,0.18,0.15,1,0.99,9.60,10.76,3,1.04,9.65,10.69,0.30,0.30,0.30,1.11,9.50,10.69,0.1,0
fix,79977,1,1,1.20,9.46,10.61,1.20,9.46,10.61,-0.261,0.597,-0.758,40.7,4142,0.006,1260,0.017,5,0.12,0.14,0.12,3,1.22,9.35,10.66,3,1.18,9.48,10.57,0.30,0.30,0.30,1.13,9.58,10.57,0.2,0
fix,80028,1,1,1.21,9.40,10.78,1.21,9.40,10.78,-0.257,0.597,-0.760,40.5,4241,0.005,1242,0.016,6,0.11,0.13,0.11,1,1.20,9.44,10.76,3,1.29,9.34,10.77,0.30,0.30,0.30,1.15,9.48,10.77,0.0,0
fix,80076,1,1,1.23,9.24,10.83,1.23,9.24,10.83,-0.259,0.615,-0.745,41.9,4189,0.007,1254,0.020,5,0.14,0.16,0.14,3,1.26,9.27,10.84,3,1.21,9.26,10.81,0.30,0.30,0.30,1.16,9.30,10.81,0.4,0
fix,80125,1,1,1.12,9.27,10.71,1.12,9.27,10.71,-0.263,0.600,-0.756,40.9,4015,0.005,1554,0.014,5,0.10,0.12,0.10,3,1.15,9.25,10.59,3,1.05,9.25,10.85,0.30,0.30,0.30,1.16,9.31,10.85,0.1,0
fix,80177,1,1,1.11,9.38,10.80,1.11,9.38,10.80,-0.250,0.591,-0.767,39.9,4407,0.007,1859,0.022,5,0.16,0.18,0.15,2,0.95,9.61,10.89,3,1.26,9.12,10.80,0.30,0.30,0.30,1.21,9.23,10.80,0.2,0
fix,80225,1,1,1.15,9.50,10.61,1.15,9.50,10.61,-0.263,0.580,-0.771,39.6,4139,0.006,1126,0.018,5,0.12,0.14,0.12,3,1.25,9.50,10.55,3,1.13,9.47,10.58,0.30,0.30,0.30,1.10,9.36,10.58,0.1,0
fix,80274,1,1,1.21,9.23,10.66,1.21,9.23,10.66,-0.258,0.612,-0.748,41.6,4053,0.007,1070,0.022,6,0.15,0.17,0.15,2,1.14,9.16,10.70,3,1.26,9.17,10.67,0.30,0.30,0.30,1.17,9.37,10.67,0.1,0
fix,80325,1,1,1.24,9.28,10.74,1.24,9.28,10.74,-0.254,0.615,-0.746,41.7,4117,0.005,1065,0.017,6,0.12,0.13,0.12,1,1.21,9.21,10.76,3,1.32,9.34,10.72,0.30,0.30,0.30,1.19,9.36,10.72,0.1,0
fix,80374,1,1,1.15,9.28,10.66,1.15,9.28,10.66,-0.260,0.609,-0.749,41.5,4080,0.011,1056,0.033,7,0.23,0.26,0.23,1,1.16,9.18,10.70,3,1.13,9.38,10.59,0.30,0.30,0.30,1.18,9.35,10.59,0.2,0
fix,80428,1,1,1.32,9.46,10.61,1.32,9.46,10.61,-0.260,0.588,-0.765,40.1,4241,0.009,1703,0.026,6,0.17,0.20,0.17,2,1.29,9.53,10.67,3,1.47,9.43,10.44,0.30,0.30,0.30,1.22,9.34,10.44,0.1,0
fix,80475,1,1,1.19,9.57,10.63,1.19,9.57,10.63,-0.258,0.573,-0.778,38.9,4201,0.004,1293,0.014,5,0.09,0.11,0.09,3,1.20,9.65,10.60,3,1.17,9.56,10.65,0.30,0.30,0.30,1.21,9.41,10.65,0.3,0
fix,80527,1,1,1.37,9.27,10.75,1.37,9.27,10.75,-0.264,0.617,-0.742,42.1,4145,0.006,1572,0.019,5,0.13,0.15,0.13,3,1.41,9.20,10.78,3,1.33,9.36,10.78,0.30,0.30,0.30,1.27,9.39,10.78,0.2,0
fix,80575,1,1,1.20,9.21,10.76,1.20,9.21,10.76,-0.256,0.621,-0.741,42.2,4179,0.007,1137,0.022,6,0.15,0.18,0.15,2,1.20,9.18,10.85,3,1.17,9.21,10.73,0.30,0.30,0.30,1.27,9.34,10.73,0.4,0
fix,80625,1,1,1.29,9.22,10.58,1.29,9.22,10.58,-0.247,0.607,-0.755,41.0,3979,0.007,1443,0.022,6,0.15,0.18,0.15,2,1.30,9.18,10.55,3,1.37,9.20,10.49,0.30,0.30,0.30,1.26,9.31,10.49,0.3,0
fix,80675,1,1,1.30,9.39,10.68,1.30,9.39,10.68,-0.250,0.594,-0.764,40.2,4192,0.007,1134,0.020,6,0.14,0.16,0.14,2,1.31,9.43,10.65,3,1.32,9.39,10.71,0.30,0.30,0.30,1.26,9.30,10.71,0.2,0
fix,80726,1,1,1.07,9.53,10.71,1.07,9.53,10.71,-0.256,0.589,-0.766,40.0,4226,0.008,1389,0.024,6,0.16,0.19,0.16,2,1.13,9.49,10.70,3,0.92,9.66,10.70,0.30,0.30,0.30,1.18,9.38,10.70,0.0,0
fix,80775,1,1,1.25,9.23,10.73,1.25,9.23,10.73,-0.264,0.600,-0.755,40.9,4121,0.006,1109,0.017,5,0.11,0.14,0.12,3,1.29,9.31,10.65,3,1.21,9.14,10.78,0.30,0.30,0.30,1.20,9.32,10.78,0.1,0
fix,80826,1,1,1.35,9.43,10.60,1.35,9.43,10.60,-0.257,0.572,-0.779,38.9,4118,0.007,1792,0.023,5,0.15,0.18,0.15,3,1.40,9.64,10.48,3,1.31,9.26,10.71,0.30,0.30,0.30,1.23,9.26,10.71,0.4,0
fix,80874,1,1,1.36,9.27,10.75,1.36,9.27,10.75,-0.259,0.612,-0.747,41.7,4221,0.007,1710,0.023,5,0.15,0.18,0.15,2,1.34,9.31,10.85,3,1.35,9.12,10.70,0.30,0.30,0.30,1.30,9.29,10.70,0.2,0
fix,80926,1,1,1.28,9.32,10.56,1.28,9.32,10.56,-0.262,0.588,-0.765,40.1,4071,0.005,1058,0.016,5,0.11,0.13,0.11,3,1.27,9.39,10.54,3,1.25,9.23,10.55,0.30,0.30,0.30,1.31,9.27,10.55,0.3,0
fix,80975,1,1,1.11,9.49,10.77,1.11,9.49,10.77,-0.259,0.586,-0.768,39.8,4356,0.006,1067,0.017,6,0.12,0.14,0.12,2,1.07,9.59,10.77,3,1.10,9.42,10.80,0.30,0.30,0.30,1.27,9.30,10.80,0.1,0
fix,81024,1,1,1.81,9.75,10.71,1.81,9.75,10.71,-0.254,0.599,-0.759,40.6,3772,0.005,1672,0.046,4,0.74,0.48,0.41,3,2.51,10.11,10.82,3,1.09,9.33,10.55,0.30,0.30,0.30,1.19,9.38,10.55,0.1,0
fix,81074,1,1,1.32,9.24,10.70,1.32,9.24,10.70,-0.252,0.600,-0.759,40.6,4060,0.005,1086,0.016,5,0.11,0.13,0.11,3,1.34,9.28,10.61,3,1.28,9.18,10.81,0.30,0.30,0.30,1.21,9.31,10.81,0.2,0
fix,81127,1,1,1.24,9.15,10.69,1.24,9.15,10.69,-0.256,0.623,-0.739,42.3,4002,0.005,1552,0.016,5,0.11,0.13,0.11,3,1.29,9.04,10.67,3,1.16,9.23,10.71,0.30,0.30,0.30,1.22,9.30,10.71,0.1,0
fix,81178,1,1,1.11,9.31,10.92,1.11,9.31,10.92,-0.247,0.615,-0.749,41.5,4350,0.009,1933,0.026,6,0.19,0.21,0.18,2,1.05,9.31,10.99,3,1.14,9.44,10.83,0.30,0.30,0.30,1.22,9.22,10.83,0.2,0
fix,81226,1,1,1.30,9.05,10.90,1.30,9.05,10.90,-0.255,0.621,-0.741,42.2,4163,0.011,1126,0.032,6,0.22,0.25,0.22,1,1.34,9.14,10.81,3,1.28,9.04,10.99,0.30,0.30,0.30,1.21,9.03,10.99,0.1,0
fix,81274,1,1,1.18,9.04,10.84,1.18,9.04,10.84,-0.249,0.624,-0.741,42.2,4152,0.005,1098,0.016,5,0.11,0.13,0.11,3,1.14,9.10,10.85,3,1.18,8.99,10.82,0.30,0.30,0.30,1.23,9.01,10.82,0.1,0
fix,81324,1,1,1.24,9.21,10.86,1.24,9.21,10.86,-0.257,0.624,-0.738,42.4,4219,0.006,1118,0.018,6,0.13,0.15,0.13,2,1.21,9.19,10.93,3,1.19,9.15,10.85,0.30,0.30,0.30,1.22,9.09,10.85,0.2,0
fix,81376,1,1,1.06,9.15,11.08,1.06,9.15,11.08,-0.251,0.637,-0.729,43.2,4242,0.009,1394,0.027,6,0.19,0.22,0.19,2,1.12,9.02,11.05,3,0.91,9.32,11.13,0.30,0.30,0.30,1.14,9.17,11.13,0.2,0
fix,81424,1,1,1.19,9.23,10.71,1.19,9.23,10.71,-0.256,0.591,-0.765,40.1,4131,0.005,1104,0.015,5,0.10,0.12,0.10,3,1.15,9.36,10.61,3,1.25,9.25,10.67,0.30,0.30,0.30,1.17,9.08,10.67,0.2,0
fix,81475,1,1,1.20,9.26,10.72,1.20,9.26,10.72,-0.258,0.607,-0.751,41.3,4201,0.006,1101,0.020,6,0.14,0.16,0.14,2,1.19,9.33,10.79,3,1.19,9.25,10.67,0.30,0.30,0.30,1.18,9.11,10.67,0.4,0
fix,81525,1,1,1.19,9.19,10.77,1.19,9.19,10.77,-0.255,0.613,-0.748,41.6,4127,0.006,1070,0.018,6,0.13,0.15,0.13,1,1.20,9.22,10.79,3,1.18,9.18,10.71,0.30,0.30,0.30,1.19,9.15,10.71,0.2,0
fix,81576,1,1,1.28,9.07,10.84,1.28,9.07,10.84,-0.258,0.628,-0.734,42.8,4052,0.007,1090,0.021,5,0.14,0.17,0.14,3,1.33,9.00,10.78,3,1.21,9.15,10.88,0.30,0.30,0.30,1.21,9.15,10.88,0.0,0
fix,81625,1,1,1.38,9.14,10.68,1.38,9.14,10.68,-0.264,0.604,-0.752,41.2,3997,0.005,1527,0.016,7,0.11,0.13,0.11,1,1.31,9.20,10.57,3,1.37,9.04,10.81,0.30,0.30,0.30,1.32,9.12,10.81,0.3,0
fix,81735,1,1,1.19,9.09,11.00,1.19,9.09,11.00,-0.251,0.620,-0.743,42.0,4328,0.007,1405,0.022,6,0.16,0.18,0.15,2,0.99,9.25,11.03,3,1.19,9.07,11.07,0.30,0.32,0.30,1.03,9.49,11.07,0.4,0
fix,81785,1,1,1.15,9.17,10.91,1.15,9.17,10.91,-0.251,0.633,-0.732,42.9,4134,0.006,1413,0.018,6,0.12,0.14,0.13,2,1.30,8.99,10.88,3,0.98,9.39,10.94,0.30,0.30,0.30,1.01,9.41,10.94,0.2,0
fix,81835,1,1,1.25,8.98,10.69,1.25,8.98,10.69,-0.246,0.617,-0.748,41.6,4016,0.008,1059,0.025,7,0.17,0.20,0.17,0,1.22,9.06,10.67,3,1.27,8.92,10.66,0.30,0.30,0.30,1.18,8.96,10.66,0.3,0
fix,81888,1,1,1.18,9.33,10.81,1.18,9.33,10.81,-0.254,0.601,-0.758,40.7,4328,0.006,1764,0.017,6,0.12,0.14,0.12,1,1.03,9.46,10.89,3,1.26,9.24,10.76,0.30,0.30,0.30,1.31,9.11,10.76,0.3,0
fix,81937,1,1,1.28,9.11,10.82,1.28,9.11,10.82,-0.261,0.625,-0.735,42.7,4172,0.006,1508,0.019,6,0.13,0.15,0.13,1,1.24,9.09,10.91,3,1.36,9.06,10.72,0.30,0.30,0.30,1.28,9.16,10.72,0.2,0
fix,81987,1,1,1.20,9.42,10.67,1.20,9.42,10.67,-0.243,0.588,-0.771,39.5,4187,0.004,1308,0.012,5,0.09,0.11,0.09,3,1.18,9.48,10.64,3,1.18,9.50,10.64,0.30,0.30,0.30,1.25,9.18,10.64,0.1,0
fix,82034,1,1,1.27,9.07,10.85,1.27,9.07,10.85,-0.258,0.621,-0.740,42.3,4059,0.006,1634,0.019,6,0.13,0.15,0.13,2,1.28,9.08,10.78,3,1.27,8.95,11.03,0.30,0.30,0.30,1.26,9.21,11.03,0.1,0
fix,82086,1,1,1.33,9.15,10.69,1.33,9.15,10.69,-0.266,0.610,-0.747,41.7,4081,0.007,1270,0.022,6,0.15,0.18,0.15,2,1.36,9.14,10.65,3,1.33,9.13,10.68,0.30,0.30,0.30,1.26,9.20,10.68,0.3,0
fix,82133,1,1,1.16,9.43,10.80,1.16,9.43,10.80,-0.252,0.584,-0.772,39.5,4249,0.007,1231,0.022,6,0.15,0.18,0.15,2,1.16,9.53,10.69,3,1.13,9.38,10.87,0.30,0.30,0.30,1.24,9.22,10.87,0.2,0
fix,82184,1,1,1.10,9.63,10.57,1.10,9.63,10.57,-0.253,0.558,-0.790,37.8,4285,0.008,1524,0.025,6,0.17,0.20,0.17,1,1.06,9.81,10.51,3,1.12,9.45,10.63,0.30,0.30,0.30,1.21,9.36,10.63,0.1,0
fix,82237,1,1,1.08,9.31,10.97,1.08,9.31,10.97,-0.249,0.628,-0.737,42.5,4299,0.009,1242,0.027,7,0.19,0.22,0.19,1,1.09,9.12,11.04,3,1.07,9.37,10.99,0.30,0.30,0.30,1.12,9.58,10.99,0.2,0
fix,82283,1,1,1.23,9.11,10.77,1.23,9.11,10.77,-0.253,0.614,-0.747,41.6,4017,0.007,1406,0.019,5,0.14,0.18,0.15,2,1.28,9.09,10.67,3,1.22,9.11,10.80,0.30,0.30,0.30,1.14,9.33,10.80,0.1,0
fix,82335,1,1,1.28,9.19,10.82,1.28,9.19,10.82,-0.252,0.623,-0.741,42.2,4200,0.007,1134,0.021,5,0.14,0.16,0.14,2,1.28,9.20,10.92,3,1.26,9.22,10.74,0.30,0.30,0.30,1.20,9.21,10.74,0.2,0
fix,82386,1,1,1.32,9.01,10.89,1.32,9.01,10.89,-0.251,0.639,-0.727,43.4,4088,0.006,1378,0.018,6,0.12,0.14,0.12,2,1.39,8.88,10.86,3,1.30,9.10,10.86,0.30,0.30,0.30,1.22,9.18,10.86,0.4,0
fix,82439,1,1,1.24,9.06,10.95,1.24,9.06,10.95,-0.250,0.633,-0.732,42.9,4062,0.006,1566,0.019,6,0.13,0.15,0.13,2,1.31,8.98,10.83,3,1.14,9.11,11.08,0.30,0.30,0.30,1.22,9.16,11.08,0.2,0
fix,82485,1,1,1.31,9.02,10.71,1.31,9.02,10.71,-0.261,0.609,-0.749,41.5,3952,0.006,1594,0.020,6,0.13,0.16,0.13,1,1.33,9.14,10.57,3,1.33,8.90,10.73,0.30,0.30,0.30,1.24,8.97,10.73,0.4,0
fix,82533,1,1,1.13,9.27,10.90,1.13,9.27,10.90,-0.248,0.613,-0.750,41.4,4213,0.007,1288,0.021,5,0.14,0.17,0.14,3,1.15,9.24,10.84,3,1.09,9.34,10.95,0.30,0.30,0.30,1.21,9.10,10.95,0.3,0
fix,82587,1,1,1.03,9.35,10.81,1.03,9.35,10.81,-0.248,0.603,-0.758,40.7,4212,0.007,1236,0.021,5,0.15,0.17,0.15,3,1.01,9.33,10.82,3,1.00,9.38,10.80,0.30,0.30,0.30,1.16,9.23,10.80,0.1,0
fix,82635,1,1,1.25,9.22,10.81,1.25,9.22,10.81,-0.250,0.614,-0.749,41.5,4230,0.007,1167,0.022,6,0.15,0.18,0.15,2,1.28,9.26,10.86,3,1.22,9.21,10.78,0.30,0.30,0.30,1.16,9.20,10.78,0.4,0
fix,82684,1,1,1.01,9.28,11.11,1.01,9.28,11.11,-0.246,0.625,-0.741,42.2,4480,0.007,1061,0.021,7,0.15,0.17,0.15,0,0.97,9.28,11.19,3,0.95,9.26,11.17,0.30,0.30,0.30,1.14,9.24,11.17,0.2,0
fix,82735,1,1,1.16,9.27,10.86,1.16,9.27,10.86,-0.259,0.602,-0.756,40.9,4077,0.008,1396,0.024,6,0.16,0.19,0.17,2,1.21,9.28,10.64,3,1.15,9.26,10.98,0.30,0.30,0.30,1.10,9.24,10.98,0.5,0
fix,82787,1,1,0.96,9.44,10.91,0.96,9.44,10.91,-0.257,0.606,-0.753,41.2,4346,0.007,1284,0.021,6,0.15,0.17,0.14,2,0.97,9.39,10.96,3,0.90,9.50,10.94,0.30,0.30,0.30,1.04,9.40,10.94,0.3,0
fix,82837,1,1,1.03,9.56,10.83,1.03,9.56,10.83,-0.248,0.586,-0.772,39.5,4358,0.007,1276,0.022,5,0.15,0.17,0.15,2,1.03,9.63,10.81,3,1.03,9.49,10.84,0.30,0.30,0.30,1.03,9.46,10.84,0.1,0
fix,82888,1,1,1.05,9.24,10.96,1.05,9.24,10.96,-0.251,0.620,-0.743,42.0,4301,0.003,1266,0.010,5,0.09,0.11,0.09,3,1.04,9.24,10.99,3,1.07,9.14,10.98,0.30,0.30,0.30,1.03,9.42,10.98,0.3,0
fix,82936,1,1,1.23,9.33,10.59,1.23,9.33,10.59,-0.254,0.587,-0.769,39.8,4047,0.005,1234,0.014,6,0.10,0.11,0.10,2,1.27,9.39,10.51,3,1.19,9.41,10.53,0.30,0.30,0.30,1.08,9.31,10.53,0.3,0
fix,82986,1,1,1.25,9.40,10.68,1.25,9.40,10.68,-0.254,0.602,-0.757,40.8,4141,0.008,1555,0.024,5,0.16,0.19,0.16,3,1.30,9.32,10.70,3,1.14,9.57,10.71,0.30,0.30,0.30,1.18,9.36,10.71,0.1,0
fix,83034,1,1,1.10,9.44,10.86,1.10,9.44,10.86,-0.254,0.592,-0.765,40.1,4427,0.006,1616,0.017,6,0.12,0.14,0.12,2,0.99,9.57,10.93,3,1.18,9.36,10.80,0.30,0.30,0.30,1.23,9.31,10.80,0.1,0
fix,83084,1,1,1.33,9.02,10.82,1.33,9.02,10.82,-0.257,0.643,-0.721,43.8,3991,0.010,1397,0.029,6,0.20,0.23,0.20,2,1.37,8.80,10.81,3,1.36,9.17,10.78,0.30,0.38,0.32,1.20,9.32,10.78,0.2,0
fix,83135,1,1,1.09,9.36,11.06,1.09,9.36,11.06,-0.253,0.621,-0.742,42.1,4538,0.011,1728,0.032,6,0.22,0.25,0.22,2,1.09,9.40,11.23,3,1.03,9.43,10.95,0.30,0.30,0.30,1.20,9.21,10.95,0.4,0
fix,83186,1,1,1.20,9.03,11.02,1.20,9.03,11.02,-0.249,0.638,-0.729,43.2,4193,0.008,1099,0.026,6,0.18,0.21,0.18,1,1.25,9.00,10.97,3,1.18,8.97,11.03,0.30,0.30,0.30,1.17,9.18,11.03,0.2,0
fix,83235,1,1,1.19,9.23,10.85,1.19,9.23,10.85,-0.258,0.611,-0.749,41.5,4250,0.006,1086,0.018,6,0.12,0.14,0.12,1,1.18,9.35,10.86,3,1.20,9.14,10.82,0.30,0.30,0.30,1.19,9.12,10.82,0.4,0
fix,83285,1,1,1.13,9.39,10.60,1.13,9.39,10.60,-0.269,0.587,-0.764,40.2,3991,0.007,1400,0.023,5,0.15,0.18,0.16,3,1.12,9.36,10.48,3,1.19,9.34,10.57,0.30,0.30,0.30,1.16,9.31,10.57,0.1,0
fix,83336,1,1,1.06,9.47,10.87,1.06,9.47,10.87,-0.259,0.596,-0.760,40.5,4466,0.011,1482,0.033,6,0.23,0.26,0.23,1,0.98,9.56,10.99,3,1.13,9.41,10.86,0.30,0.30,0.30,1.15,9.33,10.86,0.2,0
fix,83385,1,1,0.90,9.55,10.73,0.90,9.55,10.73,-0.247,0.583,-0.774,39.3,4247,0.006,1056,0.018,5,0.13,0.15,0.12,3,0.88,9.50,10.70,3,0.92,9.55,10.71,0.30,0.30,0.30,1.04,9.53,10.71,0.3,0
fix,83434,1,1,1.06,9.68,10.66,1.06,9.68,10.66,-0.253,0.569,-0.782,38.5,4312,0.008,1090,0.023,6,0.16,0.18,0.15,2,1.10,9.75,10.65,3,1.04,9.70,10.65,0.30,0.30,0.30,1.00,9.55,10.65,0.2,0
fix,83486,1,1,1.08,9.26,10.74,1.08,9.26,10.74,-0.257,0.611,-0.749,41.5,4022,0.007,1413,0.021,6,0.14,0.17,0.14,2,1.16,9.10,10.65,3,1.00,9.21,10.85,0.30,0.30,0.30,1.01,9.55,10.85,0.4,0
fix,83533,1,1,1.07,9.46,10.70,1.07,9.46,10.70,-0.249,0.588,-0.769,39.7,4230,0.008,1058,0.024,5,0.16,0.19,0.16,3,1.03,9.52,10.74,3,1.12,9.40,10.70,0.30,0.30,0.30,1.05,9.50,10.70,0.2,0
fix,83585,1,1,1.04,9.57,10.76,1.04,9.57,10.76,-0.255,0.584,-0.771,39.6,4338,0.008,1559,0.025,5,0.17,0.20,0.17,3,1.01,9.62,10.75,3,1.10,9.48,10.75,0.30,0.30,0.30,1.04,9.52,10.75,0.3,0
fix,83635,1,1,1.18,9.37,10.60,1.18,9.37,10.60,-0.262,0.593,-0.762,40.4,4156,0.008,1250,0.025,6,0.17,0.20,0.17,2,1.17,9.40,10.65,3,1.23,9.26,10.52,0.30,0.30,0.30,1.07,9.49,10.52,0.1,0
fix,83685,1,1,1.05,9.46,10.80,1.05,9.46,10.80,-0.256,0.593,-0.763,40.3,4265,0.006,1274,0.018,5,0.13,0.15,0.13,3,1.02,9.46,10.78,3,1.05,9.50,10.80,0.30,0.30,0.30,1.10,9.46,10.80,0.3,0
fix,83735,1,1,1.16,9.34,10.74,1.16,9.34,10.74,-0.260,0.597,-0.759,40.6,4212,0.009,1257,0.028,7,0.19,0.23,0.19,0,1.17,9.42,10.72,3,1.21,9.26,10.72,0.30,0.30,0.30,1.11,9.34,10.72,0.1,0
fix,83787,1,1,1.13,9.57,10.68,1.13,9.57,10.68,-0.255,0.580,-0.774,39.3,4228,0.006,1269,0.018,5,0.12,0.14,0.12,3,1.16,9.59,10.64,3,1.14,9.50,10.69,0.30,0.30,0.30,1.10,9.44,10.69,0.1,0
fix,83836,1,1,1.26,9.52,10.59,1.26,9.52,10.59,-0.256,0.576,-0.776,39.1,4255,0.007,1109,0.020,5,0.13,0.16,0.13,3,1.21,9.67,10.65,3,1.34,9.33,10.60,0.30,0.30,0.30,1.20,9.43,10.60,0.2,0
fix,83885,1,1,1.22,9.39,10.78,1.22,9.39,10.78,-0.248,0.609,-0.754,41.1,4171,0.008,1134,0.023,6,0.16,0.19,0.16,2,1.24,9.28,10.75,3,1.22,9.45,10.84,0.30,0.30,0.30,1.21,9.47,10.84,0.2,0
fix,83934,1,1,1.18,9.34,10.75,1.18,9.34,10.75,-0.258,0.602,-0.756,40.9,4204,0.009,1067,0.026,6,0.18,0.21,0.18,2,1.17,9.39,10.77,3,1.21,9.26,10.74,0.30,0.30,0.30,1.19,9.40,10.74,0.1,0
fix,83985,1,1,1.09,9.19,10.82,1.09,9.19,10.82,-0.258,0.617,-0.744,42.0,4123,0.007,1317,0.021,5,0.15,0.17,0.15,3,1.12,9.16,10.80,3,1.10,9.12,10.81,0.30,0.30,0.30,1.14,9.35,10.81,0.2,0
fix,84036,1,1,1.23,9.03,10.83,1.23,9.03,10.83,-0.253,0.632,-0.733,42.9,4078,0.007,1081,0.022,5,0.15,0.18,0.15,3,1.25,8.97,10.85,3,1.23,9.08,10.83,0.30,0.30,0.30,1.16,9.18,10.83,0.1,0
fix,84086,1,1,1.40,9.19,10.78,1.40,9.19,10.78,-0.251,0.621,-0.743,42.0,4089,0.008,1374,0.025,6,0.17,0.20,0.17,2,1.47,9.11,10.74,3,1.34,9.31,10.84,0.30,0.30,0.30,1.23,9.20,10.84,0.3,0
fix,84139,1,1,1.15,9.37,10.74,1.15,9.37,10.74,-0.261,0.608,-0.750,41.4,4282,0.007,1796,0.021,5,0.14,0.17,0.15,3,1.17,9.34,10.85,3,1.10,9.44,10.59,0.30,0.30,0.30,1.22,9.24,10.59,0.4,0
fix,84187,1,1,1.07,9.25,10.83,1.07,9.25,10.83,-0.261,0.611,-0.747,41.7,4081,0.006,1207,0.017,6,0.12,0.14,0.12,2,1.15,9.13,10.71,3,0.99,9.30,10.89,0.30,0.30,0.30,1.11,9.32,10.89,0.3,0
fix,84235,1,1,1.28,9.25,10.60,1.28,9.25,10.60,-0.265,0.592,-0.761,40.4,3980,0.006,1561,0.017,5,0.11,0.14,0.12,3,1.32,9.28,10.47,3,1.31,9.23,10.66,0.30,0.30,0.30,1.16,9.28,10.66,0.2,0
fix,84284,1,1,1.25,9.34,10.58,1.25,9.34,10.58,-0.260,0.594,-0.761,40.4,4093,0.008,1248,0.026,6,0.17,0.21,0.17,2,1.26,9.35,10.62,3,1.24,9.31,10.62,0.30,0.30,0.30,1.18,9.30,10.62,0.2,0
fix,84337,1,1,1.24,9.19,10.80,1.24,9.19,10.80,-0.257,0.621,-0.740,42.2,4136,0.008,1537,0.024,5,0.16,0.19,0.17,3,1.28,9.10,10.81,3,1.17,9.22,10.89,0.30,0.30,0.30,1.21,9.31,10.89,0.3,0
fix,84386,1,1,1.14,9.55,10.81,1.14,9.55,10.81,-0.252,0.591,-0.766,40.0,4328,0.007,1161,0.022,6,0.15,0.18,0.15,2,1.11,9.57,10.83,3,1.13,9.65,10.77,0.30,0.30,0.30,1.22,9.35,10.77,0.2,0
fix,84435,1,1,1.25,9.64,10.52,1.25,9.64,10.52,-0.266,0.562,-0.783,38.5,4154,0.005,1384,0.016,5,0.10,0.12,0.10,3,1.27,9.73,10.44,3,1.25,9.65,10.53,0.30,0.30,0.30,1.21,9.44,10.53,0.2,0
fix,84484,1,1,1.23,9.39,10.47,1.23,9.39,10.47,-0.259,0.572,-0.778,38.9,4036,0.009,1373,0.026,5,0.18,0.21,0.18,2,1.21,9.48,10.40,3,1.29,9.26,10.47,0.30,0.30,0.30,1.22,9.41,10.47,0.2,0
fix,84535,1,1,1.26,9.23,10.79,1.26,9.23,10.79,-0.260,0.624,-0.737,42.5,4117,0.007,1079,0.022,5,0.15,0.18,0.15,3,1.30,9.10,10.84,3,1.25,9.28,10.81,0.30,0.30,0.30,1.22,9.43,10.81,0.2,0
fix,84588,1,1,1.16,9.56,10.74,1.16,9.56,10.74,-0.251,0.586,-0.770,39.6,4260,0.007,1233,0.021,7,0.14,0.17,0.14,0,1.19,9.58,10.69,3,1.12,9.66,10.75,0.30,0.30,0.30,1.20,9.41,10.75,0.3,0
fix,84636,1,1,1.11,9.54,10.74,1.11,9.54,10.74,-0.257,0.581,-0.772,39.4,4375,0.005,1538,0.016,6,0.11,0.13,0.11,2,1.00,9.68,10.79,3,1.21,9.37,10.80,0.30,0.30,0.30,1.21,9.43,10.80,0.6,0
fix,84688,1,1,1.15,9.51,10.56,1.15,9.51,10.56,-0.253,0.585,-0.770,39.6,4242,0.007,1982,0.020,5,0.14,0.16,0.13,3,1.10,9.52,10.68,3,1.28,9.42,10.39,0.30,0.30,0.30,1.16,9.52,10.39,0.4,0
fix,84736,1,1,1.14,9.46,10.71,1.14,9.46,10.71,-0.264,0.596,-0.758,40.7,4188,0.006,1150,0.017,5,0.12,0.14,0.12,3,1.16,9.40,10.71,3,1.23,9.39,10.73,0.30,0.30,0.30,1.11,9.57,10.73,0.1,0
fix,84786,1,1,1.26,9.51,10.73,1.26,9.51,10.73,-0.265,0.597,-0.757,40.8,4270,0.009,1119,0.026,6,0.17,0.21,0.18,2,1.28,9.46,10.79,3,1.28,9.54,10.68,0.30,0.30,0.30,1.14,9.57,10.68,0.2,0
fix,84834,1,1,0.95,9.47,11.06,0.95,9.47,11.06,-0.249,0.608,-0.754,41.1,4472,0.008,1127,0.023,6,0.17,0.19,0.16,1,0.95,9.47,11.05,3,0.84,9.52,11.17,0.30,0.30,0.30,1.11,9.52,11.17,0.1,0
fix,84884,1,1,1.26,9.04,10.65,1.26,9.04,10.65,-0.266,0.624,-0.735,42.7,3863,0.007,1083,0.020,5,0.14,0.16,0.14,3,1.31,8.89,10.58,3,1.34,8.96,10.62,0.30,0.30,0.30,1.09,9.40,10.62,0.3,0
fix,84935,1,1,1.30,9.11,10.69,1.30,9.11,10.69,-0.261,0.619,-0.741,42.2,4038,0.006,1075,0.019,5,0.13,0.15,0.13,2,1.31,9.11,10.73,3,1.38,9.04,10.67,0.30,0.30,0.30,1.15,9.21,10.67,0.1,0
fix,84986,1,1,1.25,9.08,10.60,1.25,9.08,10.60,-0.262,0.619,-0.740,42.2,3989,0.007,1370,0.022,6,0.15,0.17,0.15,2,1.19,9.06,10.70,3,1.31,9.06,10.47,0.30,0.30,0.30,1.24,9.13,10.47,0.2,0
fix,85048,1,1,1.27,9.16,10.70,1.27,9.16,10.70,-0.254,0.609,-0.751,41.3,4127,0.008,1551,0.023,6,0.16,0.18,0.16,2,1.25,9.23,10.71,3,1.33,9.17,10.57,0.30,0.30,0.30,1.26,9.06,10.57,0.2,0
fix,85100,1,1,1.29,9.40,10.61,1.29,9.40,10.61,-0.254,0.597,-0.761,40.4,4086,0.006,1575,0.018,6,0.12,0.14,0.12,1,1.38,9.34,10.57,3,1.22,9.50,10.66,0.30,0.30,0.30,1.24,9.24,10.66,0.5,0
fix,85148,1,1,1.36,9.33,10.65,1.36,9.33,10.65,-0.270,0.599,-0.754,41.0,4142,0.007,1319,0.023,7,0.15,0.18,0.15,1,1.34,9.35,10.69,3,1.36,9.37,10.66,0.30,0.30,0.30,1.32,9.27,10.66,0.1,0
fix,85196,1,1,1.23,9.25,10.65,1.23,9.25,10.65,-0.251,0.615,-0.747,41.6,4057,0.006,1277,0.018,5,0.12,0.14,0.12,3,1.25,9.11,10.66,3,1.19,9.30,10.60,0.30,0.30,0.30,1.28,9.38,10.60,0.4,0
fix,85248,1,1,1.19,9.25,10.80,1.19,9.25,10.80,-0.257,0.603,-0.755,40.9,4150,0.006,1293,0.019,6,0.13,0.15,0.13,2,1.14,9.28,10.75,3,1.13,9.24,10.90,0.30,0.30,0.30,1.31,9.29,10.90,0.2,0
fix,85297,1,1,1.41,9.29,10.41,1.41,9.29,10.41,-0.261,0.581,-0.771,39.6,3969,0.008,1212,0.024,6,0.16,0.19,0.16,2,1.43,9.37,10.38,3,1.47,9.19,10.30,0.30,0.30,0.30,1.31,9.28,10.30,0.2,0
fix,85348,1,1,1.18,9.40,10.60,1.18,9.40,10.60,-0.258,0.573,-0.778,38.9,4121,0.009,1570,0.028,6,0.19,0.23,0.19,2,1.14,9.53,10.48,3,1.20,9.27,10.68,0.30,0.30,0.30,1.30,9.28,10.68,0.1,0
fix,85397,1,1,1.04,9.65,10.72,1.04,9.65,10.72,-0.251,0.581,-0.774,39.3,4311,0.007,1155,0.021,5,0.14,0.17,0.14,2,1.08,9.66,10.72,3,1.02,9.68,10.72,0.30,0.30,0.30,1.12,9.50,10.72,0.1,0
fix,85447,1,1,1.31,9.51,10.48,1.31,9.51,10.48,-0.258,0.565,-0.784,38.4,4124,0.006,1153,0.019,5,0.12,0.15,0.13,3,1.31,9.64,10.42,3,1.35,9.36,10.50,0.30,0.30,0.30,1.20,9.46,10.50,0.1,0
fix,85498,1,1,1.13,9.29,11.00,1.13,9.29,11.00,-0.246,0.631,-0.736,42.6,4267,0.007,1368,0.021,6,0.14,0.17,0.14,2,1.22,9.12,11.03,3,0.96,9.37,11.14,0.30,0.30,0.30,1.16,9.51,11.14,0.1,0
fix,85546,1,1,1.21,9.43,10.79,1.21,9.43,10.79,-0.245,0.588,-0.771,39.6,4376,0.006,1086,0.018,6,0.12,0.14,0.12,2,1.12,9.58,10.82,3,1.22,9.47,10.79,0.30,0.30,0.30,1.25,9.28,10.79,0.3,0
fix,85599,1,1,1.29,9.31,10.58,1.29,9.31,10.58,-0.258,0.604,-0.754,41.0,4057,0.005,1241,0.016,5,0.11,0.13,0.11,2,1.33,9.25,10.60,3,1.28,9.34,10.52,0.30,0.30,0.30,1.23,9.34,10.52,0.3,0
fix,85648,1,1,1.19,9.32,10.67,1.19,9.32,10.67,-0.257,0.596,-0.760,40.5,4103,0.007,1274,0.021,6,0.14,0.17,0.14,1,1.23,9.34,10.62,3,1.08,9.40,10.65,0.30,0.30,0.30,1.22,9.29,10.65,0.4,0
fix,85700,1,1,1.25,9.25,10.70,1.25,9.25,10.70,-0.255,0.610,-0.750,41.4,4090,0.007,1266,0.020,6,0.14,0.16,0.14,2,1.26,9.18,10.71,3,1.23,9.24,10.77,0.30,0.30,0.30,1.22,9.32,10.77,0.1,0
fix,85747,1,1,1.16,9.50,10.78,1.16,9.50,10.78,-0.253,0.597,-0.761,40.4,4339,0.007,1261,0.021,6,0.15,0.17,0.15,2,1.13,9.54,10.91,3,1.18,9.49,10.71,0.30,0.30,0.30,1.22,9.35,10.71,0.3,0
fix,85796,1,1,1.13,9.49,10.78,1.13,9.49,10.78,-0.245,0.593,-0.767,39.9,4229,0.004,1550,0.012,6,0.09,0.11,0.09,2,1.17,9.43,10.72,3,1.05,9.59,10.87,0.30,0.30,0.30,1.17,9.43,10.87,0.4,0
fix,85848,1,1,1.15,9.53,10.59,1.15,9.53,10.59,-0.262,0.577,-0.774,39.3,4203,0.008,1260,0.025,6,0.17,0.20,0.17,2,1.11,9.58,10.59,3,1.14,9.50,10.56,0.30,0.30,0.30,1.19,9.46,10.56,0.1,0
fix,85897,1,1,1.03,9.70,10.66,1.03,9.70,10.66,-0.253,0.569,-0.782,38.5,4324,0.008,1336,0.025,6,0.17,0.20,0.17,2,1.00,9.74,10.67,3,1.02,9.72,10.64,0.30,0.30,0.30,1.14,9.57,10.64,0.1,0
fix,85947,1,1,1.23,9.40,10.65,1.23,9.40,10.65,-0.260,0.601,-0.756,40.9,4111,0.006,1284,0.019,5,0.13,0.16,0.13,3,1.25,9.30,10.67,3,1.28,9.41,10.61,0.30,0.30,0.30,1.13,9.57,10.61,0.1,0
fix,85998,1,1,1.05,9.51,10.80,1.05,9.51,10.80,-0.253,0.586,-0.769,39.7,4330,0.006,1274,0.020,5,0.14,0.16,0.13,3,1.01,9.60,10.79,3,1.09,9.43,10.86,0.30,0.30,0.30,1.12,9.52,10.86,0.1,0
fix,86046,1,1,1.00,9.66,10.65,1.00,9.66,10.65,-0.254,0.569,-0.782,38.6,4269,0.008,1120,0.024,6,0.17,0.19,0.16,1,1.02,9.71,10.58,3,0.96,9.65,10.64,0.30,0.30,0.30,1.05,9.55,10.64,0.1,0
fix,86097,1,1,1.06,9.54,10.60,1.06,9.54,10.60,-0.257,0.577,-0.775,39.2,4215,0.007,1080,0.021,7,0.15,0.17,0.15,1,1.04,9.57,10.59,3,1.04,9.53,10.59,0.30,0.30,0.30,1.07,9.54,10.59,0.1,0
fix,86147,1,1,1.23,9.29,10.61,1.23,9.29,10.61,-0.263,0.599,-0.756,40.9,4059,0.008,1063,0.023,6,0.15,0.18,0.16,2,1.24,9.27,10.62,3,1.27,9.24,10.65,0.30,0.30,0.30,1.10,9.48,10.65,0.1,0
fix,86199,1,1,1.24,9.43,10.65,1.24,9.43,10.65,-0.261,0.595,-0.760,40.5,4203,0.004,1246,0.011,5,0.09,0.11,0.09,3,1.25,9.42,10.73,3,1.26,9.46,10.60,0.30,0.30,0.30,1.16,9.43,10.60,0.2,0
fix,86247,1,1,1.28,9.49,10.75,1.28,9.49,10.75,-0.260,0.589,-0.765,40.1,4185,0.007,1226,0.022,6,0.14,0.17,0.14,2,1.35,9.50,10.66,3,1.22,9.46,10.84,0.30,0.30,0.30,1.19,9.45,10.84,0.4,0
fix,86297,1,1,1.14,9.36,10.95,1.14,9.36,10.95,-0.256,0.618,-0.744,42.0,4377,0.004,1137,0.013,5,0.09,0.10,0.09,2,1.11,9.31,11.02,3,1.13,9.33,11.02,0.30,0.30,0.30,1.21,9.45,11.02,0.2,0
fix,86347,1,1,0.99,9.33,11.05,0.99,9.33,11.05,-0.260,0.618,-0.742,42.1,4506,0.007,1159,0.023,6,0.16,0.18,0.16,2,0.92,9.34,11.16,3,1.02,9.32,11.00,0.30,0.30,0.30,1.17,9.37,11.00,0.1,0
fix,86396,1,1,1.18,9.25,10.70,1.18,9.25,10.70,-0.263,0.598,-0.757,40.8,4091,0.007,1057,0.023,6,0.15,0.18,0.15,2,1.26,9.30,10.63,3,1.11,9.17,10.70,0.30,0.30,0.30,1.12,9.29,10.70,0.2,0
fix,86447,1,1,1.30,9.02,10.86,1.30,9.02,10.86,-0.256,0.639,-0.726,43.5,4200,0.007,1536,0.020,7,0.14,0.16,0.14,1,1.29,8.97,10.97,3,1.32,9.00,10.78,0.30,0.30,0.30,1.19,9.18,10.78,0.3,0
fix,86497,1,1,1.17,9.45,10.63,1.17,9.45,10.63,-0.258,0.587,-0.767,39.9,4222,0.010,1368,0.031,7,0.21,0.25,0.21,1,1.09,9.51,10.69,3,1.22,9.45,10.52,0.30,0.30,0.30,1.23,9.26,10.52,0.1,0
fix,86547,1,1,1.13,9.44,10.78,1.13,9.44,10.78,-0.255,0.590,-0.766,40.0,4302,0.005,1090,0.015,5,0.10,0.12,0.10,3,1.13,9.48,10.75,3,1.18,9.36,10.77,0.30,0.30,0.30,1.18,9.33,10.77,0.1,0
fix,86597,1,1,1.33,9.25,10.54,1.33,9.25,10.54,-0.255,0.583,-0.771,39.5,3994,0.008,1428,0.023,5,0.15,0.18,0.15,3,1.34,9.37,10.42,3,1.35,9.04,10.63,0.30,0.30,0.30,1.21,9.30,10.63,0.2,0
fix,86647,1,1,1.30,9.47,10.46,1.30,9.47,10.46,-0.253,0.582,-0.773,39.4,4061,0.007,1083,0.022,6,0.15,0.18,0.15,2,1.31,9.46,10.44,3,1.28,9.49,10.47,0.30,0.30,0.30,1.25,9.38,10.47,0.2,0
fix,86701,1,1,1.13,9.28,10.83,1.13,9.28,10.83,-0.255,0.604,-0.755,41.0,4271,0.005,1249,0.015,6,0.10,0.12,0.10,2,1.10,9.35,10.84,3,1.16,9.14,10.97,0.30,0.30,0.30,1.24,9.34,10.97,0.1,0
fix,86749,1,1,1.05,9.53,10.59,1.05,9.53,10.59,-0.265,0.579,-0.771,39.5,4126,0.009,1556,0.029,6,0.20,0.23,0.20,2,1.08,9.51,10.53,3,1.00,9.59,10.64,0.30,0.30,0.30,1.16,9.41,10.64,0.2,0
fix,86798,1,1,1.20,9.35,10.64,1.20,9.35,10.64,-0.246,0.601,-0.761,40.5,4149,0.005,1265,0.016,5,0.11,0.13,0.11,3,1.22,9.32,10.66,3,1.24,9.34,10.58,0.30,0.30,0.30,1.15,9.41,10.58,0.2,0
fix,86850,1,1,1.30,9.42,10.58,1.30,9.42,10.58,-0.253,0.593,-0.765,40.1,4164,0.008,1235,0.023,7,0.15,0.18,0.15,1,1.28,9.44,10.63,3,1.35,9.46,10.47,0.30,0.30,0.30,1.21,9.38,10.47,0.3,0
fix,86896,1,1,1.29,9.51,10.72,1.29,9.51,10.72,-0.255,0.584,-0.771,39.6,4301,0.008,1270,0.025,6,0.17,0.20,0.17,2,1.28,9.63,10.72,3,1.35,9.43,10.70,0.30,0.30,0.30,1.24,9.38,10.70,0.1,0
fix,86947,1,1,1.20,9.24,10.79,1.20,9.24,10.79,-0.256,0.617,-0.744,41.9,4057,0.006,1576,0.017,6,0.12,0.14,0.12,1,1.28,9.12,10.74,3,1.12,9.30,10.84,0.30,0.30,0.30,1.21,9.42,10.84,0.3,0
fix,86998,1,1,1.18,9.23,10.82,1.18,9.23,10.82,-0.255,0.617,-0.744,41.9,4213,0.009,1260,0.026,6,0.18,0.21,0.18,2,1.16,9.22,10.87,3,1.11,9.33,10.85,0.30,0.30,0.30,1.23,9.29,10.85,0.1,0
fix,87048,1,1,1.14,9.39,10.71,1.14,9.39,10.71,-0.254,0.590,-0.766,40.0,4215,0.006,1152,0.018,6,0.12,0.15,0.12,1,1.11,9.45,10.70,3,1.10,9.40,10.70,0.30,0.30,0.30,1.23,9.28,10.70,0.1,0
fix,87096,1,1,1.24,9.44,10.78,1.24,9.44,10.78,-0.255,0.599,-0.759,40.6,4329,0.006,1076,0.019,5,0.13,0.15,0.13,3,1.25,9.49,10.85,3,1.26,9.38,10.77,0.30,0.30,0.30,1.22,9.31,10.77,0.3,0
fix,87148,1,1,1.17,9.31,10.78,1.17,9.31,10.78,-0.260,0.618,-0.742,42.1,4184,0.005,1098,0.014,5,0.10,0.11,0.10,3,1.19,9.19,10.85,3,1.13,9.36,10.75,0.30,0.30,0.30,1.21,9.40,10.75,0.0,0
fix,87196,1,1,1.23,9.18,10.66,1.23,9.18,10.66,-0.255,0.607,-0.753,41.1,4065,0.009,1082,0.026,5,0.18,0.21,0.18,3,1.21,9.18,10.68,3,1.20,9.21,10.66,0.30,0.30,0.30,1.23,9.29,10.66,0.2,0
fix,87246,1,1,1.14,9.12,11.03,1.14,9.12,11.03,-0.251,0.639,-0.727,43.3,4311,0.007,1084,0.022,6,0.15,0.17,0.15,2,1.10,9.06,11.14,3,1.13,9.12,10.98,0.30,0.30,0.30,1.23,9.25,10.98,0.1,0
fix,87301,1,1,1.24,9.44,10.76,1.24,9.44,10.76,-0.256,0.591,-0.765,40.1,4264,0.006,1285,0.018,6,0.12,0.15,0.12,2,1.25,9.53,10.74,3,1.28,9.51,10.63,0.30,0.30,0.30,1.21,9.22,10.63,0.3,0
fix,87349,1,1,1.26,9.29,10.72,1.26,9.29,10.72,-0.253,0.606,-0.754,41.0,4108,0.005,1280,0.016,5,0.11,0.13,0.11,3,1.29,9.24,10.70,3,1.25,9.29,10.70,0.30,0.30,0.30,1.22,9.28,10.70,0.2,0
fix,87397,1,1,1.46,9.53,10.60,1.46,9.53,10.60,-0.293,0.573,-0.766,40.0,4114,0.005,1647,0.015,4,0.54,0.25,0.25,3,1.80,9.59,10.34,3,1.12,9.51,10.87,0.30,0.30,0.30,1.19,9.36,10.87,0.2,0
fix,87446,1,1,1.30,9.21,10.49,1.30,9.21,10.49,-0.256,0.605,-0.754,41.1,3911,0.007,1558,0.020,5,0.13,0.16,0.14,3,1.29,9.09,10.45,3,1.20,9.32,10.56,0.30,0.30,0.30,1.38,9.38,10.56,0.2,0
fix,87498,1,1,1.10,9.41,10.77,1.10,9.41,10.77,-0.256,0.589,-0.767,39.9,4269,0.008,1455,0.023,5,0.16,0.19,0.16,3,1.04,9.52,10.75,3,1.14,9.35,10.77,0.30,0.30,0.30,1.29,9.32,10.77,0.3,0
fix,87547,1,1,1.03,9.47,10.83,1.03,9.47,10.83,-0.247,0.602,-0.760,40.6,4325,0.006,1102,0.019,6,0.13,0.15,0.13,2,1.00,9.44,10.91,3,1.06,9.34,10.79,0.30,0.30,0.30,1.13,9.48,10.79,0.1,0
fix,87597,1,1,1.15,9.41,10.86,1.15,9.41,10.86,-0.246,0.589,-0.770,39.7,4308,0.005,1672,0.016,5,0.11,0.13,0.11,3,1.08,9.54,10.79,3,1.24,9.27,10.87,0.30,0.30,0.30,1.16,9.41,10.87,0.2,0
fix,87648,1,1,1.09,9.65,10.57,1.09,9.65,10.57,-0.254,0.580,-0.774,39.2,4225,0.008,1776,0.024,5,0.17,0.20,0.17,3,1.07,9.57,10.64,3,1.13,9.80,10.45,0.30,0.30,0.30,1.13,9.58,10.45,0.2,0
fix,87696,1,1,1.12,9.42,10.72,1.12,9.42,10.72,-0.248,0.583,-0.774,39.3,4240,0.006,1127,0.018,6,0.12,0.15,0.12,2,1.12,9.54,10.68,3,1.11,9.35,10.78,0.30,0.30,0.30,1.13,9.46,10.78,0.3,0
fix,87747,1,1,1.15,9.51,10.74,1.15,9.51,10.74,-0.245,0.583,-0.775,39.2,4294,0.006,1080,0.018,6,0.12,0.15,0.12,2,1.16,9.59,10.74,3,1.10,9.49,10.75,0.30,0.30,0.30,1.15,9.43,10.75,0.1,0
fix,87798,1,1,1.13,9.25,10.92,1.13,9.25,10.92,-0.261,0.611,-0.748,41.6,4225,0.005,1115,0.016,5,0.11,0.13,0.11,3,1.09,9.25,10.86,3,1.14,9.15,11.00,0.30,0.30,0.30,1.16,9.40,11.00,0.2,0
fix,87847,1,1,1.24,9.39,10.70,1.24,9.39,10.70,-0.261,0.597,-0.759,40.6,4153,0.010,1457,0.030,6,0.20,0.24,0.20,2,1.26,9.39,10.64,3,1.25,9.43,10.72,0.30,0.30,0.30,1.17,9.37,10.72,0.2,0
fix,87896,1,1,1.09,9.40,10.72,1.09,9.40,10.72,-0.257,0.596,-0.760,40.5,4131,0.006,1090,0.019,6,0.13,0.15,0.13,2,1.08,9.39,10.71,3,1.04,9.47,10.72,0.30,0.30,0.30,1.17,9.37,10.72,0.2,0
fix,87947,1,1,1.09,9.22,10.97,1.09,9.22,10.97,-0.260,0.619,-0.741,42.2,4299,0.006,1102,0.017,6,0.12,0.13,0.12,2,1.10,9.23,10.97,3,1.11,9.17,10.99,0.30,0.30,0.30,1.14,9.31,10.99,0.3,0
fix,88001,1,1,1.16,9.26,10.74,1.16,9.26,10.74,-0.255,0.608,-0.752,41.2,4137,0.005,1315,0.014,6,0.10,0.12,0.10,2,1.18,9.21,10.73,3,1.16,9.22,10.69,0.30,0.30,0.30,1.14,9.33,10.69,0.2,0
fix,88050,1,1,1.28,9.40,10.65,1.28,9.40,10.65,-0.260,0.591,-0.764,40.2,4150,0.008,1936,0.023,6,0.15,0.18,0.16,2,1.25,9.43,10.63,3,1.35,9.51,10.53,0.30,0.30,0.30,1.19,9.30,10.53,0.1,0
fix,88099,1,1,1.20,9.33,10.95,1.20,9.33,10.95,-0.250,0.611,-0.751,41.3,4458,0.007,1579,0.021,6,0.14,0.17,0.14,2,1.11,9.43,11.06,3,1.32,9.19,10.87,0.30,0.30,0.30,1.23,9.30,10.87,0.1,0
fix,88151,1,1,1.33,9.31,10.70,1.33,9.31,10.70,-0.254,0.598,-0.760,40.5,4133,0.006,1909,0.020,6,0.13,0.16,0.13,1,1.33,9.35,10.66,3,1.40,9.22,10.63,0.30,0.30,0.30,1.24,9.31,10.63,0.1,0
fix,88199,1,1,1.21,9.26,10.80,1.21,9.26,10.80,-0.258,0.613,-0.747,41.7,4199,0.008,1276,0.026,6,0.17,0.20,0.18,2,1.26,9.27,10.83,3,1.13,9.16,10.80,0.30,0.30,0.30,1.23,9.31,10.80,0.2,0
fix,88246,1,1,0.90,9.50,10.92,0.90,9.50,10.92,-0.246,0.602,-0.760,40.5,4347,0.007,1249,0.022,6,0.16,0.18,0.15,2,0.87,9.47,10.95,3,0.80,9.55,10.96,0.30,0.30,0.30,1.16,9.41,10.96,0.2,0
fix,88296,1,1,1.17,9.30,10.74,1.17,9.30,10.74,-0.255,0.610,-0.751,41.4,4131,0.007,1563,0.023,6,0.16,0.18,0.16,1,1.23,9.26,10.73,3,1.15,9.48,10.68,0.30,0.30,0.30,1.09,9.36,10.68,0.5,0
fix,88350,1,1,1.20,9.41,10.57,1.20,9.41,10.57,-0.260,0.584,-0.769,39.8,4162,0.006,1978,0.020,6,0.13,0.16,0.13,2,1.13,9.49,10.61,3,1.24,9.41,10.47,0.30,0.30,0.30,1.16,9.33,10.47,0.4,0
fix,88397,1,1,1.24,9.25,10.70,1.24,9.25,10.70,-0.270,0.602,-0.752,41.3,4150,0.007,1266,0.022,5,0.15,0.18,0.15,3,1.23,9.27,10.73,3,1.28,9.12,10.65,0.30,0.30,0.30,1.17,9.33,10.65,0.3,0
fix,88447,1,1,1.22,9.29,10.92,1.22,9.29,10.92,-0.255,0.613,-0.748,41.6,4268,0.007,1138,0.020,5,0.14,0.16,0.14,3,1.21,9.28,10.89,3,1.25,9.23,10.98,0.30,0.30,0.30,1.18,9.34,10.98,0.2,0
fix,88498,1,1,1.17,9.35,10.91,1.17,9.35,10.91,-0.260,0.610,-0.749,41.5,4313,0.007,1074,0.023,6,0.15,0.18,0.16,1,1.16,9.36,10.92,3,1.18,9.35,10.95,0.30,0.30,0.30,1.19,9.34,10.95,0.1,0
fix,88547,1,1,1.17,9.39,10.84,1.17,9.39,10.84,-0.257,0.600,-0.757,40.8,4302,0.008,1049,0.023,6,0.16,0.19,0.16,2,1.18,9.41,10.83,3,1.20,9.33,10.83,0.30,0.30,0.30,1.17,9.36,10.83,0.1,0
fix,88598,1,1,1.06,9.27,11.00,1.06,9.27,11.00,-0.248,0.618,-0.746,41.8,4449,0.005,1421,0.014,5,0.10,0.11,0.10,3,0.97,9.34,11.10,3,1.12,9.16,10.99,0.30,0.30,0.30,1.18,9.31,10.99,0.4,0
fix,88651,1,1,1.26,9.19,10.68,1.26,9.19,10.68,-0.256,0.612,-0.749,41.5,4022,0.006,1715,0.018,5,0.12,0.15,0.12,3,1.22,9.10,10.64,3,1.26,9.25,10.63,0.66,0.42,0.42,1.14,9.30,10.63,0.4,0
fix,88696,1,1,1.13,9.36,10.88,1.13,9.36,10.88,-0.252,0.597,-0.761,40.4,4311,0.007,1281,0.022,6,0.15,0.18,0.15,2,1.08,9.48,10.88,3,1.18,9.22,10.93,0.30,0.30,0.30,1.15,9.26,10.93,0.2,0
fix,88748,1,1,1.27,9.24,10.78,1.27,9.24,10.78,-0.259,0.619,-0.742,42.1,4085,0.008,1597,0.024,5,0.16,0.19,0.16,3,1.37,9.09,10.74,3,1.25,9.32,10.81,0.30,0.30,0.30,1.13,9.34,10.81,0.2,0
fix,88797,1,1,1.25,9.31,10.77,1.25,9.31,10.77,-0.256,0.619,-0.742,42.1,4103,0.006,1571,0.017,5,0.12,0.14,0.12,3,1.30,9.13,10.76,3,1.18,9.55,10.77,0.30,0.30,0.30,1.18,9.37,10.77,0.2,0
fix,88847,1,1,1.05,9.50,10.67,1.05,9.50,10.67,-0.253,0.586,-0.770,39.7,4244,0.007,1287,0.021,6,0.14,0.17,0.14,2,1.02,9.52,10.70,3,1.04,9.55,10.60,0.30,0.30,0.30,1.17,9.39,10.60,0.3,0
fix,88896,1,1,1.21,9.25,10.86,1.21,9.25,10.86,-0.259,0.623,-0.738,42.4,4244,0.008,1136,0.024,6,0.16,0.19,0.16,2,1.25,9.20,10.91,3,1.25,9.24,10.84,0.30,0.30,0.30,1.14,9.39,10.84,0.1,0
fix,88947,1,1,1.16,9.18,10.95,1.16,9.18,10.95,-0.252,0.629,-0.735,42.7,4200,0.007,1370,0.021,6,0.14,0.17,0.14,2,1.20,9.07,10.93,3,1.10,9.32,11.00,0.30,0.30,0.30,1.14,9.34,11.00,0.2,0
fix,88996,1,1,1.11,9.20,11.16,1.11,9.20,11.16,-0.250,0.615,-0.748,41.6,4365,0.006,1572,0.019,6,0.14,0.16,0.13,2,1.10,9.30,10.97,3,0.95,9.34,10.94,0.72,0.72,0.72,1.10,9.27,10.94,0.2,0
fix,89048,1,1,1.16,9.36,10.88,1.16,9.36,10.88,-0.254,0.599,-0.760,40.6,4267,0.006,1130,0.019,5,0.13,0.16,0.13,3,1.14,9.45,10.82,3,1.17,9.34,10.87,0.30,0.30,0.30,1.13,9.25,10.87,0.3,0
fix,89097,1,1,1.15,9.09,11.15,1.15,9.09,11.15,-0.253,0.652,-0.715,44.4,4355,0.007,1059,0.020,5,0.14,0.16,0.15,3,1.18,8.96,11.21,3,1.15,9.06,11.20,0.30,0.30,0.30,1.13,9.29,11.20,0.1,0
fix,89147,1,1,1.04,9.12,11.19,1.04,9.12,11.19,-0.249,0.646,-0.722,43.8,4446,0.007,1118,0.021,6,0.15,0.16,0.15,1,1.05,9.07,11.29,3,0.99,9.17,11.12,0.30,0.30,0.30,1.10,9.21,11.12,0.2,0
fix,89196,1,1,1.14,9.29,10.89,1.14,9.29,10.89,-0.260,0.600,-0.757,40.8,4251,0.009,1076,0.026,6,0.18,0.21,0.18,2,1.12,9.39,10.76,3,1.22,9.27,10.87,0.30,0.30,0.30,1.10,9.18,10.87,0.0,0
fix,89246,1,1,1.07,9.59,10.94,1.07,9.59,10.94,-0.251,0.594,-0.765,40.1,4530,0.009,1076,0.028,6,0.19,0.22,0.19,2,1.08,9.66,10.97,3,1.07,9.57,10.93,0.30,0.30,0.30,1.08,9.31,10.93,0.3,0
fix,89297,1,1,1.04,9.58,11.00,1.04,9.58,11.00,-0.254,0.600,-0.758,40.7,4432,0.011,1433,0.034,7,0.23,0.27,0.23,0,1.00,9.51,10.98,3,1.01,9.75,11.03,0.30,0.30,0.30,1.10,9.52,11.03,0.1,0
fix,89349,1,1,1.01,9.66,10.93,1.01,9.66,10.93,-0.250,0.593,-0.766,40.0,4500,0.005,1559,0.015,5,0.10,0.12,0.10,3,0.97,9.67,10.98,3,1.06,9.79,10.84,0.30,0.30,0.30,1.09,9.55,10.84,0.1,0
fix,89398,1,1,1.10,9.42,10.78,1.10,9.42,10.78,-0.254,0.595,-0.763,40.3,4256,0.006,1249,0.017,6,0.12,0.14,0.12,2,1.13,9.45,10.75,3,1.16,9.25,10.75,0.30,0.30,0.30,1.05,9.51,10.75,0.2,0
fix,89448,1,1,1.20,9.34,10.85,1.20,9.34,10.85,-0.257,0.612,-0.748,41.6,4247,0.005,1271,0.016,6,0.11,0.13,0.11,2,1.24,9.29,10.86,3,1.24,9.38,10.81,0.30,0.30,0.30,1.08,9.49,10.81,0.4,0
fix,89499,1,1,1.03,9.50,10.85,1.03,9.50,10.85,-0.251,0.592,-0.766,40.0,4371,0.007,1269,0.022,6,0.15,0.18,0.15,1,1.03,9.56,10.85,3,1.01,9.54,10.87,0.30,0.30,0.30,1.08,9.43,10.87,0.1,0
fix,89548,1,1,1.07,9.51,10.99,1.07,9.51,10.99,-0.258,0.602,-0.756,40.9,4496,0.008,1149,0.024,6,0.17,0.19,0.17,2,0.94,9.54,11.07,3,1.09,9.52,10.93,0.30,0.30,0.30,1.11,9.42,10.93,0.1,0
fix,89597,1,1,1.05,9.48,10.82,1.05,9.48,10.82,-0.255,0.587,-0.769,39.8,4343,0.007,1095,0.022,5,0.15,0.18,0.15,3,1.02,9.57,10.81,3,1.06,9.46,10.78,0.30,0.30,0.30,1.09,9.41,10.78,0.3,0
fix,89646,1,1,1.09,9.39,10.90,1.09,9.39,10.90,-0.249,0.615,-0.749,41.5,4361,0.007,1851,0.020,6,0.14,0.16,0.14,2,1.05,9.36,10.97,3,1.15,9.36,10.88,0.30,0.30,0.30,1.09,9.44,10.88,0.2,0
fix,89697,1,1,1.20,9.44,10.91,1.20,9.44,10.91,-0.254,0.612,-0.749,41.5,4290,0.005,1072,0.016,5,0.11,0.12,0.11,3,1.20,9.40,10.93,3,1.24,9.54,10.93,0.30,0.30,0.30,1.11,9.44,10.93,0.2,0
fix,89746,1,1,0.98,9.69,10.91,0.98,9.69,10.91,-0.254,0.584,-0.771,39.6,4395,0.006,1488,0.019,6,0.13,0.15,0.13,2,1.08,9.67,10.80,3,0.87,9.78,10.98,0.30,0.30,0.30,1.03,9.55,10.98,0.2,0
fix,89803,1,1,1.14,9.30,10.76,1.14,9.30,10.76,-0.248,0.580,-0.776,39.1,4265,0.005,1562,0.015,6,0.10,0.12,0.10,1,1.03,9.56,10.67,3,1.31,8.83,10.85,0.30,0.30,0.30,1.11,9.41,10.85,0.2,0
fix,89847,1,1,1.28,9.15,10.64,1.28,9.15,10.64,-0.255,0.613,-0.748,41.6,3971,0.005,1181,0.014,5,0.10,0.12,0.10,2,1.33,9.04,10.59,3,1.30,9.08,10.63,0.30,0.30,0.30,1.14,9.38,10.63,0.2,0
fix,89897,1,1,1.25,9.47,10.56,1.25,9.47,10.56,-0.257,0.584,-0.770,39.7,4026,0.007,1512,0.022,7,0.15,0.18,0.15,1,1.30,9.44,10.48,3,1.16,9.58,10.68,0.30,0.30,0.30,1.20,9.37,10.68,0.1,0
fix,89945,1,1,1.14,9.53,10.57,1.14,9.53,10.57,-0.257,0.589,-0.766,40.0,4243,0.009,1262,0.027,6,0.18,0.21,0.18,1,1.15,9.50,10.70,3,1.07,9.63,10.43,0.30,0.30,0.30,1.20,9.40,10.43,0.5,0
fix,89999,1,1,1.27,9.44,10.72,1.27,9.44,10.72,-0.256,0.604,-0.754,41.0,4221,0.004,1227,0.014,6,0.09,0.11,0.09,1,1.32,9.38,10.76,3,1.26,9.49,10.73,0.30,0.30,0.30,1.20,9.46,10.73,0.2,0
fix,90049,1,1,1.20,9.52,10.55,1.20,9.52,10.55,-0.258,0.590,-0.765,40.1,4159,0.008,1561,0.026,6,0.17,0.21,0.17,1,1.19,9.44,10.63,3,1.18,9.64,10.44,0.30,0.30,0.30,1.21,9.52,10.44,0.4,0
fix,90098,1,1,1.16,9.33,10.70,1.16,9.33,10.70,-0.257,0.596,-0.761,40.4,4167,0.006,1284,0.018,5,0.12,0.15,0.12,3,1.20,9.33,10.66,3,1.11,9.29,10.73,0.30,0.30,0.30,1.19,9.46,10.73,0.5,0
fix,90145,1,1,1.13,9.50,10.70,1.13,9.50,10.70,-0.265,0.575,-0.774,39.3,4241,0.009,1584,0.027,5,0.19,0.22,0.18,3,1.05,9.65,10.65,3,1.19,9.36,10.78,0.30,0.30,0.30,1.21,9.40,10.78,0.2,0
fix,90196,1,1,1.15,9.51,10.65,1.15,9.51,10.65,-0.258,0.589,-0.766,40.0,4227,0.007,1460,0.022,5,0.15,0.18,0.15,3,1.10,9.51,10.70,3,1.23,9.43,10.63,0.30,0.30,0.30,1.19,9.48,10.63,0.2,0
fix,90246,1,1,1.21,9.15,10.74,1.21,9.15,10.74,-0.259,0.622,-0.739,42.4,4093,0.009,1118,0.027,6,0.19,0.22,0.19,2,1.26,9.06,10.78,3,1.21,9.09,10.69,0.30,0.30,0.30,1.15,9.43,10.69,0.2,0
fix,90297,1,1,1.10,9.40,10.88,1.10,9.40,10.88,-0.256,0.607,-0.752,41.2,4390,0.005,1113,0.016,6,0.11,0.13,0.11,2,1.14,9.43,10.94,3,1.02,9.35,10.81,0.30,0.30,0.30,1.13,9.39,10.81,0.2,0
fix,90345,1,1,1.25,9.48,10.65,1.25,9.48,10.65,-0.255,0.587,-0.769,39.8,4163,0.007,1076,0.021,6,0.14,0.17,0.14,2,1.24,9.49,10.59,3,1.33,9.47,10.60,0.30,0.30,0.30,1.16,9.42,10.60,0.1,0
fix,90396,1,1,1.12,9.46,10.88,1.12,9.46,10.88,-0.246,0.607,-0.755,40.9,4345,0.007,1073,0.020,6,0.14,0.16,0.14,2,1.18,9.42,10.90,3,1.09,9.49,10.87,0.30,0.30,0.30,1.11,9.46,10.87,0.2,0
fix,90447,1,1,1.21,9.27,10.84,1.21,9.27,10.84,-0.252,0.619,-0.744,42.0,4239,0.006,1803,0.018,6,0.13,0.15,0.13,2,1.17,9.21,10.94,3,1.27,9.30,10.69,0.30,0.30,0.30,1.14,9.43,10.69,0.4,0
fix,90496,1,1,1.09,9.40,11.02,1.09,9.40,11.02,-0.246,0.609,-0.754,41.1,4474,0.008,1048,0.025,7,0.17,0.20,0.17,1,1.07,9.49,11.10,3,1.11,9.35,10.99,0.30,0.30,0.30,1.13,9.35,10.99,0.2,0
fix,90547,1,1,1.14,9.24,10.97,1.14,9.24,10.97,-0.257,0.629,-0.734,42.8,4277,0.005,1108,0.017,6,0.12,0.13,0.12,1,1.12,9.16,11.02,3,1.17,9.21,10.87,0.30,0.30,0.30,1.13,9.39,10.87,0.4,0
fix,90598,1,1,1.09,9.35,10.87,1.09,9.35,10.87,-0.260,0.596,-0.760,40.5,4208,0.008,1381,0.023,6,0.16,0.19,0.16,2,1.05,9.39,10.70,3,1.12,9.33,11.03,0.30,0.30,0.30,1.14,9.34,11.03,0.3,0
fix,90646,1,1,1.09,9.23,11.11,1.09,9.23,11.11,-0.250,0.637,-0.729,43.2,4384,0.010,1115,0.030,6,0.21,0.24,0.21,2,1.14,9.13,11.16,3,1.09,9.23,11.16,0.30,0.30,0.30,1.07,9.37,11.16,0.1,0
fix,90697,1,1,1.18,9.04,10.86,1.18,9.04,10.86,-0.260,0.635,-0.727,43.3,4029,0.007,1396,0.021,6,0.15,0.17,0.15,2,1.24,8.90,10.84,3,1.11,9.16,10.87,0.30,0.30,0.30,1.09,9.27,10.87,0.1,0
fix,90747,1,1,1.08,9.41,10.87,1.08,9.41,10.87,-0.252,0.586,-0.770,39.6,4365,0.007,1439,0.022,7,0.15,0.17,0.15,1,1.07,9.62,10.85,3,1.08,9.37,10.87,0.30,0.30,0.30,1.09,9.10,10.87,0.2,0
fix,90797,1,1,1.14,9.48,11.02,1.14,9.48,11.02,-0.246,0.604,-0.758,40.7,4434,0.008,1085,0.025,5,0.17,0.20,0.17,3,1.21,9.53,10.97,3,1.09,9.42,11.11,0.30,0.30,0.30,1.08,9.29,11.11,0.3,0
fix,90847,1,1,1.21,9.34,10.91,1.21,9.34,10.91,-0.250,0.615,-0.748,41.6,4286,0.006,1127,0.018,5,0.12,0.14,0.12,3,1.21,9.35,10.92,3,1.21,9.27,10.92,0.30,0.30,0.30,1.13,9.37,10.92,0.1,0
fix,90898,1,1,1.15,9.25,10.99,1.15,9.25,10.99,-0.254,0.615,-0.747,41.7,4275,0.006,1072,0.019,5,0.13,0.15,0.13,3,1.21,9.29,10.93,3,1.12,9.22,11.02,0.30,0.30,0.30,1.12,9.31,11.02,0.1,0
fix,90946,1,1,1.10,9.34,10.63,1.10,9.34,10.63,-0.254,0.593,-0.764,40.2,4016,0.007,1671,0.020,5,0.14,0.16,0.14,3,1.11,9.28,10.53,3,1.09,9.37,10.62,0.30,0.30,0.30,1.12,9.36,10.62,0.1,0
fix,91000,1,1,1.16,9.25,10.82,1.16,9.25,10.82,-0.260,0.615,-0.745,41.9,4182,0.006,1638,0.020,6,0.13,0.16,0.13,2,1.23,9.20,10.83,3,1.01,9.34,10.92,0.30,0.30,0.30,1.13,9.32,10.92,0.1,0
fix,91045,1,1,1.01,9.32,10.99,1.01,9.32,10.99,-0.248,0.608,-0.754,41.0,4475,0.005,1350,0.016,5,0.11,0.13,0.11,3,0.86,9.43,11.09,3,1.11,9.22,10.94,0.30,0.30,0.30,1.18,9.21,10.94,0.7,0
fix,91096,1,1,1.04,9.20,11.16,1.04,9.20,11.16,-0.252,0.636,-0.730,43.1,4364,0.008,1060,0.024,5,0.17,0.19,0.17,3,1.01,9.09,11.19,3,1.12,9.18,11.17,0.30,0.30,0.30,1.11,9.30,11.17,0.1,0
fix,91149,1,1,1.06,9.27,10.96,1.06,9.27,10.96,-0.251,0.616,-0.746,41.7,4358,0.006,1272,0.019,5,0.13,0.15,0.13,3,1.07,9.29,10.98,3,1.10,9.23,10.93,0.30,0.30,0.30,1.07,9.27,10.93,0.4,0
fix,91198,1,1,1.03,9.48,10.78,1.03,9.48,10.78,-0.260,0.586,-0.768,39.8,4313,0.006,1296,0.019,5,0.13,0.15,0.13,3,1.03,9.55,10.78,3,1.04,9.49,10.67,0.30,0.30,0.30,1.05,9.30,10.67,0.2,0
fix,91249,1,1,1.17,9.33,10.90,1.17,9.33,10.90,-0.260,0.613,-0.746,41.7,4218,0.007,1581,0.022,6,0.15,0.17,0.15,2,1.25,9.28,10.85,3,1.16,9.32,10.98,0.30,0.30,0.30,1.04,9.38,10.98,0.1,0
fix,91298,1,1,1.32,9.10,10.70,1.32,9.10,10.70,-0.259,0.620,-0.740,42.2,3967,0.006,1131,0.018,5,0.12,0.15,0.12,3,1.34,9.01,10.64,3,1.33,9.13,10.68,0.30,0.30,0.30,1.15,9.32,10.68,0.0,0
fix,91347,1,1,1.07,9.40,10.99,1.07,9.40,10.99,-0.254,0.616,-0.746,41.8,4443,0.006,1087,0.019,7,0.13,0.15,0.13,1,1.05,9.41,11.09,3,1.00,9.57,11.00,0.30,0.30,0.30,1.16,9.28,11.00,0.3,0
fix,91396,1,1,1.22,9.30,10.81,1.22,9.30,10.81,-0.253,0.612,-0.749,41.5,4215,0.007,1078,0.021,5,0.14,0.16,0.14,2,1.28,9.29,10.84,3,1.18,9.27,10.79,0.30,0.30,0.30,1.15,9.30,10.79,0.2,0
fix,91446,1,1,1.18,9.39,10.78,1.18,9.39,10.78,-0.251,0.599,-0.760,40.5,4188,0.005,1075,0.015,5,0.10,0.12,0.10,3,1.18,9.37,10.72,3,1.15,9.42,10.83,0.30,0.30,0.30,1.18,9.33,10.83,0.2,0
fix,91496,1,1,1.25,9.29,10.67,1.25,9.29,10.67,-0.265,0.600,-0.755,41.0,4105,0.009,1056,0.027,7,0.18,0.22,0.18,1,1.34,9.28,10.61,3,1.20,9.36,10.62,0.30,0.30,0.30,1.16,9.31,10.62,0.2,0
fix,91553,1,1,1.15,9.51,10.75,1.15,9.51,10.75,-0.267,0.584,-0.767,39.9,4233,0.007,1574,0.021,5,0.14,0.17,0.14,3,1.12,9.54,10.69,3,1.11,9.61,10.84,0.30,0.30,0.30,1.21,9.33,10.84,0.2,0
fix,91600,1,1,1.12,9.23,10.86,1.12,9.23,10.86,-0.256,0.616,-0.745,41.9,4195,0.007,1279,0.020,6,0.14,0.16,0.14,2,1.09,9.21,10.87,3,1.14,9.19,10.87,0.30,0.30,0.30,1.19,9.35,10.87,0.2,0
fix,91649,1,1,1.36,9.15,10.61,1.36,9.15,10.61,-0.253,0.615,-0.747,41.7,3970,0.006,1261,0.017,5,0.11,0.14,0.12,3,1.40,9.10,10.62,3,1.40,9.19,10.56,0.30,0.30,0.30,1.22,9.29,10.56,0.2,0
fix,91697,1,1,1.16,9.20,10.90,1.16,9.20,10.90,-0.252,0.607,-0.754,41.1,4110,0.005,1563,0.016,6,0.11,0.13,0.11,2,1.20,9.24,10.73,3,1.00,9.22,11.25,0.30,0.30,0.30,1.23,9.18,11.25,0.1,0
fix,91747,1,1,1.19,9.25,10.86,1.19,9.25,10.86,-0.256,0.612,-0.748,41.6,4191,0.005,1296,0.016,5,0.11,0.13,0.11,3,1.24,9.29,10.81,3,1.12,9.22,11.01,0.30,0.30,0.30,1.21,9.20,11.01,0.4,0
fix,91797,1,1,1.11,9.43,10.69,1.11,9.43,10.69,-0.257,0.589,-0.766,40.0,4179,0.007,1552,0.020,6,0.14,0.16,0.14,2,1.10,9.41,10.61,3,1.12,9.49,10.72,0.30,0.30,0.30,1.19,9.28,10.72,0.2,0
fix,91847,1,1,1.40,9.16,10.61,1.40,9.16,10.61,-0.249,0.615,-0.748,41.5,3990,0.007,1274,0.023,5,0.15,0.18,0.15,3,1.43,9.10,10.61,3,1.43,9.19,10.62,0.30,0.30,0.30,1.22,9.27,10.62,0.2,0
fix,91897,1,1,1.11,9.32,10.83,1.11,9.32,10.83,-0.253,0.607,-0.754,41.1,4270,0.008,1151,0.023,6,0.16,0.19,0.16,2,1.09,9.34,10.84,3,1.03,9.38,10.85,0.30,0.30,0.30,1.23,9.25,10.85,0.2,0
fix,91948,1,1,1.15,9.24,10.78,1.15,9.24,10.78,-0.261,0.613,-0.746,41.8,4102,0.006,1592,0.017,6,0.12,0.14,0.12,2,1.21,9.18,10.73,3,1.08,9.32,10.84,0.30,0.30,0.30,1.18,9.26,10.84,0.2,0
fix,91997,1,1,1.31,9.34,10.67,1.31,9.34,10.67,-0.264,0.601,-0.754,41.0,4124,0.006,1091,0.020,5,0.13,0.16,0.13,3,1.32,9.35,10.68,3,1.28,9.42,10.66,0.30,0.30,0.30,1.22,9.25,10.66,0.1,0
fix,92047,1,1,1.16,9.32,10.74,1.16,9.32,10.74,-0.252,0.595,-0.764,40.2,4237,0.007,1077,0.020,5,0.14,0.16,0.14,3,1.14,9.42,10.71,3,1.11,9.24,10.80,0.30,0.30,0.30,1.22,9.25,10.80,0.4,0
fix,92097,1,1,1.17,9.35,10.58,1.17,9.35,10.58,-0.263,0.583,-0.769,39.7,4093,0.007,1061,0.020,7,0.14,0.16,0.14,1,1.18,9.44,10.51,3,1.17,9.31,10.57,0.30,0.30,0.30,1.19,9.24,10.57,0.4,0
fix,92148,1,1,1.18,9.54,10.64,1.18,9.54,10.64,-0.261,0.580,-0.772,39.5,4167,0.005,1079,0.015,5,0.10,0.12,0.10,2,1.24,9.52,10.58,3,1.14,9.56,10.70,0.30,0.30,0.30,1.16,9.44,10.70,0.2,0
fix,92196,1,1,1.23,9.27,10.87,1.23,9.27,10.87,-0.253,0.616,-0.746,41.8,4255,0.007,1065,0.022,6,0.15,0.17,0.15,1,1.25,9.27,10.91,3,1.24,9.20,10.91,0.30,0.30,0.30,1.18,9.39,10.91,0.1,0
fix,92250,1,1,1.22,9.30,10.98,1.22,9.30,10.98,-0.259,0.625,-0.737,42.6,4392,0.006,1549,0.018,6,0.12,0.14,0.12,2,1.13,9.25,11.12,3,1.20,9.36,10.93,0.30,0.30,0.30,1.27,9.37,10.93,0.2,0
fix,92298,1,1,1.09,9.31,10.79,1.09,9.31,10.79,-0.263,0.601,-0.755,41.0,4154,0.007,1247,0.020,6,0.14,0.16,0.14,1,1.09,9.29,10.70,3,1.05,9.37,10.81,0.30,0.30,0.30,1.21,9.33,10.81,0.2,0
fix,92347,1,1,1.22,9.17,10.83,1.22,9.17,10.83,-0.258,0.614,-0.745,41.8,4147,0.006,1255,0.018,5,0.12,0.15,0.13,3,1.25,9.25,10.81,3,1.20,9.09,10.90,0.30,0.30,0.30,1.19,9.21,10.90,0.2,0
fix,92397,1,1,1.24,9.34,10.60,1.24,9.34,10.60,-0.255,0.590,-0.766,40.0,3995,0.006,1992,0.019,5,0.13,0.15,0.13,2,1.31,9.32,10.44,3,1.18,9.30,10.75,0.30,0.30,0.30,1.18,9.29,10.75,0.2,0
fix,92446,1,1,1.14,9.22,10.71,1.14,9.22,10.71,-0.266,0.607,-0.749,41.5,4098,0.006,1543,0.017,5,0.12,0.14,0.12,2,1.17,9.16,10.67,3,1.04,9.26,10.82,0.30,0.30,0.30,1.18,9.29,10.82,0.3,0
fix,92498,1,1,1.09,9.35,10.78,1.09,9.35,10.78,-0.251,0.601,-0.759,40.7,4237,0.007,1238,0.021,6,0.15,0.17,0.15,1,1.06,9.42,10.80,3,1.07,9.35,10.78,0.30,0.30,0.30,1.17,9.27,10.78,0.1,0
fix,92547,1,1,1.15,9.38,10.80,1.15,9.38,10.80,-0.257,0.588,-0.767,39.9,4225,0.006,1418,0.019,5,0.13,0.15,0.13,3,1.12,9.50,10.71,3,1.19,9.24,10.94,0.30,0.30,0.30,1.16,9.28,10.94,0.1,0
fix,92596,1,1,1.09,9.34,10.80,1.09,9.34,10.80,-0.256,0.601,-0.757,40.8,4307,0.007,1491,0.021,7,0.15,0.17,0.15,1,0.98,9.39,10.85,3,1.23,9.19,10.79,0.30,0.30,0.30,1.16,9.34,10.79,0.3,0
fix,92646,1,1,0.93,9.53,10.90,0.93,9.53,10.90,-0.247,0.591,-0.767,39.9,4402,0.009,1073,0.027,6,0.19,0.21,0.18,2,0.90,9.57,10.94,3,0.96,9.51,10.91,0.30,0.30,0.30,1.05,9.41,10.91,0.1,0
fix,92701,1,1,1.19,9.38,10.67,1.19,9.38,10.67,-0.257,0.589,-0.766,40.0,3979,0.006,1535,0.018,6,0.12,0.14,0.12,2,1.33,9.36,10.46,3,1.10,9.35,10.82,0.30,0.30,0.30,1.02,9.43,10.82,0.1,0
fix,92750,1,1,1.19,9.49,10.53,1.19,9.49,10.53,-0.256,0.593,-0.763,40.2,4166,0.007,1752,0.023,5,0.15,0.18,0.15,2,1.18,9.40,10.64,3,1.18,9.63,10.41,0.30,0.30,0.30,1.10,9.49,10.41,0.2,0
fix,92797,1,1,1.20,9.41,10.65,1.20,9.41,10.65,-0.256,0.587,-0.768,39.9,4128,0.007,1227,0.020,5,0.13,0.16,0.13,3,1.21,9.44,10.62,3,1.19,9.37,10.67,0.30,0.30,0.30,1.14,9.44,10.67,0.2,0
fix,92845,1,1,1.16,9.23,10.80,1.16,9.23,10.80,-0.264,0.614,-0.743,42.0,4141,0.007,1213,0.022,6,0.15,0.17,0.15,2,1.18,9.17,10.80,3,1.12,9.23,10.85,0.30,0.30,0.30,1.16,9.41,10.85,0.1,0
fix,92899,1,1,1.11,9.30,10.74,1.11,9.30,10.74,-0.258,0.598,-0.759,40.6,4232,0.007,1268,0.020,5,0.14,0.16,0.14,2,1.05,9.36,10.78,3,1.12,9.28,10.71,0.30,0.30,0.30,1.18,9.29,10.71,0.2,0
fix,92948,1,1,1.05,9.47,10.70,1.05,9.47,10.70,-0.256,0.577,-0.775,39.2,4302,0.007,1144,0.020,5,0.14,0.17,0.14,3,0.91,9.61,10.71,3,1.12,9.37,10.77,0.30,0.30,0.30,1.19,9.31,10.77,0.3,0
fix,92997,1,1,1.10,9.07,10.78,1.10,9.07,10.78,-0.254,0.623,-0.740,42.3,4082,0.006,1470,0.017,5,0.12,0.14,0.12,3,1.26,9.05,10.80,3,1.01,8.93,10.87,0.66,0.46,0.39,1.14,9.24,10.87,0.3,0
fix,93048,1,1,1.04,9.41,10.71,1.04,9.41,10.71,-0.258,0.591,-0.764,40.2,4200,0.005,1593,0.017,5,0.11,0.13,0.11,3,1.15,9.44,10.67,3,1.18,9.42,10.73,0.50,0.45,0.37,1.19,9.25,10.73,0.4,0
fix,93096,1,1,1.08,9.46,10.67,1.08,9.46,10.67,-0.258,0.583,-0.770,39.6,4168,0.007,1150,0.022,6,0.15,0.18,0.15,2,1.10,9.49,10.63,3,1.05,9.49,10.65,0.30,0.30,0.30,1.16,9.29,10.65,0.2,0
fix,93146,1,1,1.14,9.30,10.93,1.14,9.30,10.93,-0.249,0.620,-0.744,41.9,4313,0.008,1387,0.023,6,0.16,0.18,0.16,1,1.12,9.23,10.98,3,1.07,9.42,11.02,0.30,0.30,0.30,1.18,9.32,11.02,0.5,0
fix,93198,1,1,1.00,9.16,10.87,1.00,9.16,10.87,-0.257,0.622,-0.740,42.3,4084,0.006,1371,0.019,5,0.13,0.15,0.13,3,1.43,9.11,10.77,3,1.22,9.20,11.04,0.71,0.36,0.37,1.18,9.28,11.04,0.7,0
fix,93247,1,1,1.10,9.21,10.79,1.10,9.21,10.79,-0.255,0.628,-0.735,42.7,4068,0.009,1397,0.027,6,0.19,0.22,0.19,1,1.18,9.00,10.80,3,0.99,9.45,10.79,0.30,0.30,0.30,1.17,9.30,10.79,0.1,0
fix,93296,1,1,1.00,9.43,10.82,1.00,9.43,10.82,-0.258,0.595,-0.761,40.4,4206,0.007,1809,0.022,5,0.15,0.17,0.15,3,1.12,9.40,10.73,3,0.77,9.65,10.95,0.30,0.30,0.30,1.05,9.27,10.95,0.3,0
fix,93347,1,1,1.10,9.34,10.88,1.10,9.34,10.88,-0.262,0.611,-0.747,41.7,4332,0.005,1536,0.014,5,0.10,0.11,0.10,3,1.05,9.38,10.97,3,1.15,9.34,10.81,0.30,0.30,0.30,1.12,9.27,10.81,0.1,0
fix,93397,1,1,1.13,9.23,10.77,1.13,9.23,10.77,-0.256,0.628,-0.735,42.7,4131,0.007,1802,0.020,6,0.14,0.16,0.14,2,1.23,9.03,10.85,3,1.07,9.40,10.61,0.30,0.30,0.30,1.06,9.36,10.61,0.3,0
fix,93446,1,1,1.20,9.24,10.83,1.20,9.24,10.83,-0.259,0.613,-0.746,41.7,4258,0.006,1416,0.017,5,0.12,0.14,0.12,2,1.21,9.29,10.86,3,1.24,9.17,10.75,0.30,0.30,0.30,1.11,9.29,10.75,0.2,0
fix,93497,1,1,0.93,9.39,11.03,0.93,9.39,11.03,-0.250,0.615,-0.748,41.6,4430,0.006,1335,0.019,5,0.14,0.16,0.14,3,0.85,9.35,11.11,3,0.97,9.47,10.90,0.30,0.30,0.30,1.11,9.33,10.90,0.2,0
fix,93546,1,1,1.14,9.18,10.89,1.14,9.18,10.89,-0.258,0.620,-0.741,42.2,4152,0.007,1150,0.022,5,0.15,0.18,0.16,3,1.19,9.16,10.85,3,1.16,9.16,10.87,0.30,0.30,0.30,1.06,9.30,10.87,0.1,0
fix,93601,1,1,1.18,9.14,10.98,1.18,9.14,10.98,-0.258,0.628,-0.735,42.7,4250,0.009,1217,0.027,7,0.19,0.22,0.19,1,1.21,9.11,10.97,3,1.28,9.03,10.96,0.30,0.30,0.30,1.06,9.28,10.96,0.2,0
fix,93649,1,1,1.21,9.38,10.85,1.21,9.38,10.85,-0.254,0.612,-0.749,41.5,4330,0.004,1276,0.013,5,0.09,0.10,0.09,3,1.22,9.35,10.91,3,1.23,9.47,10.74,0.30,0.30,0.30,1.10,9.29,10.74,0.1,0
fix,93699,1,1,1.25,9.36,10.82,1.25,9.36,10.82,-0.256,0.605,-0.754,41.0,4183,0.006,1589,0.018,5,0.12,0.15,0.13,3,1.25,9.37,10.76,3,1.27,9.40,10.84,0.30,0.30,0.30,1.18,9.30,10.84,0.2,0
fix,93750,1,1,1.10,9.37,10.82,1.10,9.37,10.82,-0.255,0.608,-0.752,41.2,4325,0.006,1252,0.018,6,0.13,0.14,0.12,2,1.04,9.39,10.92,3,1.11,9.44,10.76,0.30,0.30,0.30,1.19,9.30,10.76,0.5,0
fix,93797,1,1,1.15,9.14,10.77,1.15,9.14,10.77,-0.262,0.620,-0.739,42.3,4060,0.007,1546,0.022,7,0.15,0.18,0.15,1,1.17,9.04,10.74,3,1.15,9.17,10.67,0.30,0.30,0.30,1.16,9.30,10.67,0.5,0
fix,93845,1,1,1.20,9.09,10.79,1.20,9.09,10.79,-0.258,0.617,-0.743,42.0,4082,0.006,1246,0.017,5,0.12,0.14,0.12,3,1.25,9.10,10.74,3,1.20,9.01,10.82,0.30,0.30,0.30,1.15,9.21,10.82,0.0,0
fix,93898,1,1,1.01,9.43,10.93,1.01,9.43,10.93,-0.257,0.610,-0.749,41.5,4522,0.009,1597,0.028,6,0.20,0.22,0.20,1,0.89,9.45,11.13,3,1.08,9.42,10.76,0.30,0.30,0.30,1.16,9.28,10.76,0.4,0
fix,93947,1,1,1.17,9.29,10.80,1.17,9.29,10.80,-0.266,0.609,-0.747,41.6,4104,0.007,1369,0.020,6,0.14,0.16,0.14,1,1.25,9.23,10.72,3,1.10,9.39,10.88,0.30,0.30,0.30,1.11,9.31,10.88,0.4,0
fix,93996,1,1,1.14,9.23,10.68,1.14,9.23,10.68,-0.257,0.615,-0.746,41.8,4097,0.009,1516,0.026,7,0.18,0.21,0.18,1,1.13,9.14,10.73,3,1.13,9.33,10.59,0.30,0.30,0.30,1.13,9.30,10.59,0.1,0
fix,94046,1,1,1.23,9.39,10.69,1.23,9.39,10.69,-0.262,0.587,-0.766,40.0,4166,0.005,1075,0.017,6,0.11,0.13,0.11,2,1.22,9.52,10.63,3,1.26,9.37,10.68,0.30,0.30,0.30,1.16,9.26,10.68,0.4,0
fix,94097,1,1,1.21,9.57,10.57,1.21,9.57,10.57,-0.262,0.576,-0.775,39.2,4066,0.007,1396,0.022,6,0.15,0.18,0.15,2,1.31,9.48,10.44,3,1.08,9.76,10.70,0.30,0.30,0.30,1.16,9.45,10.70,0.3,0
fix,94147,1,1,1.29,9.41,10.80,1.29,9.41,10.80,-0.259,0.598,-0.758,40.7,4286,0.006,1069,0.018,6,0.12,0.15,0.13,2,1.28,9.46,10.79,3,1.30,9.37,10.91,0.30,0.30,0.30,1.25,9.40,10.91,0.2,0
fix,94198,1,1,1.19,9.53,10.43,1.19,9.53,10.43,-0.257,0.577,-0.775,39.2,4062,0.006,1790,0.020,5,0.13,0.16,0.13,3,1.14,9.48,10.48,3,1.18,9.64,10.37,0.30,0.30,0.30,1.27,9.48,10.37,0.1,0
fix,94247,1,1,1.25,9.21,10.77,1.25,9.21,10.77,-0.255,0.623,-0.740,42.3,4140,0.007,1046,0.021,6,0.16,0.19,0.16,1,1.28,9.16,10.87,3,1.28,9.25,10.78,0.30,0.30,0.30,1.23,9.40,10.78,0.2,0
fix,94301,1,1,1.20,9.20,10.91,1.20,9.20,10.91,-0.255,0.620,-0.742,42.1,4262,0.006,1846,0.018,5,0.13,0.15,0.13,2,1.15,9.19,10.94,3,1.24,9.13,10.84,0.30,0.30,0.30,1.24,9.31,10.84,0.2,0
fix,94347,1,1,1.13,9.29,10.91,1.13,9.29,10.91,-0.262,0.614,-0.744,41.9,4289,0.006,1236,0.019,6,0.13,0.15,0.13,2,1.10,9.28,10.94,3,1.11,9.30,10.87,0.30,0.30,0.30,1.22,9.29,10.87,0.0,0
fix,94396,1,1,1.15,9.33,10.84,1.15,9.33,10.84,-0.255,0.607,-0.753,41.1,4300,0.007,1575,0.021,6,0.15,0.17,0.15,2,1.08,9.35,10.87,3,1.24,9.35,10.78,0.30,0.30,0.30,1.21,9.29,10.78,0.1,0
fix,94448,1,1,1.31,8.99,10.91,1.31,8.99,10.91,-0.252,0.639,-0.726,43.4,4252,0.005,1744,0.015,5,0.11,0.12,0.11,3,1.26,9.00,11.07,3,1.42,8.86,10.78,0.30,0.30,0.30,1.23,9.16,10.78,0.5,0
fix,94497,1,1,1.26,9.00,10.74,1.26,9.00,10.74,-0.262,0.624,-0.736,42.6,3940,0.006,1254,0.018,6,0.12,0.14,0.12,2,1.25,8.94,10.66,3,1.25,9.10,10.67,0.30,0.30,0.30,1.25,9.08,10.67,0.1,0
fix,94545,1,1,0.84,9.03,10.98,0.84,9.03,10.98,-0.274,0.609,-0.744,41.9,4518,0.006,1172,0.124,4,1.18,1.25,1.21,1,0.52,8.84,11.04,3,1.12,9.22,10.99,0.30,0.30,0.30,1.23,9.13,10.99,0.2,0
fix,94599,1,1,1.06,9.16,10.92,1.06,9.16,10.92,-0.246,0.616,-0.749,41.5,4365,0.004,1647,0.012,6,0.09,0.11,0.09,2,0.96,9.32,11.03,3,1.15,9.01,10.79,0.30,0.30,0.30,1.22,9.07,10.79,0.3,0
fix,94647,1,1,1.68,9.44,10.61,1.68,9.44,10.61,-0.239,0.612,-0.754,41.0,3727,0.006,1631,0.048,4,0.80,0.53,0.45,2,2.19,9.67,10.52,3,1.25,9.09,10.63,0.30,0.30,0.30,1.17,9.15,10.63,0.1,0
fix,94696,1,1,1.23,9.33,10.63,1.23,9.33,10.63,-0.253,0.585,-0.771,39.6,4220,0.008,1483,0.025,6,0.18,0.21,0.17,2,1.10,9.53,10.65,3,1.33,9.03,10.71,0.30,0.30,0.30,1.23,9.16,10.71,0.4,0
fix,94747,1,1,1.31,9.44,10.41,1.31,9.44,10.41,-0.260,0.571,-0.779,38.9,3962,0.009,1108,0.026,5,0.17,0.21,0.18,3,1.31,9.50,10.32,3,1.34,9.35,10.43,0.30,0.30,0.30,1.24,9.32,10.43,0.3,0
fix,94797,1,1,1.14,9.42,10.74,1.14,9.42,10.74,-0.260,0.598,-0.758,40.7,4225,0.004,1041,0.012,6,0.09,0.11,0.09,2,1.12,9.40,10.78,3,1.15,9.41,10.82,0.30,0.30,0.30,1.22,9.44,10.82,0.2,0
fix,94850,1,1,1.24,9.09,10.71,1.24,9.09,10.71,-0.258,0.624,-0.737,42.5,4029,0.006,1274,0.017,6,0.12,0.14,0.12,2,1.26,9.02,10.76,3,1.22,9.13,10.65,0.30,0.30,0.30,1.22,9.33,10.65,0.1,0
fix,94899,1,1,1.24,9.30,10.81,1.24,9.30,10.81,-0.256,0.604,-0.755,41.0,4294,0.008,1605,0.024,6,0.16,0.19,0.16,2,1.16,9.40,10.88,3,1.35,9.24,10.73,0.30,0.30,0.30,1.24,9.25,10.73,0.1,0
fix,94950,1,1,1.17,9.17,10.82,1.17,9.17,10.82,-0.250,0.627,-0.738,42.4,4045,0.007,1552,0.020,6,0.14,0.16,0.14,2,1.25,9.03,10.78,3,1.09,9.30,10.86,0.30,0.30,0.30,1.17,9.28,10.86,0.1,0
fix,94998,1,1,1.15,9.64,10.63,1.15,9.64,10.63,-0.259,0.570,-0.780,38.8,4181,0.007,1684,0.021,7,0.14,0.17,0.14,1,1.15,9.65,10.54,3,1.11,9.74,10.68,0.30,0.30,0.30,1.18,9.38,10.68,0.1,0
fix,95045,1,1,1.04,9.64,10.75,1.04,9.64,10.75,-0.257,0.605,-0.754,41.1,4125,0.007,1397,0.020,5,0.14,0.16,0.14,3,1.21,9.27,10.69,3,1.05,9.49,10.79,0.53,0.53,0.53,1.18,9.46,10.79,0.6,0
fix,95096,1,1,0.98,9.34,10.97,0.98,9.34,10.97,-0.266,0.592,-0.760,40.5,4242,0.006,1352,0.019,6,0.13,0.15,0.13,2,1.17,9.44,10.73,3,0.90,9.55,11.08,0.71,0.56,0.48,1.12,9.45,11.08,0.7,0
fix,95147,1,1,1.23,9.33,10.78,1.23,9.33,10.78,-0.254,0.594,-0.764,40.2,4302,0.008,1388,0.024,6,0.17,0.20,0.17,1,1.13,9.51,10.79,3,1.36,9.11,10.78,0.30,0.30,0.30,1.19,9.35,10.78,0.2,0
fix,95198,1,1,1.13,9.50,10.83,1.13,9.50,10.83,-0.257,0.602,-0.756,40.9,4333,0.007,1077,0.022,5,0.15,0.18,0.15,3,1.12,9.48,10.87,3,1.14,9.49,10.84,0.30,0.30,0.30,1.17,9.44,10.84,0.2,0
fix,95247,1,1,1.14,9.42,10.62,1.14,9.42,10.62,-0.246,0.589,-0.770,39.6,4128,0.006,1065,0.020,6,0.14,0.16,0.13,2,1.14,9.45,10.63,3,1.14,9.39,10.58,0.30,0.30,0.30,1.16,9.42,10.58,0.1,0
fix,95296,1,1,0.90,9.46,10.88,0.90,9.46,10.88,-0.247,0.594,-0.766,40.0,4315,0.005,1382,0.015,5,0.10,0.12,0.10,3,1.11,9.52,10.80,3,0.99,9.35,11.04,0.69,0.33,0.38,1.08,9.45,11.04,0.5,0
fix,95346,1,1,1.08,9.33,10.86,1.08,9.33,10.86,-0.252,0.607,-0.754,41.1,4199,0.007,1361,0.022,6,0.16,0.18,0.16,2,1.09,9.33,10.80,3,1.06,9.28,10.93,0.30,0.30,0.30,1.09,9.44,10.93,0.1,0
fix,95400,1,1,1.16,9.28,10.95,1.16,9.28,10.95,-0.258,0.621,-0.740,42.3,4254,0.008,1550,0.023,6,0.16,0.19,0.16,2,1.20,9.19,10.93,3,1.09,9.36,11.11,0.30,0.30,0.30,1.11,9.42,11.11,0.1,0
fix,95450,1,1,1.13,9.28,11.06,1.13,9.28,11.06,-0.254,0.632,-0.732,42.9,4290,0.006,1693,0.018,6,0.12,0.14,0.13,2,1.26,9.13,11.03,3,1.03,9.35,11.13,0.30,0.30,0.30,1.05,9.41,11.13,0.5,0
fix,95499,1,1,1.21,9.13,10.79,1.21,9.13,10.79,-0.257,0.633,-0.731,43.1,4144,0.005,1695,0.016,5,0.11,0.13,0.11,3,1.12,9.00,10.93,3,1.23,9.28,10.56,0.30,0.30,0.30,1.18,9.30,10.56,0.3,0
fix,95548,1,1,1.19,9.33,10.80,1.19,9.33,10.80,-0.254,0.597,-0.761,40.5,4215,0.006,1262,0.018,5,0.12,0.14,0.12,3,1.19,9.41,10.72,3,1.21,9.33,10.80,0.30,0.30,0.30,1.16,9.22,10.80,0.2,0
fix,95598,1,1,1.09,9.40,10.92,1.09,9.40,10.92,-0.251,0.615,-0.748,41.6,4325,0.006,1245,0.019,6,0.14,0.16,0.13,2,1.11,9.32,10.97,3,1.07,9.48,10.92,0.30,0.30,0.30,1.14,9.33,10.92,0.2,0
fix,95648,1,1,1.29,9.27,10.68,1.29,9.27,10.68,-0.256,0.597,-0.760,40.5,4089,0.005,1243,0.014,5,0.10,0.11,0.10,2,1.27,9.35,10.62,3,1.36,9.15,10.67,0.30,0.30,0.30,1.19,9.30,10.67,0.1,0
fix,95697,1,1,1.32,9.28,10.59,1.32,9.28,10.59,-0.269,0.617,-0.740,42.3,4057,0.008,1482,0.024,5,0.16,0.19,0.17,3,1.34,9.13,10.72,3,1.34,9.35,10.46,0.30,0.30,0.30,1.24,9.38,10.46,0.1,0
fix,95748,1,1,1.25,9.24,10.94,1.25,9.24,10.94,-0.253,0.610,-0.751,41.3,4396,0.008,1805,0.023,6,0.16,0.18,0.16,1,1.22,9.44,10.98,3,1.21,9.03,10.98,0.30,0.30,0.30,1.27,9.21,10.98,0.1,0
fix,95797,1,1,1.35,9.43,10.78,1.35,9.43,10.78,-0.250,0.604,-0.756,40.8,4175,0.008,1436,0.025,7,0.17,0.20,0.17,1,1.37,9.39,10.76,3,1.31,9.49,10.81,0.30,0.30,0.30,1.30,9.32,10.81,0.1,0
fix,95847,1,1,1.34,9.05,10.72,1.34,9.05,10.72,-0.255,0.620,-0.742,42.1,4025,0.004,1131,0.014,5,0.09,0.11,0.09,3,1.36,9.07,10.67,3,1.31,8.96,10.76,0.30,0.30,0.30,1.31,9.21,10.76,0.3,0
fix,95896,1,1,1.35,9.26,10.53,1.35,9.26,10.53,-0.265,0.595,-0.759,40.7,3994,0.005,1054,0.016,6,0.11,0.13,0.11,2,1.34,9.28,10.47,3,1.35,9.23,10.54,0.30,0.30,0.30,1.33,9.22,10.54,0.1,0
fix,95950,1,1,1.24,9.27,10.67,1.24,9.27,10.67,-0.263,0.611,-0.747,41.7,4089,0.007,1234,0.022,7,0.15,0.17,0.15,1,1.29,9.19,10.68,3,1.21,9.37,10.68,0.30,0.30,0.30,1.29,9.26,10.68,0.3,0
fix,96000,1,1,1.06,9.43,10.99,1.06,9.43,10.99,-0.249,0.602,-0.758,40.7,4417,0.005,1552,0.016,6,0.11,0.13,0.11,1,1.03,9.49,10.97,3,1.01,9.48,11.12,0.30,0.30,0.30,1.24,9.27,11.12,0.1,0
fix,96049,1,1,1.30,9.16,10.65,1.30,9.16,10.65,-0.258,0.614,-0.746,41.8,4022,0.006,1250,0.018,5,0.12,0.15,0.13,3,1.34,9.10,10.66,3,1.41,9.12,10.53,0.30,0.30,0.30,1.20,9.31,10.53,0.2,0
fix,96097,1,1,1.27,9.30,10.70,1.27,9.30,10.70,-0.258,0.594,-0.762,40.4,4200,0.008,1255,0.023,6,0.16,0.19,0.16,2,1.24,9.37,10.69,3,1.27,9.27,10.72,0.30,0.30,0.30,1.25,9.26,10.72,0.1,0
fix,96146,1,1,1.27,9.20,11.05,1.27,9.20,11.05,-0.255,0.621,-0.741,42.2,4420,0.007,1739,0.020,5,0.14,0.16,0.14,3,1.20,9.30,11.10,3,1.35,9.05,11.08,0.30,0.30,0.30,1.28,9.21,11.08,0.1,0
fix,96198,1,1,1.17,9.30,10.92,1.17,9.30,10.92,-0.257,0.624,-0.738,42.5,4305,0.006,1555,0.017,6,0.12,0.13,0.12,2,1.18,9.18,11.01,3,1.17,9.48,10.79,0.30,0.30,0.30,1.24,9.26,10.79,0.2,0
fix,96247,1,1,1.13,9.14,11.02,1.13,9.14,11.02,-0.252,0.631,-0.734,42.8,4277,0.006,1288,0.017,5,0.12,0.14,0.12,3,1.13,9.14,11.06,3,1.09,9.12,11.06,0.30,0.30,0.30,1.20,9.22,11.06,0.2,0
fix,96298,1,1,1.07,9.29,11.00,1.07,9.29,11.00,-0.251,0.621,-0.743,42.0,4327,0.006,1602,0.019,5,0.13,0.15,0.13,3,1.09,9.28,11.03,3,0.96,9.40,11.03,0.30,0.30,0.30,1.15,9.21,11.03,0.3,0
fix,96348,1,1,1.24,8.86,11.01,1.24,8.86,11.01,-0.258,0.660,-0.706,45.1,4080,0.007,1441,0.021,6,0.15,0.17,0.15,2,1.27,8.66,11.03,3,1.20,9.00,11.04,0.30,0.30,0.30,1.18,9.17,11.04,0.2,0
fix,96397,1,1,1.18,9.06,10.83,1.18,9.06,10.83,-0.254,0.608,-0.752,41.2,4113,0.007,1108,0.020,5,0.14,0.16,0.14,3,1.17,9.21,10.72,3,1.11,9.01,10.93,0.30,0.30,0.30,1.20,8.94,10.93,0.2,0
fix,96447,1,1,1.16,9.21,10.87,1.16,9.21,10.87,-0.252,0.627,-0.738,42.5,4216,0.005,1136,0.015,6,0.11,0.12,0.11,1,1.15,9.11,10.94,3,1.21,9.21,10.82,0.30,0.30,0.30,1.19,9.14,10.82,0.3,0
fix,96496,1,1,1.07,9.33,10.86,1.07,9.33,10.86,-0.246,0.603,-0.759,40.7,4276,0.006,1086,0.017,6,0.12,0.14,0.12,1,1.02,9.37,10.85,3,1.08,9.36,10.85,0.30,0.30,0.30,1.17,9.19,10.85,0.2,0
fix,96546,1,1,1.27,9.06,10.82,1.27,9.06,10.82,-0.252,0.637,-0.729,43.2,4117,0.006,1443,0.019,6,0.13,0.16,0.14,2,1.26,8.93,10.88,3,1.24,9.19,10.81,0.30,0.30,0.30,1.20,9.20,10.81,0.2,0
fix,96601,1,1,1.09,9.35,10.77,1.09,9.35,10.77,-0.258,0.586,-0.768,39.8,4226,0.007,1569,0.022,7,0.15,0.18,0.15,1,1.04,9.49,10.70,3,1.09,9.24,10.86,0.30,0.30,0.30,1.19,9.19,10.86,0.2,0
fix,96649,1,1,1.21,9.19,10.86,1.21,9.19,10.86,-0.247,0.622,-0.743,42.0,4185,0.006,1244,0.019,6,0.13,0.15,0.13,2,1.32,9.17,10.87,3,1.15,9.14,10.92,0.30,0.30,0.30,1.13,9.25,10.92,0.1,0
fix,96698,1,1,1.15,9.23,10.91,1.15,9.23,10.91,-0.255,0.615,-0.746,41.7,4231,0.007,1242,0.021,6,0.14,0.17,0.14,2,1.19,9.26,10.89,3,1.14,9.12,10.96,0.30,0.30,0.30,1.13,9.24,10.96,0.5,0
fix,96749,1,1,1.20,9.25,10.85,1.20,9.25,10.85,-0.254,0.610,-0.751,41.4,4148,0.008,1554,0.023,6,0.16,0.18,0.16,2,1.19,9.22,10.77,3,1.18,9.29,10.96,0.30,0.30,0.30,1.17,9.25,10.96,0.1,0
fix,96798,1,1,1.18,9.54,10.68,1.18,9.54,10.68,-0.255,0.581,-0.773,39.4,4319,0.006,1652,0.017,6,0.12,0.14,0.12,2,1.13,9.69,10.74,3,1.24,9.47,10.61,0.30,0.30,0.30,1.19,9.29,10.61,0.2,0
fix,96848,1,1,1.02,9.43,10.85,1.02,9.43,10.85,-0.264,0.601,-0.755,41.0,4206,0.008,1529,0.023,6,0.16,0.19,0.16,2,1.09,9.36,10.80,3,0.90,9.50,10.88,0.30,0.30,0.30,1.11,9.44,10.88,0.1,0
fix,96900,1,1,1.15,9.15,10.84,1.15,9.15,10.84,-0.253,0.617,-0.745,41.8,4087,0.006,1553,0.019,5,0.13,0.15,0.13,2,1.18,9.09,10.75,3,1.11,9.17,10.91,0.30,0.30,0.30,1.11,9.35,10.91,0.4,0
fix,96948,1,1,0.98,9.46,11.04,0.98,9.46,11.04,-0.248,0.604,-0.757,40.8,4461,0.005,1265,0.016,6,0.11,0.13,0.11,2,0.93,9.51,11.06,3,0.97,9.44,11.09,0.30,0.30,0.30,1.09,9.35,11.09,0.1,0
fix,96998,1,1,1.00,9.30,11.06,1.00,9.30,11.06,-0.252,0.622,-0.741,42.1,4437,0.008,1262,0.026,7,0.18,0.21,0.18,1,0.98,9.30,11.13,3,1.03,9.27,10.98,0.30,0.30,0.30,1.04,9.36,10.98,0.3,0
fix,97045,1,1,1.20,9.30,10.82,1.20,9.30,10.82,-0.262,0.606,-0.751,41.3,4230,0.007,1095,0.022,6,0.15,0.18,0.15,1,1.18,9.33,10.80,3,1.26,9.29,10.80,0.30,0.30,0.30,1.08,9.34,10.80,0.2,0
fix,97100,1,1,1.13,9.53,10.90,1.13,9.53,10.90,-0.250,0.602,-0.758,40.7,4350,0.007,1585,0.021,5,0.15,0.17,0.15,3,1.17,9.49,10.94,3,1.04,9.63,10.93,0.30,0.30,0.30,1.10,9.41,10.93,0.1,0
fix,97150,1,1,0.94,9.46,10.77,0.94,9.46,10.77,-0.241,0.585,-0.774,39.3,4320,0.008,1248,0.026,6,0.18,0.21,0.18,2,0.84,9.55,10.78,3,0.91,9.43,10.74,0.30,0.30,0.30,1.13,9.39,10.74,0.4,0
fix,97198,1,1,1.19,9.36,10.64,1.19,9.36,10.64,-0.262,0.591,-0.763,40.3,4022,0.006,1258,0.018,5,0.12,0.14,0.12,3,1.35,9.32,10.52,3,1.17,9.39,10.65,0.30,0.30,0.30,1.04,9.41,10.65,0.2,0
fix,97249,1,1,1.27,9.25,10.76,1.27,9.25,10.76,-0.251,0.599,-0.760,40.5,4089,0.009,1562,0.028,6,0.19,0.23,0.19,1,1.25,9.30,10.60,3,1.28,9.21,10.94,0.30,0.30,0.30,1.17,9.32,10.94,0.1,0
fix,97298,1,1,1.29,9.28,10.68,1.29,9.28,10.68,-0.261,0.600,-0.756,40.9,4131,0.007,1233,0.022,6,0.15,0.18,0.15,2,1.33,9.32,10.65,3,1.29,9.22,10.76,0.30,0.30,0.30,1.19,9.28,10.76,0.2,0
fix,97345,1,1,1.24,9.30,10.72,1.24,9.30,10.72,-0.253,0.611,-0.750,41.4,4137,0.009,1253,0.028,6,0.19,0.23,0.19,2,1.28,9.26,10.75,3,1.21,9.28,10.72,0.30,0.30,0.30,1.21,9.33,10.72,0.3,0
fix,97398,1,1,1.00,9.53,10.98,1.00,9.53,10.98,-0.250,0.603,-0.757,40.8,4541,0.009,1602,0.026,6,0.19,0.21,0.18,2,0.88,9.56,11.10,3,1.06,9.55,10.94,0.30,0.30,0.30,1.21,9.38,10.94,0.1,0
fix,97448,1,1,1.19,8.88,11.02,1.19,8.88,11.02,-0.252,0.655,-0.713,44.5,4185,0.008,1284,0.024,5,0.17,0.19,0.17,3,1.20,8.84,11.13,3,1.27,8.78,10.92,0.30,0.30,0.30,1.16,9.21,10.92,0.4,0
fix,97496,1,1,1.24,9.21,10.72,1.24,9.21,10.72,-0.254,0.607,-0.753,41.1,4035,0.007,1434,0.022,5,0.15,0.18,0.15,3,1.25,9.18,10.63,3,1.25,9.24,10.72,0.30,0.30,0.30,1.18,9.20,10.72,0.3,0
fix,97546,1,1,1.08,9.35,10.93,1.08,9.35,10.93,-0.257,0.606,-0.753,41.1,4282,0.004,1134,0.012,5,0.09,0.11,0.09,3,1.06,9.41,10.93,3,1.03,9.36,11.04,0.30,0.30,0.30,1.18,9.21,11.04,0.2,0
fix,97597,1,1,1.25,9.28,10.80,1.25,9.28,10.80,-0.256,0.610,-0.750,41.5,4183,0.006,1042,0.017,5,0.11,0.13,0.11,3,1.30,9.26,10.78,3,1.23,9.32,10.81,0.30,0.30,0.30,1.17,9.24,10.81,0.2,0
fix,97646,1,1,1.19,9.16,11.03,1.19,9.16,11.03,-0.247,0.629,-0.737,42.5,4335,0.007,1052,0.021,5,0.15,0.17,0.15,3,1.16,9.20,11.06,3,1.22,9.12,11.03,0.30,0.30,0.30,1.21,9.21,11.03,0.1,0
fix,97701,1,1,1.10,9.50,10.81,1.10,9.50,10.81,-0.247,0.589,-0.770,39.7,4336,0.007,1267,0.020,7,0.14,0.16,0.13,0,1.06,9.57,10.77,3,1.12,9.47,10.81,0.30,0.30,0.30,1.20,9.29,10.81,0.4,0
fix,97749,1,1,1.24,9.18,10.79,1.24,9.18,10.79,-0.249,0.624,-0.741,42.2,4110,0.006,1246,0.017,5,0.12,0.14,0.12,3,1.29,9.08,10.85,3,1.22,9.20,10.77,0.30,0.30,0.30,1.18,9.33,10.77,0.2,0
fix,97796,1,1,1.31,9.02,11.09,1.31,9.02,11.09,-0.259,0.642,-0.721,43.8,4276,0.006,1286,0.017,5,0.12,0.14,0.12,3,1.27,8.99,11.11,3,1.32,9.09,11.09,0.30,0.30,0.30,1.26,9.19,11.09,0.2,0
fix,97848,1,1,1.17,9.52,10.68,1.17,9.52,10.68,-0.252,0.579,-0.776,39.1,4247,0.007,1295,0.020,5,0.14,0.16,0.14,3,1.14,9.64,10.64,3,1.21,9.44,10.60,0.30,0.30,0.30,1.23,9.25,10.60,0.1,0
fix,97897,1,1,1.28,9.40,10.59,1.28,9.40,10.59,-0.259,0.598,-0.758,40.7,4064,0.007,1448,0.022,5,0.15,0.18,0.15,2,1.36,9.31,10.58,3,1.21,9.47,10.58,0.30,0.30,0.30,1.22,9.41,10.58,0.3,0
fix,97946,1,1,1.30,9.50,10.50,1.30,9.50,10.50,-0.267,0.565,-0.781,38.7,4125,0.008,1075,0.025,6,0.16,0.20,0.17,1,1.29,9.60,10.42,3,1.29,9.51,10.49,0.30,0.30,0.30,1.26,9.36,10.49,0.2,0
fix,97997,1,1,1.39,9.11,10.73,1.39,9.11,10.73,-0.260,0.630,-0.731,43.0,4076,0.005,1371,0.016,5,0.11,0.13,0.11,2,1.47,9.02,10.78,3,1.38,8.97,10.77,0.30,0.30,0.30,1.27,9.38,10.77,0.2,0
fix,98048,1,1,1.18,9.36,10.70,1.18,9.36,10.70,-0.251,0.594,-0.765,40.1,4340,0.005,1597,0.015,6,0.10,0.12,0.10,1,1.09,9.49,10.78,3,1.21,9.24,10.61,0.30,0.30,0.30,1.31,9.30,10.61,0.0,0
fix,98100,1,1,1.17,9.27,10.79,1.17,9.27,10.79,-0.265,0.616,-0.742,42.1,4147,0.005,1264,0.016,5,0.11,0.13,0.11,2,1.24,9.16,10.80,3,1.13,9.30,10.73,0.30,0.30,0.30,1.19,9.36,10.73,0.3,0
fix,98149,1,1,1.20,9.04,10.80,1.20,9.04,10.80,-0.254,0.631,-0.733,42.9,4191,0.006,1551,0.019,7,0.14,0.16,0.14,1,1.16,9.02,10.94,3,1.22,9.04,10.62,0.30,0.30,0.30,1.22,9.21,10.62,0.2,0
fix,98197,1,1,1.18,9.34,10.85,1.18,9.34,10.85,-0.249,0.604,-0.757,40.8,4283,0.006,1271,0.019,6,0.13,0.15,0.13,2,1.15,9.43,10.89,3,1.21,9.33,10.82,0.30,0.30,0.30,1.22,9.19,10.82,0.1,0
fix,98248,1,1,1.09,9.46,10.84,1.09,9.46,10.84,-0.258,0.599,-0.758,40.7,4299,0.005,1261,0.015,6,0.11,0.12,0.11,2,1.03,9.49,10.89,3,1.12,9.46,10.82,0.30,0.30,0.30,1.20,9.28,10.82,0.3,0
fix,98296,1,1,1.16,9.44,10.53,1.16,9.44,10.53,-0.260,0.586,-0.767,39.9,4028,0.007,1127,0.022,6,0.15,0.18,0.15,2,1.19,9.40,10.50,3,1.21,9.43,10.44,0.30,0.30,0.30,1.13,9.43,10.44,0.2,0
fix,98347,1,1,1.13,9.46,10.77,1.13,9.46,10.77,-0.252,0.593,-0.765,40.1,4315,0.009,1382,0.026,7,0.18,0.21,0.18,0,1.10,9.50,10.81,3,1.13,9.45,10.75,0.30,0.30,0.30,1.17,9.41,10.75,0.1,0
fix,98397,1,1,1.21,9.54,10.52,1.21,9.54,10.52,-0.259,0.583,-0.770,39.6,4153,0.006,1397,0.019,6,0.13,0.15,0.13,2,1.17,9.54,10.58,3,1.28,9.57,10.41,0.30,0.30,0.30,1.17,9.50,10.41,0.1,0
fix,98447,1,1,1.33,9.29,10.66,1.33,9.29,10.66,-0.261,0.613,-0.746,41.8,4066,0.007,1113,0.022,6,0.14,0.17,0.15,1,1.40,9.20,10.66,3,1.34,9.27,10.68,0.30,0.30,0.30,1.18,9.48,10.68,0.1,0
fix,98496,1,1,1.27,9.52,10.53,1.27,9.52,10.53,-0.269,0.597,-0.756,40.9,4030,0.011,1379,0.032,6,0.21,0.26,0.22,2,1.34,9.30,10.55,3,1.21,9.75,10.49,0.30,0.30,0.30,1.20,9.64,10.49,0.4,0
fix,98551,1,1,1.16,9.41,10.64,1.16,9.41,10.64,-0.255,0.592,-0.765,40.1,4263,0.005,1259,0.016,6,0.11,0.13,0.11,2,1.06,9.49,10.75,3,1.19,9.39,10.67,0.30,0.30,0.30,1.27,9.47,10.67,0.1,0
fix,98599,1,1,1.18,9.54,10.70,1.18,9.54,10.70,-0.259,0.582,-0.771,39.6,4279,0.006,1254,0.020,5,0.13,0.16,0.13,2,1.17,9.63,10.71,3,1.25,9.44,10.65,0.30,0.30,0.30,1.21,9.46,10.65,0.2,0
fix,98647,1,1,1.20,9.18,10.84,1.20,9.18,10.84,-0.255,0.633,-0.731,43.0,4133,0.006,1729,0.019,6,0.13,0.15,0.13,2,1.32,9.00,10.89,3,1.21,9.21,10.77,0.30,0.30,0.30,1.15,9.46,10.77,0.1,0
fix,98695,1,1,1.23,9.23,10.75,1.23,9.23,10.75,-0.251,0.608,-0.754,41.1,4143,0.006,1240,0.017,6,0.12,0.14,0.12,1,1.24,9.27,10.73,3,1.24,9.24,10.72,0.30,0.30,0.30,1.17,9.25,10.72,0.1,0
fix,98749,1,1,1.11,9.37,10.77,1.11,9.37,10.77,-0.250,0.602,-0.759,40.7,4267,0.005,1266,0.015,6,0.10,0.12,0.10,1,1.10,9.35,10.82,3,1.10,9.39,10.73,0.30,0.30,0.30,1.17,9.32,10.73,0.3,0
fix,98795,1,1,1.24,9.18,10.74,1.24,9.18,10.74,-0.261,0.630,-0.731,43.0,3945,0.007,1195,0.017,4,0.16,0.19,0.17,2,1.42,8.90,10.68,3,1.05,9.42,10.88,0.30,0.30,0.30,1.12,9.38,10.88,0.0,0
fix,98847,1,1,1.23,9.08,10.70,1.23,9.08,10.70,-0.262,0.615,-0.744,41.9,4079,0.007,1461,0.022,6,0.15,0.18,0.15,2,1.18,9.11,10.72,3,1.27,9.05,10.64,0.30,0.30,0.30,1.19,9.18,10.64,0.2,0
fix,98897,1,1,0.98,9.38,10.89,0.98,9.38,10.89,-0.240,0.599,-0.764,40.2,4435,0.007,1771,0.020,6,0.15,0.17,0.14,2,0.91,9.49,10.97,3,0.94,9.37,10.83,0.30,0.30,0.30,1.17,9.19,10.83,0.2,0
fix,98948,1,1,1.27,9.26,10.60,1.27,9.26,10.60,-0.259,0.606,-0.752,41.2,3988,0.009,1400,0.027,6,0.18,0.22,0.18,2,1.32,9.14,10.53,3,1.27,9.38,10.55,0.30,0.30,0.30,1.15,9.28,10.55,0.1,0
fix,98998,1,1,1.21,9.47,10.82,1.21,9.47,10.82,-0.250,0.593,-0.765,40.0,4402,0.008,1107,0.024,6,0.16,0.19,0.16,2,1.16,9.59,10.86,3,1.20,9.56,10.80,0.30,0.30,0.30,1.22,9.23,10.80,0.0,0
fix,99047,1,1,1.35,9.06,10.80,1.35,9.06,10.80,-0.261,0.636,-0.727,43.4,4020,0.008,1571,0.025,6,0.17,0.20,0.17,2,1.43,8.89,10.80,3,1.27,9.12,10.83,0.30,0.30,0.30,1.24,9.32,10.83,0.3,0
fix,99097,1,1,1.12,9.49,10.91,1.12,9.49,10.91,-0.257,0.598,-0.759,40.6,4437,0.005,1574,0.016,5,0.11,0.12,0.11,3,1.04,9.56,11.00,3,1.14,9.47,10.85,0.30,0.30,0.30,1.25,9.33,10.85,0.1,0
fix,99147,1,1,0.70,8.69,10.95,0.70,8.69,10.95,-0.255,0.602,-0.757,40.8,4327,0.007,1681,0.022,5,0.15,0.18,0.15,3,1.17,9.46,10.89,3,1.21,9.32,10.85,0.74,0.74,0.74,1.23,9.40,10.85,0.5,0
fix,99197,1,1,1.07,9.59,10.79,1.07,9.59,10.79,-0.260,0.588,-0.765,40.1,4372,0.006,1059,0.019,6,0.13,0.15,0.13,2,1.14,9.59,10.84,3,1.00,9.64,10.74,0.30,0.30,0.30,1.14,9.55,10.74,0.1,0
fix,99247,1,1,1.11,9.64,10.87,1.11,9.64,10.87,-0.250,0.597,-0.762,40.4,4400,0.008,1052,0.024,6,0.17,0.19,0.16,2,1.12,9.60,10.92,3,1.08,9.67,10.81,0.30,0.30,0.30,1.13,9.66,10.81,0.4,0
fix,99296,1,1,1.23,9.30,10.83,1.23,9.30,10.83,-0.250,0.621,-0.743,42.0,4153,0.006,1108,0.019,5,0.13,0.15,0.13,3,1.27,9.22,10.84,3,1.20,9.31,10.79,0.30,0.30,0.30,1.15,9.54,10.79,0.3,0
fix,99351,1,1,1.23,9.19,10.85,1.23,9.19,10.85,-0.256,0.622,-0.740,42.3,4200,0.006,1254,0.017,5,0.11,0.13,0.12,3,1.26,9.17,10.88,3,1.22,9.16,10.84,0.30,0.30,0.30,1.16,9.37,10.84,0.2,0
fix,99400,1,1,1.13,9.47,10.66,1.13,9.47,10.66,-0.253,0.589,-0.768,39.8,4191,0.006,1303,0.017,6,0.12,0.14,0.12,2,1.12,9.47,10.66,3,1.12,9.51,10.58,0.30,0.30,0.30,1.17,9.39,10.58,0.2,0
fix,99449,1,1,1.22,9.39,10.65,1.22,9.39,10.65,-0.264,0.595,-0.759,40.6,4087,0.008,1265,0.026,5,0.17,0.20,0.17,3,1.27,9.35,10.60,3,1.25,9.40,10.65,0.30,0.30,0.30,1.15,9.41,10.65,0.1,0
fix,99499,1,1,1.18,9.37,10.66,1.18,9.37,10.66,-0.260,0.599,-0.757,40.8,4113,0.008,1564,0.023,7,0.15,0.18,0.16,1,1.26,9.31,10.64,3,1.12,9.39,10.71,0.30,0.30,0.30,1.14,9.42,10.71,0.3,0
fix,99548,1,1,1.19,9.36,10.78,1.19,9.36,10.78,-0.256,0.603,-0.756,40.9,4285,0.008,1243,0.025,6,0.17,0.20,0.17,2,1.19,9.40,10.82,3,1.19,9.29,10.83,0.30,0.30,0.30,1.16,9.39,10.83,0.4,0
fix,99600,1,1,1.34,8.99,10.73,1.34,8.99,10.73,-0.255,0.642,-0.723,43.7,3978,0.004,1250,0.013,5,0.09,0.11,0.09,2,1.38,8.82,10.77,3,1.41,8.95,10.70,0.30,0.30,0.30,1.19,9.35,10.70,0.5,0
fix,99648,1,1,1.12,9.42,10.89,1.12,9.42,10.89,-0.251,0.599,-0.760,40.5,4354,0.007,1246,0.020,5,0.14,0.16,0.14,3,1.13,9.51,10.88,3,1.03,9.53,10.95,0.30,0.30,0.30,1.20,9.23,10.95,0.4,0
fix,99698,1,1,1.18,9.49,10.90,1.18,9.49,10.90,-0.257,0.604,-0.754,41.0,4350,0.008,1253,0.026,6,0.18,0.20,0.18,2,1.18,9.49,10.91,3,1.20,9.54,10.89,0.30,0.30,0.30,1.18,9.32,10.89,0.2,0
fix,99750,1,1,0.98,9.41,10.82,0.98,9.41,10.82,-0.246,0.598,-0.763,40.3,4292,0.006,1246,0.019,6,0.13,0.15,0.13,2,0.88,9.41,10.83,3,0.99,9.41,10.79,0.30,0.30,0.30,1.17,9.37,10.79,0.2,0
fix,99797,1,1,1.28,9.54,10.49,1.28,9.54,10.49,-0.268,0.573,-0.774,39.3,4045,0.009,1238,0.026,6,0.17,0.21,0.17,2,1.34,9.51,10.39,3,1.33,9.54,10.47,0.30,0.30,0.30,1.13,9.49,10.47,0.1,0
fix,99847,1,1,1.11,9.22,10.83,1.11,9.22,10.83,-0.257,0.617,-0.744,41.9,4135,0.006,1261,0.018,6,0.13,0.15,0.13,1,1.10,9.14,10.84,3,1.10,9.19,10.89,0.30,0.30,0.30,1.14,9.45,10.89,0.4,0
fix,99896,1,1,1.21,9.24,10.66,1.21,9.24,10.66,-0.255,0.605,-0.755,41.0,4120,0.005,1254,0.017,5,0.12,0.14,0.12,3,1.19,9.28,10.74,3,1.22,9.25,10.62,0.30,0.30,0.30,1.17,9.30,10.62,0.4,0
fix,99947,1,1,1.20,9.01,11.04,1.20,9.01,11.04,-0.253,0.646,-0.720,44.0,4217,0.009,1568,0.027,6,0.19,0.21,0.19,2,1.25,8.95,11.09,3,1.11,9.05,11.06,0.30,0.30,0.30,1.18,9.16,11.06,0.1,0
fix,99998,1,1,1.12,9.17,10.84,1.12,9.17,10.84,-0.257,0.610,-0.750,41.4,4184,0.006,1252,0.019,6,0.13,0.15,0.13,2,1.08,9.27,10.80,3,1.06,9.12,10.88,0.30,0.30,0.30,1.21,9.06,10.88,0.2,0
fix,100048,1,1,1.17,9.37,10.70,1.17,9.37,10.70,-0.257,0.602,-0.756,40.9,4056,0.007,1520,0.023,6,0.16,0.18,0.16,2,1.19,9.30,10.64,3,1.15,9.45,10.73,0.30,0.30,0.30,1.19,9.23,10.73,0.1,0
fix,100098,1,1,1.18,9.25,10.71,1.18,9.25,10.71,-0.253,0.613,-0.749,41.5,4063,0.006,1566,0.017,5,0.12,0.14,0.12,3,1.19,9.17,10.74,3,1.14,9.39,10.72,0.30,0.30,0.30,1.20,9.26,10.72,0.2,0
fix,100148,1,1,1.29,9.10,10.78,1.29,9.10,10.78,-0.252,0.631,-0.734,42.8,4089,0.008,1276,0.024,5,0.16,0.19,0.16,3,1.32,9.01,10.82,3,1.34,9.10,10.76,0.30,0.30,0.30,1.20,9.26,10.76,0.5,0
fix,100198,1,1,1.11,9.25,10.82,1.11,9.25,10.82,-0.251,0.615,-0.748,41.6,4188,0.005,1242,0.016,5,0.11,0.13,0.11,3,1.12,9.22,10.83,3,1.04,9.29,10.78,0.30,0.30,0.30,1.20,9.25,10.78,0.3,0
fix,100246,1,1,1.22,9.22,10.74,1.22,9.22,10.74,-0.260,0.602,-0.755,41.0,4124,0.006,1225,0.019,5,0.13,0.15,0.13,3,1.21,9.29,10.72,3,1.22,9.23,10.71,0.30,0.30,0.30,1.20,9.19,10.71,0.3,0
fix,100298,1,1,1.14,9.28,10.92,1.14,9.28,10.92,-0.260,0.603,-0.754,41.0,4351,0.010,1469,0.031,6,0.21,0.25,0.21,2,1.08,9.46,10.91,3,1.20,9.12,11.02,0.30,0.30,0.30,1.20,9.16,11.02,0.1,0
fix,100346,1,1,1.17,9.41,10.67,1.17,9.41,10.67,-0.258,0.603,-0.755,41.0,4269,0.008,1368,0.025,6,0.17,0.20,0.17,2,1.12,9.42,10.83,3,1.26,9.36,10.42,0.30,0.30,0.30,1.19,9.31,10.42,0.2,0
fix,100397,1,1,0.92,9.41,10.98,0.92,9.41,10.98,-0.243,0.597,-0.764,40.2,4330,0.005,1064,0.015,5,0.11,0.13,0.11,3,0.94,9.46,10.91,3,0.92,9.40,10.97,0.30,0.30,0.30,1.02,9.31,10.97,0.2,0
fix,100448,1,1,1.11,9.17,11.02,1.11,9.17,11.02,-0.264,0.620,-0.739,42.3,4220,0.007,1799,0.020,5,0.14,0.16,0.14,3,1.26,9.18,10.87,3,1.03,9.04,11.13,0.30,0.30,0.30,0.95,9.31,11.13,0.3,0
fix,100498,1,1,1.05,9.44,10.84,1.05,9.44,10.84,-0.252,0.597,-0.762,40.4,4268,0.007,1411,0.021,5,0.15,0.17,0.15,3,1.04,9.43,10.80,3,0.96,9.53,10.83,0.30,0.30,0.30,1.04,9.33,10.83,0.3,0
fix,100548,1,1,1.19,9.25,10.72,1.19,9.25,10.72,-0.248,0.610,-0.752,41.2,4153,0.006,1792,0.018,5,0.13,0.15,0.12,3,1.18,9.24,10.79,3,1.18,9.23,10.63,0.30,0.30,0.30,1.11,9.32,10.63,0.1,0
fix,100596,1,1,1.15,9.58,10.65,1.15,9.58,10.65,-0.258,0.574,-0.777,39.0,4254,0.006,1094,0.018,5,0.12,0.15,0.12,3,1.16,9.63,10.62,3,1.17,9.65,10.63,0.30,0.30,0.30,1.12,9.39,10.63,0.1,0
fix,100646,1,1,1.16,9.41,10.67,1.16,9.41,10.67,-0.258,0.589,-0.766,40.0,4225,0.010,1343,0.029,6,0.20,0.23,0.20,2,1.13,9.52,10.70,3,1.28,9.23,10.62,0.30,0.30,0.30,1.15,9.40,10.62,0.1,0
fix,100701,1,1,1.12,9.26,10.61,1.12,9.26,10.61,-0.255,0.606,-0.754,41.1,4027,0.007,1583,0.022,5,0.15,0.18,0.15,2,1.08,9.15,10.65,3,1.22,9.19,10.46,0.30,0.30,0.30,1.14,9.47,10.46,0.2,0
fix,100749,1,1,1.27,9.22,10.62,1.27,9.22,10.62,-0.255,0.605,-0.755,41.0,4118,0.007,1562,0.021,5,0.14,0.17,0.14,2,1.22,9.29,10.71,3,1.38,9.16,10.56,0.30,0.30,0.30,1.21,9.31,10.56,0.4,0
fix,100796,1,1,1.10,9.44,10.62,1.10,9.44,10.62,-0.263,0.589,-0.764,40.2,4195,0.006,1250,0.017,6,0.11,0.13,0.11,2,1.07,9.45,10.67,3,1.10,9.39,10.58,0.30,0.30,0.30,1.18,9.37,10.58,0.1,0
fix,100848,1,1,1.05,9.57,10.75,1.05,9.57,10.75,-0.265,0.585,-0.766,40.0,4254,0.009,1629,0.028,6,0.19,0.22,0.19,1,0.98,9.54,10.72,3,1.16,9.61,10.68,0.30,0.30,0.30,1.14,9.47,10.68,0.2,0
fix,100896,1,1,1.07,9.37,10.78,1.07,9.37,10.78,-0.259,0.605,-0.753,41.2,4247,0.007,1430,0.021,6,0.14,0.16,0.14,1,1.02,9.38,10.85,3,1.16,9.34,10.70,0.30,0.30,0.30,1.10,9.43,10.70,0.1,0
fix,100945,1,1,1.22,9.28,10.61,1.22,9.28,10.61,-0.255,0.590,-0.766,40.0,4033,0.006,1069,0.019,5,0.13,0.16,0.13,3,1.24,9.35,10.52,3,1.25,9.17,10.69,0.30,0.30,0.30,1.11,9.36,10.69,0.3,0
fix,100997,1,1,1.07,9.50,10.83,1.07,9.50,10.83,-0.248,0.596,-0.764,40.2,4282,0.007,1089,0.020,5,0.14,0.16,0.14,3,1.06,9.47,10.83,3,1.08,9.56,10.91,0.30,0.30,0.30,1.11,9.41,10.91,0.2,0
fix,101046,1,1,1.16,9.54,10.65,1.16,9.54,10.65,-0.261,0.587,-0.767,39.9,4201,0.005,1234,0.015,5,0.10,0.12,0.10,2,1.19,9.51,10.66,3,1.14,9.60,10.59,0.30,0.30,0.30,1.10,9.43,10.59,0.4,0
fix,101098,1,1,1.29,9.11,10.75,1.29,9.11,10.75,-0.254,0.621,-0.741,42.1,4090,0.008,1377,0.024,6,0.16,0.19,0.17,2,1.33,9.10,10.77,3,1.28,9.05,10.75,0.30,0.30,0.30,1.15,9.33,10.75,0.1,0
fix,101148,1,1,1.08,9.50,10.82,1.08,9.50,10.82,-0.248,0.591,-0.767,39.9,4414,0.006,1277,0.017,5,0.12,0.14,0.12,3,1.03,9.60,10.87,3,1.03,9.51,10.84,0.30,0.30,0.30,1.19,9.31,10.84,0.4,0
fix,101197,1,1,1.19,9.29,10.91,1.19,9.29,10.91,-0.248,0.628,-0.738,42.4,4316,0.008,1454,0.024,5,0.16,0.19,0.16,3,1.21,9.16,11.01,3,1.23,9.39,10.75,0.30,0.30,0.30,1.16,9.36,10.75,0.1,0
fix,101247,1,1,1.10,9.39,10.75,1.10,9.39,10.75,-0.257,0.580,-0.773,39.4,4212,0.006,1546,0.017,5,0.12,0.14,0.12,3,1.01,9.56,10.64,3,1.10,9.31,10.85,0.30,0.30,0.30,1.19,9.25,10.85,0.3,0
fix,101297,1,1,1.17,9.31,10.70,1.17,9.31,10.70,-0.258,0.594,-0.762,40.3,4139,0.008,1406,0.023,5,0.16,0.19,0.16,3,1.12,9.34,10.63,3,1.16,9.28,10.81,0.30,0.30,0.30,1.21,9.28,10.81,0.0,0
fix,101346,1,1,1.18,9.49,10.69,1.18,9.49,10.69,-0.257,0.580,-0.773,39.4,4328,0.007,1547,0.020,6,0.13,0.16,0.13,1,1.20,9.63,10.71,3,1.17,9.40,10.71,0.30,0.30,0.30,1.19,9.30,10.71,0.1,0
fix,101396,1,1,1.22,9.30,10.81,1.22,9.30,10.81,-0.259,0.602,-0.755,41.0,4165,0.008,1382,0.024,5,0.16,0.19,0.16,3,1.23,9.31,10.74,3,1.18,9.31,10.93,0.30,0.30,0.30,1.21,9.31,10.93,0.2,0
fix,101446,1,1,1.24,9.18,10.85,1.24,9.18,10.85,-0.253,0.613,-0.749,41.5,4208,0.007,1238,0.021,6,0.14,0.17,0.14,1,1.18,9.26,10.85,3,1.27,9.11,10.92,0.30,0.30,0.30,1.26,9.20,10.92,0.1,0
fix,101503,1,1,1.19,9.44,10.75,1.19,9.44,10.75,-0.245,0.603,-0.759,40.6,4227,0.005,1282,0.015,6,0.10,0.12,0.10,2,1.17,9.36,10.79,3,1.21,9.54,10.71,0.30,0.30,0.30,1.24,9.33,10.71,0.3,0
fix,101549,1,1,1.21,9.32,10.67,1.21,9.32,10.67,-0.258,0.596,-0.760,40.5,4110,0.005,1264,0.017,5,0.11,0.13,0.11,2,1.16,9.32,10.63,3,1.27,9.31,10.67,0.30,0.30,0.30,1.24,9.32,10.67,0.1,0
fix,101596,1,1,1.23,9.57,10.55,1.23,9.57,10.55,-0.261,0.575,-0.776,39.1,4161,0.007,1285,0.022,5,0.15,0.18,0.15,3,1.26,9.58,10.51,3,1.28,9.64,10.54,0.30,0.30,0.30,1.21,9.43,10.54,0.1,0
fix,101645,1,1,1.19,9.37,10.78,1.19,9.37,10.78,-0.267,0.609,-0.747,41.7,4202,0.006,1239,0.019,6,0.13,0.15,0.13,2,1.20,9.31,10.83,3,1.16,9.44,10.78,0.30,0.30,0.30,1.21,9.44,10.78,0.2,0
fix,101698,1,1,1.15,9.45,10.80,1.15,9.45,10.80,-0.261,0.602,-0.755,41.0,4300,0.006,1279,0.019,5,0.13,0.15,0.13,3,1.14,9.44,10.86,3,1.16,9.56,10.73,0.30,0.30,0.30,1.19,9.41,10.73,0.1,0
fix,101746,1,1,1.35,9.09,10.76,1.35,9.09,10.76,-0.260,0.616,-0.743,42.0,4041,0.008,1625,0.025,6,0.17,0.20,0.17,2,1.34,9.14,10.70,3,1.46,8.87,10.84,0.30,0.30,0.30,1.22,9.30,10.84,0.1,0
fix,101795,1,1,0.97,9.49,10.71,0.97,9.49,10.71,-0.254,0.591,-0.766,40.0,4184,0.007,1572,0.021,5,0.15,0.17,0.14,3,1.01,9.46,10.71,3,0.87,9.56,10.66,0.30,0.30,0.30,1.11,9.36,10.66,0.2,0
fix,101847,1,1,1.23,9.35,10.58,1.23,9.35,10.58,-0.259,0.588,-0.766,40.0,4052,0.007,1291,0.020,6,0.14,0.16,0.14,1,1.26,9.36,10.50,3,1.30,9.34,10.56,0.30,0.30,0.30,1.10,9.36,10.56,0.4,0
fix,101897,1,1,1.23,9.18,10.75,1.23,9.18,10.75,-0.258,0.621,-0.740,42.3,4199,0.006,1558,0.018,7,0.13,0.15,0.13,1,1.14,9.14,10.89,3,1.33,9.22,10.64,0.30,0.30,0.30,1.18,9.31,10.64,0.1,0
fix,101947,1,1,1.19,9.29,10.81,1.19,9.29,10.81,-0.258,0.609,-0.750,41.4,4182,0.007,1133,0.021,5,0.15,0.17,0.15,3,1.21,9.23,10.79,3,1.22,9.40,10.76,0.30,0.30,0.30,1.17,9.30,10.76,0.2,0
fix,101997,1,1,1.14,9.46,10.79,1.14,9.46,10.79,-0.245,0.587,-0.772,39.5,4285,0.005,1473,0.016,7,0.11,0.13,0.11,1,1.11,9.56,10.76,3,1.22,9.27,10.84,0.30,0.30,0.30,1.15,9.35,10.84,0.4,0
fix,102048,1,1,1.09,9.30,10.78,1.09,9.30,10.78,-0.256,0.608,-0.752,41.2,4133,0.008,1432,0.024,5,0.16,0.19,0.16,3,1.25,9.22,10.70,3,0.95,9.28,10.81,0.30,0.30,0.30,1.03,9.42,10.81,0.2,0
fix,102097,1,1,1.28,9.28,10.80,1.28,9.28,10.80,-0.261,0.617,-0.743,42.1,4178,0.006,1550,0.018,6,0.12,0.14,0.12,2,1.30,9.22,10.80,3,1.24,9.37,10.80,0.30,0.30,0.30,1.14,9.36,10.80,0.2,0
fix,102146,1,1,1.12,9.26,10.89,1.12,9.26,10.89,-0.257,0.604,-0.754,41.0,4228,0.008,1404,0.025,7,0.18,0.20,0.17,1,1.10,9.34,10.84,3,1.04,9.28,10.96,0.30,0.30,0.30,1.17,9.22,10.96,0.4,0
fix,102197,1,1,1.31,9.22,10.62,1.31,9.22,10.62,-0.259,0.599,-0.758,40.7,4057,0.007,1094,0.022,5,0.15,0.18,0.15,3,1.30,9.28,10.59,3,1.38,9.17,10.62,0.30,0.30,0.30,1.23,9.20,10.62,0.2,0
fix,102246,1,1,1.18,9.37,10.77,1.18,9.37,10.77,-0.251,0.610,-0.752,41.3,4202,0.008,1072,0.024,6,0.16,0.19,0.16,2,1.20,9.24,10.81,3,1.15,9.53,10.73,0.30,0.30,0.30,1.21,9.32,10.73,0.4,0
fix,102297,1,1,1.33,9.19,10.91,1.33,9.19,10.91,-0.251,0.614,-0.748,41.6,4342,0.012,1822,0.036,7,0.25,0.29,0.25,1,1.24,9.34,10.97,3,1.50,9.00,10.84,0.30,0.30,0.30,1.31,9.21,10.84,0.2,0
fix,102347,1,1,1.26,9.23,10.71,1.26,9.23,10.71,-0.261,0.612,-0.747,41.7,4104,0.006,1065,0.018,6,0.12,0.15,0.13,2,1.24,9.14,10.73,3,1.28,9.25,10.67,0.30,0.30,0.30,1.28,9.29,10.67,0.1,0
fix,102396,1,1,1.19,9.47,10.67,1.19,9.47,10.67,-0.243,0.586,-0.773,39.4,4166,0.006,1043,0.018,6,0.12,0.15,0.12,2,1.20,9.52,10.61,3,1.16,9.54,10.71,0.30,0.30,0.30,1.25,9.30,10.71,0.1,0
fix,102447,1,1,1.17,9.22,10.56,1.17,9.22,10.56,-0.260,0.588,-0.766,40.0,3919,0.007,1387,0.021,6,0.14,0.17,0.14,2,1.20,9.22,10.42,3,1.09,9.16,10.71,0.30,0.30,0.30,1.22,9.31,10.71,0.2,0
fix,102496,1,1,1.20,9.54,10.52,1.20,9.54,10.52,-0.259,0.576,-0.775,39.2,4221,0.006,1053,0.019,6,0.13,0.16,0.13,2,1.20,9.61,10.56,3,1.21,9.57,10.48,0.30,0.30,0.30,1.21,9.34,10.48,0.3,0
fix,102550,1,1,1.17,9.41,10.74,1.17,9.41,10.74,-0.256,0.597,-0.760,40.5,4238,0.00