ag,81550,-0.011,0.069,-0.103,0.041,0.069,-0.096,0.079,0.107,-0.090,0.098,0.108,-0.037,0.015,0.019,-0.126,0.018,-0.006,-0.124,0.049,0.006,-0.127,0.038,0.055,-0.100
mag,81632,-0.030,0.084,-0.093,0.014,0.028,-0.128,0.020,0.115,-0.100,0.057,0.098,-0.074,-0.007,-0.003,-0.106,0.001,0.018,-0.134,0.034,-0.038,-0.115,0.031,0.033,-0.115
mag,81709,-0.030,0.094,-0.125,0.026,0.137,-0.167,0.042,0.115,-0.122,0.052,0.123,-0.079,-0.027,-0.020,-0.123,0.018,0.001,-0.141,0.024,-0.007,-0.132,0.067,-0.006,-0.129
mag,81788,-0.084,0.079,-0.123,-0.020,0.091,-0.143,0.032,0.090,-0.114,0.047,0.062,-0.101,-0.029,-0.010,-0.143,-0.011,-0.016,-0.141,0.034,0.003,-0.135,0.048,-0.006,-0.098
mag,81869,-0.003,0.042,-0.152,0.019,0.045,-0.162,0.067,0.037,-0.124,0.086,0.057,-0.123,-0.002,-0.010,-0.140,0.016,-0.074,-0.153,0.056,-0.053,-0.137,0.050,-0.032,-0.100
mag,81949,-0.069,0.047,-0.174,0.004,0.079,-0.204,0.052,0.066,-0.168,0.067,0.040,-0.125,-0.054,-0.054,-0.170,0.013,-0.035,-0.180,0.056,-0.048,-0.147,0.099,-0.032,-0.134
mag,82029,-0.082,0.074,-0.201,-0.023,0.086,-0.231,0.086,0.071,-0.188,0.098,0.047,-0.147,-0.075,-0.061,-0.187,0.003,-0.074,-0.222,0.083,-0.060,-0.198,0.079,-0.057,-0.163
mag,82098,-0.128,0.106,-0.277,0.016,0.113,-0.321,0.147,0.105,-0.271,0.152,0.084,-0.198,-0.107,-0.125,-0.243,-0.001,-0.143,-0.280,0.112,-0.092,-0.247,0.133,-0.096,-0.163
mag,82171,-0.182,0.111,-0.240,-0.059,0.128,-0.350,0.106,0.122,-0.312,0.162,0.094,-0.254,-0.122,-0.125,-0.231,-0.077,-0.123,-0.297,0.083,-0.129,-0.313,0.123,-0.098,-0.212
mag,82240,-0.169,0.082,-0.260,-0.081,0.159,-0.372,0.120,0.120,-0.366,0.169,0.130,-0.264,-0.156,-0.117,-0.233,-0.075,-0.172,-0.319,0.083,-0.180,-0.345,0.123,-0.142,-0.237
mag,82314,-0.196,0.108,-0.238,-0.094,0.186,-0.355,0.098,0.207,-0.339,0.152,0.147,-0.254,-0.129,-0.117,-0.265,-0.131,-0.165,-0.331,0.046,-0.165,-0.359,0.155,-0.152,-0.254
mag,82379,-0.206,0.111,-0.247,-0.098,0.201,-0.350,0.084,0.210,-0.351,0.176,0.138,-0.252,-0.156,-0.108,-0.245,-0.116,-0.179,-0.363,0.088,-0.182,-0.376,0.162,-0.155,-0.276
mag,82452,-0.211,0.135,-0.238,-0.106,0.218,-0.355,0.089,0.203,-0.380,0.206,0.155,-0.259,-0.227,-0.142,-0.285,-0.141,-0.245,-0.375,0.066,-0.219,-0.432,0.199,-0.177,-0.293
mag,82526,-0.209,0.147,-0.242,-0.142,0.247,-0.336,0.054,0.261,-0.395,0.237,0.182,-0.271,-0.229,-0.132,-0.280,-0.197,-0.245,-0.454,0.107,-0.241,-0.513,0.211,-0.162,-0.322
mag,82592,-0.235,0.187,-0.238,-0.135,0.313,-0.362,0.120,0.342,-0.385,0.233,0.196,-0.269,-0.271,-0.144,-0.280,-0.224,-0.243,-0.497,0.117,-0.317,-0.586,0.275,-0.201,-0.376
mag,82663,-0.255,0.179,-0.260,-0.125,0.296,-0.367,0.128,0.325,-0.405,0.250,0.235,-0.274,-0.242,-0.137,-0.282,-0.255,-0.223,-0.488,0.142,-0.275,-0.557,0.255,-0.211,-0.359
mag,82727,-0.233,0.160,-0.247,-0.172,0.306,-0.397,0.115,0.366,-0.451,0.233,0.221,-0.301,-0.278,-0.166,-0.294,-0.219,-0.260,-0.468,0.124,-0.329,-0.554,0.238,-0.260,-0.344
mag,82798,-0.289,0.201,-0.230,-0.179,0.313,-0.409,0.145,0.352,-0.432,0.237,0.257,-0.298,-0.285,-0.164,-0.309,-0.258,-0.306,-0.500,0.176,-0.358,-0.618,0.263,-0.220,-0.383
mag,82878,-0.282,0.187,-0.262,-0.147,0.345,-0.404,0.130,0.356,-0.437,0.220,0.216,-0.289,-0.285,-0.174,-0.309,-0.263,-0.272,-0.532,0.163,-0.375,-0.589,0.272,-0.223,-0.364
mag,82947,-0.277,0.213,-0.252,-0.159,0.316,-0.416,0.145,0.349,-0.446,0.237,0.238,-0.291,-0.293,-0.161,-0.307,-0.209,-0.309,-0.519,0.154,-0.341,-0.572,0.285,-0.238,-0.376
mag,83018,-0.270,0.179,-0.262,-0.184,0.355,-0.426,0.176,0.366,-0.471,0.245,0.243,-0.293,-0.266,-0.154,-0.307,-0.253,-0.319,-0.510,0.159,-0.373,-0.567,0.255,-0.216,-0.344
mag,83082,-0.289,0.165,-0.269,-0.167,0.340,-0.443,0.169,0.376,-0.451,0.274,0.230,-0.293,-0.268,-0.161,-0.292,-0.236,-0.316,-0.495,0.176,-0.351,-0.550,0.260,-0.223,-0.342
mag,83153,-0.260,0.206,-0.277,-0.191,0.335,-0.419,0.140,0.373,-0.461,0.235,0.265,-0.313,-0.303,-0.166,-0.314,-0.255,-0.331,-0.507,0.151,-0.319,-0.562,0.245,-0.213,-0.359
mag,83229,-0.318,0.196,-0.279,-0.164,0.350,-0.436,0.181,0.378,-0.466,0.255,0.206,-0.291,-0.300,-0.176,-0.311,-0.236,-0.309,-0.495,0.156,-0.334,-0.550,0.267,-0.250,-0.332
mag,83298,-0.279,0.204,-0.262,-0.196,0.394,-0.416,0.159,0.373,-0.454,0.242,0.233,-0.306,-0.261,-0.193,-0.336,-0.228,-0.309,-0.539,0.156,-0.346,-0.584,0.263,-0.206,-0.371
mag,83374,-0.272,0.167,-0.279,-0.164,0.350,-0.433,0.137,0.373,-0.468,0.255,0.199,-0.293,-0.246,-0.164,-0.307,-0.253,-0.338,-0.510,0.151,-0.390,-0.562,0.265,-0.220,-0.344
mag,83453,-0.274,0.191,-0.264,-0.208,0.360,-0.443,0.157,0.393,-0.454,0.242,0.240,-0.301,-0.278,-0.166,-0.324,-0.243,-0.321,-0.529,0.166,-0.397,-0.572,0.299,-0.223,-0.364
mag,83517,-0.287,0.204,-0.269,-0.191,0.357,-0.436,0.152,0.410,-0.446,0.250,0.240,-0.311,-0.278,-0.222,-0.297,-0.238,-0.326,-0.524,0.190,-0.385,-0.584,0.270,-0.245,-0.359
mag,83594,-0.279,0.211,-0.284,-0.201,0.377,-0.458,0.159,0.408,-0.468,0.286,0.255,-0.296,-0.303,-0.215,-0.314,-0.246,-0.343,-0.537,0.173,-0.385,-0.584,0.272,-0.230,-0.349
mag,83671,-0.282,0.189,-0.299,-0.194,0.396,-0.458,0.169,0.395,-0.473,0.303,0.255,-0.306,-0.298,-0.205,-0.316,-0.246,-0.370,-0.534,0.154,-0.402,-0.579,0.307,-0.250,-0.344
mag,83735,-0.316,0.211,-0.284,-0.203,0.377,-0.448,0.184,0.415,-0.485,0.272,0.243,-0.313,-0.268,-0.198,-0.321,-0.248,-0.372,-0.497,0.198,-0.405,-0.596,0.280,-0.252,-0.356
mag,83805,-0.296,0.184,-0.296,-0.186,0.384,-0.460,0.162,0.383,-0.500,0.277,0.218,-0.315,-0.312,-0.181,-0.285,-0.248,-0.353,-0.493,0.156,-0.400,-0.547,0.263,-0.238,-0.349
mag,83874,-0.314,0.194,-0.272,-0.230,0.389,-0.465,0.152,0.420,-0.510,0.228,0.243,-0.313,-0.283,-0.161,-0.302,-0.216,-0.358,-0.463,0.142,-0.380,-0.528,0.270,-0.220,-0.327
mag,83945,-0.309,0.179,-0.294,-0.201,0.396,-0.472,0.164,0.366,-0.495,0.274,0.221,-0.330,-0.256,-0.171,-0.297,-0.185,-0.319,-0.463,0.156,-0.385,-0.532,0.265,-0.230,-0.322
mag,84022,-0.265,0.204,-0.286,-0.179,0.325,-0.453,0.169,0.342,-0.466,0.277,0.223,-0.311,-0.246,-0.186,-0.311,-0.187,-0.306,-0.493,0.132,-0.370,-0.520,0.260,-0.201,-0.334
mag,84095,-0.250,0.196,-0.299,-0.133,0.308,-0.414,0.162,0.305,-0.417,0.264,0.186,-0.264,-0.222,-0.174,-0.319,-0.202,-0.311,-0.512,0.200,-0.280,-0.515,0.258,-0.162,-0.290
mag,84167,-0.218,0.204,-0.308,-0.050,0.296,-0.404,0.133,0.239,-0.341,0.206,0.162,-0.213,-0.224,-0.161,-0.365,-0.077,-0.272,-0.524,0.168,-0.219,-0.408,0.236,-0.123,-0.261
mag,84232,-0.138,0.169,-0.296,0.014,0.201,-0.343,0.167,0.132,-0.256,0.213,0.113,-0.157,-0.151,-0.147,-0.419,0.003,-0.157,-0.468,0.168,-0.099,-0.342,0.209,-0.106,-0.190
mag,84305,-0.018,0.184,-0.269,0.104,0.196,-0.265,0.164,0.134,-0.171,0.184,0.077,-0.088,-0.010,-0.113,-0.446,0.106,-0.101,-0.368,0.212,-0.051,-0.240,0.187,-0.030,-0.154
mag,84381,0.028,0.223,-0.223,0.097,0.189,-0.184,0.176,0.095,-0.085,0.162,0.064,-0.013,0.064,0.002,-0.429,0.165,-0.035,-0.351,0.212,-0.009,-0.191,0.182,0.019,-0.090
mag,84465,0.084,0.221,-0.172,0.160,0.177,-0.111,0.172,0.105,0.027,0.135,0.108,0.078,0.110,0.002,-0.360,0.204,0.021,-0.283,0.227,0.067,-0.117,0.216,0.053,-0.012
mag,84552,0.175,0.184,-0.101,0.241,0.177,-0.006,0.181,0.103,0.162,0.120,0.035,0.222,0.174,0.056,-0.336,0.243,0.067,-0.241,0.237,0.118,-0.037,0.165,0.104,0.061
mag,84627,0.246,0.228,-0.015,0.290,0.140,0.148,0.181,0.076,0.350,0.040,0.030,0.354,0.196,0.083,-0.311,0.296,0.162,-0.168,0.261,0.162,0.046,0.153,0.185,0.159
mag,84715,0.316,0.182,0.021,0.375,0.118,0.277,0.172,0.037,0.516,-0.016,-0.016,0.495,0.249,0.122,-0.287,0.328,0.187,-0.102,0.276,0.235,0.136,0.123,0.236,0.220
mag,84800,0.302,0.126,-0.001,0.346,0.050,0.192,0.196,-0.027,0.479,0.015,-0.080,0.527,0.244,0.122,-0.216,0.318,0.155,-0.063,0.290,0.235,0.217,0.138,0.231,0.293
mag,84883,0.380,0.096,0.004,0.453,0.013,0.268,0.284,-0.164,0.662,-0.046,-0.204,0.656,0.271,0.127,-0.192,0.387,0.211,-0.012,0.342,0.323,0.337,0.106,0.341,0.432
mag,84962,0.385,0.055,0.029,0.536,-0.063,0.329,0.289,-0.254,0.762,-0.065,-0.287,0.756,0.296,0.119,-0.177,0.489,0.270,0.015,0.376,0.428,0.449,0.104,0.461,0.537
mag,85050,0.570,-0.023,0.090,0.654,-0.202,0.539,0.194,-0.474,1.067,-0.265,-0.422,0.905,0.430,0.185,-0.101,0.565,0.411,0.208,0.290,0.609,0.700,-0.096,0.539,0.659
mag,85139,0.695,-0.143,0.085,0.802,-0.622,0.634,0.081,-0.947,1.197,-0.456,-0.707,0.896,0.635,0.307,0.006,0.904,0.629,0.560,0.225,1.002,1.338,-0.421,0.805,0.972
mag,85228,0.773,-0.224,0.138,0.878,-0.766,0.724,-0.026,-1.057,1.277,-0.563,-0.741,0.886,0.735,0.324,0.018,0.956,0.731,0.670,0.122,1.092,1.421,-0.499,0.815,0.969
mag,85316,0.746,-0.272,0.099,0.798,-0.722,0.648,0.013,-1.096,1.184,-0.541,-0.822,0.844,0.740,0.317,0.084,0.987,0.673,0.745,0.107,1.063,1.557,-0.514,0.788,1.077
mag,85405,0.648,-0.336,-0.001,0.685,-0.795,0.419,0.020,-1.126,0.828,-0.410,-0.881,0.603,0.916,0.263,0.194,1.297,0.629,1.153,0.005,1.031,2.204,-0.834,0.732,1.399
mag,85483,0.641,-0.529,0.053,0.592,-1.008,0.421,-0.204,-1.187,0.620,-0.512,-0.771,0.368,1.228,0.315,0.548,1.351,0.819,1.915,-0.579,0.992,2.544,-1.131,0.585,1.253
mag,85568,0.641,-0.741,0.151,0.304,-1.210,0.473,-0.383,-1.057,0.435,-0.466,-0.631,0.148,1.519,0.532,1.224,1.034,1.102,2.894,-1.270,0.819,2.246,-1.175,0.385,0.825
mag,85640,0.509,-0.775,0.134,0.146,-1.117,0.329,-0.375,-0.857,0.225,-0.395,-0.507,0.053,1.594,0.403,1.776,0.548,0.831,3.409,-1.438,0.467,1.941,-1.139,0.185,0.632
mag,85718,0.460,-0.890,0.192,0.082,-1.203,0.377,-0.397,-0.850,0.237,-0.434,-0.478,0.039,1.529,0.530,1.866,0.372,0.907,3.331,-1.438,0.482,1.777,-1.088,0.214,0.557
mag,85789,0.521,-0.866,0.280,0.094,-1.239,0.502,-0.412,-0.862,0.308,-0.451,-0.524,0.083,1.406,0.615,1.683,0.362,1.012,2.999,-1.309,0.589,1.645,-0.987,0.275,0.537
mag,85870,0.592,-0.866,0.346,0.094,-1.213,0.631,-0.478,-0.884,0.408,-0.502,-0.524,0.146,1.189,0.654,1.451,0.389,1.054,2.488,-1.094,0.640,1.518,-0.917,0.300,0.545
mag,85942,0.619,-0.709,0.297,0.334,-1.122,0.661,-0.392,-0.969,0.559,-0.488,-0.600,0.266,1.111,0.515,1.009,0.665,0.912,2.093,-0.852,0.731,1.714,-0.895,0.356,0.720
mag,86014,0.524,-0.507,0.119,0.426,-0.878,0.390,-0.173,-0.942,0.501,-0.385,-0.646,0.324,1.062,0.246,0.714,0.965,0.541,1.815,-0.535,0.579,2.029,-0.912,0.385,1.045
mag,86097,0.526,-0.355,0.097,0.507,-0.715,0.429,-0.082,-0.837,0.660,-0.336,-0.627,0.437,0.816,0.188,0.423,0.870,0.438,1.221,-0.193,0.589,1.679,-0.648,0.392,1.040
mag,86186,0.509,-0.226,-0.003,0.485,-0.473,0.289,0.128,-0.664,0.660,-0.204,-0.566,0.571,0.564,0.110,0.162,0.724,0.226,0.667,0.173,0.413,1.233,-0.348,0.346,1.011
mag,86275,0.429,-0.109,-0.084,0.546,-0.307,0.214,0.291,-0.569,0.652,-0.112,-0.529,0.644,0.496,0.029,0.016,0.658,0.165,0.389,0.347,0.362,0.974,-0.133,0.341,0.908
mag,86362,0.351,0.013,-0.213,0.507,-0.116,0.011,0.425,-0.415,0.474,0.049,-0.470,0.585,0.383,-0.015,-0.162,0.646,0.038,0.118,0.520,0.294,0.774,0.060,0.329,0.896
mag,86448,0.373,0.038,-0.250,0.622,-0.180,0.033,0.418,-0.466,0.555,0.020,-0.490,0.593,0.491,-0.054,-0.272,0.741,0.065,0.096,0.535,0.311,0.886,0.023,0.356,0.916
mag,86523,0.394,0.116,-0.279,0.636,-0.072,0.009,0.462,-0.359,0.584,0.042,-0.424,0.632,0.445,-0.078,-0.375,0.748,-0.016,-0.004,0.579,0.262,0.747,0.028,0.331,0.816
mag,86608,0.294,0.211,-0.299,0.505,0.047,-0.121,0.484,-0.195,0.342,0.201,-0.295,0.507,0.320,-0.108,-0.458,0.619,-0.060,-0.209,0.647,0.130,0.461,0.248,0.199,0.698
mag,86683,0.238,0.206,-0.296,0.429,0.128,-0.167,0.452,-0.105,0.218,0.230,-0.234,0.407,0.261,-0.095,-0.502,0.492,-0.089,-0.341,0.627,0.042,0.232,0.346,0.177,0.552
mag,86769,0.209,0.235,-0.291,0.378,0.140,-0.187,0.430,-0.032,0.164,0.274,-0.168,0.371,0.193,-0.071,-0.519,0.443,-0.087,-0.378,0.625,0.054,0.122,0.382,0.124,0.430
mag,86853,0.226,0.257,-0.301,0.422,0.169,-0.182,0.477,-0.002,0.220,0.247,-0.136,0.383,0.242,-0.093,-0.512,0.460,-0.077,-0.356,0.583,0.059,0.122,0.343,0.156,0.378
mag,86939,0.228,0.255,-0.338,0.434,0.196,-0.189,0.457,0.022,0.254,0.242,-0.126,0.429,0.242,-0.122,-0.516,0.467,-0.096,-0.358,0.515,0.071,0.105,0.304,0.119,0.374
mag,87024,0.170,0.235,-0.308,0.397,0.191,-0.194,0.433,0.002,0.137,0.301,-0.138,0.346,0.205,-0.137,-0.526,0.423,-0.091,-0.419,0.569,0.054,0.063,0.382,0.097,0.361
mag,87108,0.155,0.213,-0.316,0.346,0.174,-0.206,0.443,-0.034,0.115,0.303,-0.111,0.312,0.176,-0.105,-0.526,0.436,-0.065,-0.402,0.574,0.035,0.051,0.402,0.070,0.359
mag,87193,0.153,0.169,-0.250,0.287,0.145,-0.209,0.374,-0.010,-0.002,0.250,-0.148,0.185,0.169,-0.083,-0.512,0.416,-0.074,-0.454,0.637,-0.075,0.049,0.448,-0.018,0.469
mag,87279,0.128,0.155,-0.264,0.285,0.103,-0.223,0.335,-0.022,-0.029,0.255,-0.180,0.134,0.164,-0.100,-0.485,0.387,-0.087,-0.390,0.642,-0.097,0.053,0.460,-0.103,0.469
mag,87364,0.153,0.118,-0.277,0.287,0.015,-0.223,0.382,-0.151,-0.009,0.281,-0.265,0.173,0.220,-0.174,-0.321,0.440,-0.177,-0.168,0.613,-0.131,0.390,0.314,-0.133,0.723
mag,87449,0.187,-0.019,-0.269,0.302,-0.102,-0.194,0.357,-0.310,0.037,0.237,-0.390,0.197,0.332,-0.176,-0.172,0.582,-0.172,0.064,0.605,-0.185,0.776,0.155,-0.081,1.047
mag,87531,0.355,-0.280,-0.230,0.488,-0.590,-0.072,0.267,-0.874,0.262,-0.131,-0.727,0.258,0.908,-0.083,0.214,1.249,0.038,1.194,0.088,0.274,2.436,-0.812,0.243,1.660
mag,87606,0.543,-0.482,-0.054,0.531,-0.920,0.236,-0.060,-1.157,0.533,-0.395,-0.798,0.332,1.013,0.205,0.536,1.173,0.565,1.641,-0.408,0.789,2.326,-0.968,0.466,1.289
mag,87678,0.573,-0.485,0.212,0.514,-0.910,0.614,-0.224,-1.050,0.865,-0.541,-0.756,0.512,0.835,0.322,0.497,0.853,0.658,1.251,-0.227,0.845,1.718,-0.756,0.583,1.030
mag,87745,0.539,-0.470,0.217,0.426,-0.805,0.568,-0.190,-0.984,0.777,-0.512,-0.714,0.463,0.818,0.256,0.521,0.802,0.577,1.226,-0.217,0.782,1.758,-0.787,0.532,1.094
mag,87818,0.426,-0.404,0.138,0.387,-0.710,0.382,-0.033,-0.898,0.530,-0.380,-0.727,0.366,0.791,0.188,0.499,0.946,0.336,1.275,-0.081,0.567,2.143,-0.858,0.436,1.421
mag,87885,0.465,-0.453,0.261,0.341,-0.785,0.507,-0.239,-0.886,0.591,-0.449,-0.649,0.324,0.781,0.278,0.687,0.838,0.463,1.504,-0.410,0.613,1.916,-0.917,0.436,1.057
mag,87966,0.470,-0.534,0.251,0.248,-0.873,0.485,-0.326,-0.908,0.481,-0.478,-0.573,0.195,0.989,0.285,0.856,0.853,0.509,1.876,-0.715,0.613,2.134,-1.097,0.373,0.964
mag,88053,0.424,-0.612,0.326,0.136,-0.905,0.512,-0.390,-0.776,0.381,-0.495,-0.502,0.126,0.972,0.310,1.095,0.624,0.568,2.132,-0.950,0.526,1.894,-1.078,0.268,0.713
mag,88129,0.416,-0.590,0.380,0.112,-0.939,0.590,-0.427,-0.769,0.459,-0.495,-0.465,0.166,0.891,0.361,1.026,0.523,0.643,1.907,-0.867,0.530,1.677,-0.956,0.326,0.647
mag,88211,0.441,-0.631,0.588,0.033,-0.849,0.863,-0.527,-0.635,0.572,-0.576,-0.351,0.185,0.623,0.525,0.946,0.167,0.739,1.446,-0.728,0.584,1.006,-0.716,0.334,0.349
mag,88290,0.387,-0.656,0.661,-0.072,-0.842,0.856,-0.571,-0.554,0.472,-0.534,-0.285,0.124,0.510,0.512,1.034,0.038,0.758,1.451,-0.794,0.545,0.854,-0.697,0.292,0.232
mag,88365,0.480,-0.639,0.790,-0.045,-0.871,1.049,-0.678,-0.584,0.650,-0.610,-0.253,0.187,0.466,0.620,0.870,-0.001,0.846,1.190,-0.706,0.611,0.696,-0.636,0.324,0.147
mag,88451,0.580,-0.602,0.722,0.146,-0.927,1.102,-0.673,-0.718,0.791,-0.717,-0.326,0.249,0.567,0.583,0.829,0.167,0.912,1.277,-0.750,0.740,0.893,-0.731,0.441,0.205
mag,88537,0.690,-0.412,0.549,0.566,-0.854,1.122,-0.517,-1.050,1.399,-0.988,-0.595,0.671,0.562,0.508,0.463,0.467,0.883,0.914,-0.452,1.146,1.135,-0.807,0.795,0.447
mag,88610,0.690,-0.236,0.312,0.912,-0.632,0.829,0.252,-1.445,1.936,-1.020,-1.278,1.555,0.469,0.376,0.214,0.577,0.731,0.560,0.115,1.436,1.142,-0.721,1.305,0.774
mag,88686,0.634,-0.199,0.278,0.925,-0.536,0.800,0.404,-1.284,2.019,-0.986,-1.286,1.796,0.440,0.346,0.206,0.533,0.646,0.469,0.112,1.346,0.996,-0.692,1.308,0.674
mag,88771,0.565,-0.250,0.280,0.751,-0.646,0.661,0.203,-1.387,1.521,-0.893,-1.300,1.269,0.557,0.315,0.277,0.714,0.658,0.672,0.242,1.473,1.557,-0.973,1.481,1.135
mag,88856,0.499,-0.275,0.304,0.539,-0.622,0.582,-0.014,-1.079,1.094,-0.778,-0.912,0.825,0.562,0.276,0.384,0.719,0.558,0.831,0.102,1.151,1.826,-1.095,1.139,1.284
mag,88941,0.382,-0.319,0.258,0.309,-0.644,0.463,-0.192,-0.886,0.633,-0.637,-0.661,0.390,0.645,0.168,0.506,0.838,0.363,1.158,-0.005,0.726,2.495,-1.544,0.746,1.616
mag,89017,0.221,-0.355,0.197,0.043,-0.556,0.355,-0.309,-0.571,0.308,-0.468,-0.307,0.092,0.642,0.014,0.709,0.682,0.018,1.453,-0.676,0.035,2.231,-1.554,0.109,0.891
mag,89099,0.153,-0.363,0.182,-0.042,-0.451,0.238,-0.302,-0.393,0.179,-0.422,-0.192,0.004,0.662,-0.205,0.843,0.497,-0.353,1.592,-0.996,-0.414,1.853,-1.464,-0.069,0.425
mag,89178,0.053,-0.294,0.138,-0.116,-0.358,0.145,-0.263,-0.256,0.061,-0.322,-0.097,-0.059,0.589,-0.369,0.858,0.279,-0.638,1.492,-1.089,-0.629,1.296,-1.271,-0.155,0.083
mag,89250,0.001,-0.294,0.112,-0.113,-0.314,0.116,-0.270,-0.173,0.020,-0.275,-0.065,-0.059,0.425,-0.496,0.807,0.033,-0.726,1.241,-1.011,-0.612,0.798,-0.983,-0.145,-0.088
mag,89331,-0.028,-0.243,0.082,-0.125,-0.226,0.067,-0.214,-0.151,0.005,-0.212,-0.004,-0.054,0.257,-0.557,0.734,-0.050,-0.731,0.999,-0.874,-0.524,0.515,-0.843,-0.115,-0.176
mag,89417,-0.025,-0.214,0.053,-0.113,-0.219,0.072,-0.236,-0.107,-0.014,-0.219,-0.024,-0.052,0.215,-0.510,0.621,-0.121,-0.655,0.814,-0.769,-0.463,0.381,-0.719,-0.072,-0.171
mag,89503,-0.038,-0.202,0.048,-0.098,-0.195,0.033,-0.197,-0.090,-0.017,-0.168,-0.028,-0.081,0.130,-0.467,0.524,-0.143,-0.641,0.638,-0.691,-0.395,0.246,-0.680,-0.120,-0.166
mag,89579,-0.067,-0.165,0.051,-0.120,-0.160,0.023,-0.158,-0.078,-0.024,-0.146,0.030,-0.076,0.105,-0.454,0.460,-0.209,-0.560,0.506,-0.579,-0.344,0.197,-0.592,-0.113,-0.171
mag,89664,-0.040,-0.143,0.041,-0.120,-0.131,0.014,-0.134,-0.078,-0.029,-0.170,-0.014,-0.052,0.069,-0.413,0.348,-0.204,-0.482,0.374,-0.525,-0.319,0.114,-0.497,-0.062,-0.168
mag,89750,-0.077,-0.111,0.041,-0.076,-0.048,0.016,-0.143,-0.037,-0.022,-0.119,-0.009,-0.076,-0.036,-0.371,0.233,-0.180,-0.382,0.237,-0.361,-0.204,0.022,-0.375,-0.047,-0.176
mag,89835,-0.062,-0.092,0.016,-0.106,-0.085,-0.003,-0.119,-0.056,-0.019,-0.129,0.008,-0.057,-0.041,-0.305,0.177,-0.224,-0.282,0.147,-0.330,-0.151,-0.012,-0.301,0.011,-0.163
mag,89921,-0.033,-0.087,0.007,-0.091,-0.068,-0.021,-0.114,0.007,-0.031,-0.099,0.015,-0.044,-0.137,-0.269,0.113,-0.172,-0.218,0.069,-0.261,-0.107,-0.061,-0.265,0.002,-0.154
mag,90006,-0.062,-0.106,-0.001,-0.037,-0.031,-0.006,-0.097,-0.037,-0.022,-0.075,-0.009,-0.064,-0.093,-0.208,0.074,-0.145,-0.209,0.064,-0.220,-0.070,-0.054,-0.216,0.021,-0.129
mag,90092,-0.052,-0.058,0.019,-0.079,-0.038,-0.013,-0.085,-0.007,-0.034,-0.077,0.028,-0.035,-0.085,-0.149,0.047,-0.163,-0.172,0.035,-0.205,-0.077,-0.047,-0.226,0.011,-0.112
mag,90178,-0.047,-0.041,0.004,-0.086,-0.024,-0.008,-0.051,-0.027,-0.029,-0.053,0.042,-0.040,-0.078,-0.132,0.043,-0.119,-0.162,0.008,-0.186,-0.009,-0.066,-0.177,0.021,-0.115
mag,90263,-0.038,-0.048,-0.010,-0.037,-0.048,-0.003,-0.043,-0.000,-0.034,-0.041,0.001,-0.035,-0.093,-0.178,0.038,-0.128,-0.113,0.008,-0.186,-0.048,-0.056,-0.148,-0.003,-0.129
mag,90349,-0.082,-0.058,-0.001,-0.067,-0.053,-0.013,-0.070,-0.007,-0.019,-0.038,0.035,-0.035,-0.105,-0.176,0.079,-0.153,-0.194,0.030,-0.200,-0.117,-0.044,-0.223,0.007,-0.115
mag,90435,-0.043,-0.072,-0.013,-0.052,-0.055,0.006,-0.092,-0.002,-0.048,-0.065,0.020,-0.040,-0.144,-0.208,0.072,-0.172,-0.170,0.001,-0.205,-0.058,-0.076,-0.187,0.041,-0.117
mag,90522,-0.084,-0.075,0.004,-0.096,-0.029,-0.018,-0.058,-0.002,-0.048,-0.082,0.035,-0.054,-0.146,-0.176,0.074,-0.219,-0.153,-0.004,-0.215,-0.014,-0.091,-0.162,0.082,-0.127
mag,90608,-0.047,-0.055,0.004,-0.069,-0.046,-0.025,-0.082,0.029,-0.056,-0.063,0.042,-0.059,-0.212,-0.232,0.069,-0.275,-0.128,-0.036,-0.232,0.018,-0.135,-0.155,0.058,-0.168
mag,90685,-0.052,-0.072,-0.013,-0.072,-0.029,-0.043,-0.063,0.017,-0.048,-0.034,0.042,-0.064,-0.259,-0.191,0.067,-0.287,-0.074,-0.041,-0.159,0.047,-0.147,-0.087,0.068,-0.159
mag,90771,-0.111,-0.021,-0.023,-0.084,-0.002,-0.018,-0.041,0.034,-0.048,-0.014,0.023,-0.057,-0.288,-0.137,0.016,-0.236,-0.035,-0.085,-0.093,0.062,-0.137,-0.096,0.090,-0.151
mag,90857,-0.116,-0.016,-0.023,-0.084,-0.009,-0.023,-0.026,0.029,-0.058,-0.024,0.059,-0.054,-0.283,-0.081,-0.018,-0.214,-0.008,-0.117,-0.132,0.076,-0.157,-0.065,0.070,-0.139
mag,90944,-0.069,-0.070,-0.006,-0.094,-0.031,-0.038,-0.031,0.024,-0.056,-0.029,0.040,-0.047,-0.327,-0.125,0.013,-0.260,0.004,-0.097,-0.127,0.074,-0.171,-0.052,0.075,-0.146
mag,91030,-0.104,-0.053,-0.013,-0.094,-0.036,-0.023,-0.095,-0.012,-0.051,-0.024,0.003,-0.035,-0.293,-0.154,0.055,-0.272,-0.008,-0.056,-0.144,0.052,-0.149,-0.026,0.068,-0.151
mag,91117,-0.094,-0.070,0.004,-0.074,-0.038,-0.030,-0.077,0.029,-0.058,-0.043,0.008,-0.062,-0.329,-0.200,0.069,-0.326,-0.035,-0.056,-0.122,0.032,-0.142,-0.096,0.094,-0.156
mag,91203,-0.065,-0.038,-0.023,-0.084,-0.024,-0.043,-0.051,0.017,-0.036,-0.051,0.033,-0.049,-0.312,-0.159,0.038,-0.246,-0.038,-0.070,-0.137,0.052,-0.144,-0.074,0.051,-0.156
mag,91289,-0.091,-0.077,-0.013,-0.106,-0.014,-0.023,-0.102,0.027,-0.053,-0.073,0.030,-0.044,-0.342,-0.183,0.062,-0.285,-0.028,-0.056,-0.151,0.030,-0.139,-0.089,0.009,-0.146
mag,91376,-0.121,-0.060,-0.023,-0.145,0.001,-0.025,-0.029,0.015,-0.063,-0.043,0.023,-0.052,-0.351,-0.042,0.001,-0.189,-0.004,-0.112,-0.122,0.069,-0.164,-0.052,0.085,-0.163
mag,91462,-0.113,-0.038,-0.047,-0.042,0.033,-0.074,-0.043,0.017,-0.100,0.003,0.047,-0.074,-0.368,-0.091,-0.099,-0.246,0.023,-0.183,-0.049,0.040,-0.181,0.001,0.031,-0.168
mag,91548,-0.145,-0.006,-0.096,-0.103,0.062,-0.099,-0.007,0.061,-0.117,0.001,0.050,-0.081,-0.290,-0.027,-0.209,-0.121,0.011,-0.241,0.002,0.020,-0.200,0.009,0.016,-0.173
mag,91635,-0.108,-0.001,-0.142,-0.030,0.042,-0.150,-0.004,0.002,-0.127,0.018,0.013,-0.098,-0.215,-0.095,-0.184,-0.089,-0.082,-0.205,-0.022,-0.051,-0.171,0.033,-0.035,-0.120
mag,91716,-0.057,-0.001,-0.147,-0.045,0.006,-0.130,-0.007,0.012,-0.090,0.013,0.008,-0.071,-0.198,-0.091,-0.140,-0.092,-0.074,-0.158,-0.015,-0.036,-0.108,-0.021,-0.045,-0.080
mag,91797,-0.096,-0.072,-0.142,-0.069,-0.033,-0.145,-0.016,0.029,-0.097,0.018,-0.021,-0.074,-0.205,-0.054,-0.094,-0.119,-0.035,-0.131,-0.029,-0.063,-0.093,-0.011,-0.035,-0.076
mag,91885,-0.211,-0.124,-0.089,-0.096,-0.065,-0.116,-0.055,-0.044,-0.114,0.008,-0.014,-0.103,-0.288,-0.010,-0.009,-0.189,-0.038,-0.087,-0.068,-0.085,-0.071,-0.047,-0.018,-0.083
mag,91974,-0.365,-0.292,0.058,-0.252,-0.138,-0.057,-0.117,-0.083,-0.090,-0.092,-0.050,-0.076,-0.451,0.124,0.196,-0.341,0.023,0.035,-0.178,-0.002,-0.071,-0.091,-0.003,-0.066
mag,92061,-0.550,-0.507,0.575,-0.518,-0.260,0.199,-0.258,-0.095,-0.009,-0.168,-0.085,-0.054,-0.434,0.403,0.506,-0.446,0.267,0.220,-0.261,0.045,0.014,-0.167,0.019,-0.032
mag,92140,-0.553,-0.583,1.200,-0.704,-0.329,0.546,-0.453,-0.115,0.086,-0.280,-0.082,-0.020,-0.266,0.615,0.506,-0.421,0.443,0.303,-0.295,0.159,0.046,-0.228,0.116,-0.007
mag,92221,-0.126,-0.229,2.072,-0.919,-0.177,1.361,-0.685,-0.081,0.362,-0.441,-0.038,0.092,-0.010,0.608,0.362,-0.233,0.534,0.306,-0.259,0.296,0.119,-0.228,0.175,0.015
mag,92284,0.258,-0.302,2.074,-0.745,-0.260,1.735,-0.785,-0.125,0.545,-0.566,-0.053,0.195,0.110,0.639,0.397,-0.136,0.636,0.372,-0.298,0.384,0.180,-0.275,0.192,0.061
mag,92356,0.883,0.077,2.114,-0.482,-0.004,2.406,-1.027,-0.032,0.948,-0.715,-0.006,0.327,0.183,0.583,0.243,-0.016,0.670,0.274,-0.266,0.482,0.188,-0.206,0.312,0.061
mag,92421,1.049,-0.268,1.403,0.143,-0.470,2.243,-0.927,-0.317,1.307,-0.795,-0.141,0.529,0.352,0.547,0.340,0.096,0.761,0.496,-0.276,0.599,0.390,-0.321,0.365,0.195
mag,92493,0.988,-0.106,0.900,0.612,-0.280,1.830,-0.700,-0.244,1.685,-0.900,-0.177,0.849,0.335,0.442,0.201,0.245,0.629,0.389,-0.144,0.613,0.395,-0.282,0.451,0.249
mag,92556,0.729,-0.236,0.466,0.641,-0.531,1.088,-0.236,-0.579,1.421,-0.663,-0.404,0.930,0.447,0.312,0.260,0.365,0.555,0.525,-0.056,0.655,0.696,-0.311,0.480,0.486
mag,92638,0.499,-0.280,0.241,0.468,-0.573,0.590,0.015,-0.718,0.904,-0.385,-0.631,0.708,0.491,0.202,0.328,0.545,0.348,0.684,0.046,0.543,1.052,-0.336,0.470,0.833
mag,92715,0.377,-0.309,0.131,0.326,-0.490,0.324,0.015,-0.662,0.491,-0.219,-0.575,0.397,0.557,0.078,0.377,0.580,0.177,0.877,0.054,0.269,1.301,-0.453,0.231,1.006
mag,92789,0.355,-0.470,0.214,0.185,-0.688,0.385,-0.214,-0.649,0.357,-0.312,-0.441,0.217,0.694,0.110,0.841,0.421,0.263,1.429,-0.474,0.198,1.345,-0.651,0.126,0.745
mag,92862,0.260,-0.573,0.185,-0.008,-0.702,0.260,-0.226,-0.527,0.176,-0.248,-0.375,0.043,0.701,0.061,1.317,0.055,0.094,1.824,-0.767,0.032,1.125,-0.682,0.009,0.483
mag,92942,0.377,-0.783,0.378,-0.033,-0.917,0.546,-0.383,-0.657,0.296,-0.363,-0.395,0.109,0.737,0.439,1.371,-0.014,0.592,1.851,-0.818,0.325,1.059,-0.687,0.168,0.422
mag,93012,0.565,-0.871,0.573,0.024,-1.147,0.853,-0.529,-0.769,0.472,-0.483,-0.441,0.180,0.735,0.639,1.212,0.084,0.900,1.707,-0.801,0.569,1.052,-0.702,0.282,0.398
mag,93076,0.636,-0.863,0.649,0.097,-1.203,1.041,-0.585,-0.837,0.638,-0.595,-0.446,0.244,0.762,0.674,1.017,0.133,0.939,1.534,-0.684,0.638,1.037,-0.675,0.341,0.444
mag,93146,0.941,-0.768,0.817,0.295,-1.235,1.522,-0.798,-0.945,1.072,-0.739,-0.480,0.412,0.676,0.666,0.690,0.292,1.044,1.155,-0.532,0.872,0.918,-0.604,0.451,0.398
mag,93209,0.900,-0.597,0.553,0.592,-1.193,1.334,-0.615,-1.167,1.299,-0.832,-0.663,0.593,0.733,0.554,0.524,0.563,0.985,1.107,-0.430,0.999,1.147,-0.692,0.624,0.581
mag,93281,0.824,-0.519,0.341,0.817,-1.108,1.037,-0.375,-1.365,1.455,-0.815,-0.863,0.769,0.745,0.471,0.380,0.741,0.907,0.982,-0.259,1.165,1.352,-0.702,0.785,0.808
mag,93355,0.519,-0.619,0.094,0.319,-1.081,0.343,-0.287,-1.060,0.371,-0.427,-0.705,0.117,1.301,0.288,0.946,1.180,0.695,2.383,-0.972,0.718,2.583,-1.278,0.383,1.091
mag,93428,0.333,-1.015,0.148,-0.155,-1.191,0.197,-0.378,-0.691,0.005,-0.329,-0.424,-0.108,1.585,0.730,2.911,-0.436,0.993,3.948,-1.660,0.316,1.267,-0.943,0.087,0.239
mag,93512,0.111,-2.692,1.554,-1.214,-1.835,0.805,-0.749,-0.527,-0.053,-0.449,-0.207,-0.159,0.134,2.290,2.076,-1.276,1.727,1.334,-0.930,0.474,0.136,-0.516,0.136,-0.056
mag,93594,1.076,-2.086,4.838,-2.347,-1.633,3.512,-1.418,-0.364,0.320,-0.681,-0.104,-0.062,0.193,1.294,0.475,-0.380,1.254,0.381,-0.554,0.562,0.046,-0.348,0.273,-0.061
mag,93667,1.879,-0.746,1.169,1.310,-1.979,3.493,-1.830,-1.516,2.466,-1.513,-0.605,0.693,0.691,0.815,0.255,0.387,1.359,0.628,-0.474,1.273,0.569,-0.592,0.683,0.203
mag,93730,1.066,-0.648,0.268,1.210,-1.659,1.210,-0.632,-2.163,1.663,-1.181,-1.181,0.695,0.943,0.620,0.333,1.119,1.417,1.153,-0.457,1.966,1.806,-1.075,1.137,0.830
mag,93806,0.465,-0.736,-0.023,0.265,-1.178,0.138,-0.319,-1.094,0.115,-0.380,-0.658,-0.030,1.843,0.310,1.239,1.805,0.892,3.890,-1.936,0.787,3.479,-1.708,0.258,0.994
mag,93870,0.419,-1.205,0.165,-0.130,-1.435,0.258,-0.495,-0.833,-0.014,-0.373,-0.407,-0.113,1.895,1.152,2.945,-0.482,1.710,4.344,-1.914,0.501,1.333,-1.068,0.131,0.222
mag,93950,0.971,-2.155,1.816,-0.931,-2.248,1.857,-1.117,-0.801,0.342,-0.641,-0.297,-0.044,0.647,1.655,1.329,-0.575,1.771,1.358,-0.967,0.718,0.400,-0.609,0.278,0.046
mag,94026,1.876,-1.071,2.743,-0.543,-1.542,4.037,-1.735,-0.610,1.143,-1.000,-0.256,0.200,0.415,1.015,0.392,-0.040,1.229,0.545,-0.530,0.770,0.239,-0.448,0.424,0.044
mag,94091,1.491,-0.475,1.203,0.839,-1.108,2.814,-1.359,-0.877,2.117,-1.220,-0.404,0.734,0.503,0.678,0.297,0.306,1.041,0.574,-0.354,0.916,0.510,-0.499,0.558,0.234
mag,94164,0.827,-0.800,0.615,0.331,-1.335,1.215,-0.683,-1.055,0.894,-0.732,-0.605,0.322,0.840,0.674,0.831,0.455,1.105,1.468,-0.715,0.916,1.245,-0.765,0.485,0.518
mag,94227,0.748,-0.600,0.510,0.507,-1.125,1.100,-0.490,-1.082,1.087,-0.744,-0.619,0.505,0.747,0.534,0.597,0.521,0.953,1.221,-0.483,0.941,1.289,-0.719,0.549,0.654
mag,94299,0.512,-0.460,0.270,0.395,-0.805,0.568,-0.195,-0.923,0.711,-0.461,-0.666,0.388,0.725,0.293,0.587,0.714,0.534,1.268,-0.281,0.640,1.660,-0.753,0.444,1.001
mag,94370,0.307,-0.280,0.082,0.331,-0.470,0.253,0.118,-0.689,0.472,-0.173,-0.605,0.375,0.532,0.063,0.306,0.687,0.089,0.762,0.286,0.237,1.504,-0.401,0.268,1.372
mag,94443,0.233,-0.185,0.075,0.243,-0.290,0.167,0.123,-0.474,0.325,-0.036,-0.507,0.354,0.376,-0.012,0.196,0.497,0.016,0.479,0.373,0.069,1.042,-0.028,0.092,1.206
mag,94518,0.221,-0.133,0.053,0.231,-0.275,0.182,0.162,-0.425,0.323,-0.019,-0.468,0.385,0.330,0.029,0.162,0.458,0.028,0.406,0.381,0.096,0.876,0.040,0.156,1.094
mag,94594,0.255,-0.116,0.090,0.248,-0.278,0.226,0.211,-0.435,0.457,-0.021,-0.490,0.510,0.310,0.034,0.143,0.394,0.140,0.381,0.290,0.215,0.771,-0.013,0.300,0.894
mag,94657,0.287,-0.133,0.173,0.292,-0.241,0.363,0.101,-0.356,0.613,-0.158,-0.365,0.585,0.274,0.107,0.216,0.301,0.194,0.372,0.105,0.257,0.620,-0.084,0.285,0.603
mag,94730,0.275,-0.141,0.190,0.209,-0.256,0.358,0.052,-0.305,0.540,-0.121,-0.290,0.480,0.257,0.119,0.248,0.296,0.131,0.394,0.083,0.206,0.593,-0.148,0.226,0.562
mag,94793,0.289,-0.128,0.248,0.195,-0.231,0.453,-0.004,-0.259,0.591,-0.170,-0.219,0.498,0.249,0.146,0.250,0.216,0.214,0.401,0.034,0.255,0.512,-0.179,0.261,0.430
mag,94866,0.319,-0.102,0.322,0.292,-0.119,0.565,-0.051,-0.208,0.767,-0.273,-0.158,0.654,0.203,0.154,0.199,0.182,0.270,0.306,-0.010,0.340,0.417,-0.135,0.297,0.383
mag,94930,0.358,-0.136,0.292,0.297,-0.260,0.546,-0.012,-0.303,0.777,-0.256,-0.319,0.671,0.300,0.195,0.231,0.292,0.236,0.406,0.027,0.364,0.559,-0.192,0.292,0.498
mag,95002,0.409,-0.119,0.251,0.448,-0.280,0.517,0.172,-0.474,1.004,-0.265,-0.483,0.954,0.322,0.180,0.199,0.367,0.304,0.381,0.129,0.499,0.659,-0.172,0.497,0.637
mag,95074,0.363,-0.182,0.148,0.392,-0.365,0.324,0.203,-0.671,0.662,-0.156,-0.719,0.642,0.393,0.124,0.233,0.550,0.201,0.513,0.351,0.379,1.120,-0.174,0.505,1.223
mag,95152,0.387,-0.202,0.187,0.436,-0.441,0.402,0.220,-0.754,0.821,-0.295,-0.798,0.849,0.396,0.163,0.245,0.504,0.285,0.525,0.310,0.577,1.145,-0.277,0.685,1.196
mag,95234,0.314,-0.268,0.261,0.214,-0.434,0.429,-0.117,-0.606,0.557,-0.385,-0.495,0.395,0.418,0.144,0.419,0.438,0.204,0.777,-0.003,0.323,1.235,-0.560,0.319,0.996
mag,95324,0.314,-0.226,0.329,0.190,-0.431,0.560,-0.170,-0.498,0.664,-0.473,-0.429,0.449,0.347,0.173,0.436,0.311,0.299,0.743,-0.142,0.372,0.964,-0.504,0.348,0.645
mag,95415,0.409,-0.197,0.405,0.312,-0.363,0.731,-0.175,-0.540,0.982,-0.573,-0.426,0.666,0.337,0.278,0.360,0.257,0.377,0.604,-0.183,0.535,0.796,-0.470,0.458,0.515
mag,95505,0.458,-0.189,0.431,0.412,-0.402,0.831,-0.190,-0.564,1.165,-0.671,-0.426,0.783,0.320,0.303,0.316,0.267,0.460,0.584,-0.161,0.631,0.727,-0.448,0.549,0.452
mag,95595,0.485,-0.175,0.446,0.395,-0.383,0.856,-0.231,-0.488,1.182,-0.683,-0.346,0.791,0.308,0.317,0.326,0.274,0.443,0.555,-0.186,0.601,0.669,-0.472,0.524,0.381
mag,95684,0.529,-0.233,0.490,0.456,-0.500,0.939,-0.265,-0.603,1.238,-0.761,-0.451,0.761,0.388,0.346,0.384,0.299,0.577,0.635,-0.264,0.748,0.818,-0.585,0.556,0.403
mag,95774,0.553,-0.270,0.590,0.378,-0.514,1.046,-0.422,-0.566,1.160,-0.783,-0.292,0.620,0.337,0.400,0.431,0.213,0.648,0.677,-0.349,0.701,0.708,-0.604,0.541,0.266
mag,95863,0.531,-0.231,0.673,0.280,-0.453,1.115,-0.556,-0.432,1.111,-0.766,-0.197,0.534,0.296,0.417,0.401,0.091,0.643,0.601,-0.376,0.665,0.481,-0.514,0.409,0.098
mag,95952,0.355,-0.260,0.671,-0.011,-0.402,0.980,-0.566,-0.293,0.694,-0.593,-0.063,0.263,0.181,0.407,0.506,-0.072,0.582,0.635,-0.469,0.479,0.366,-0.470,0.307,0.003
mag,96041,0.275,-0.163,0.724,-0.069,-0.241,0.956,-0.541,-0.149,0.625,-0.561,0.042,0.217,0.093,0.366,0.375,-0.123,0.477,0.433,-0.422,0.367,0.166,-0.382,0.270,-0.083
mag,96128,0.265,-0.092,0.695,-0.120,-0.114,0.890,-0.512,-0.032,0.594,-0.541,0.067,0.195,0.054,0.305,0.326,-0.141,0.404,0.316,-0.381,0.318,0.107,-0.318,0.212,-0.115
mag,96218,0.299,-0.106,0.722,-0.030,-0.165,0.980,-0.563,-0.061,0.667,-0.580,0.106,0.244,0.071,0.373,0.345,-0.116,0.472,0.362,-0.369,0.367,0.088,-0.358,0.224,-0.120
mag,96307,0.324,-0.116,0.746,-0.013,-0.185,1.046,-0.602,-0.034,0.745,-0.612,0.059,0.244,0.078,0.405,0.338,-0.138,0.463,0.362,-0.425,0.413,0.100,-0.360,0.214,-0.151
mag,96397,0.343,-0.121,0.724,0.021,-0.268,1.054,-0.612,-0.107,0.794,-0.617,0.030,0.310,0.086,0.412,0.370,-0.072,0.553,0.406,-0.444,0.438,0.156,-0.399,0.295,-0.117
mag,96483,0.360,-0.172,0.685,0.072,-0.268,1.015,-0.527,-0.186,0.872,-0.661,0.001,0.375,0.149,0.388,0.353,-0.055,0.514,0.442,-0.398,0.494,0.266,-0.421,0.331,-0.041
mag,96566,0.324,-0.207,0.624,0.051,-0.287,0.919,-0.490,-0.193,0.757,-0.615,-0.050,0.322,0.149,0.351,0.404,-0.009,0.482,0.504,-0.396,0.430,0.339,-0.416,0.307,0.015
mag,96655,0.321,-0.231,0.588,0.038,-0.387,0.795,-0.473,-0.293,0.616,-0.485,-0.133,0.278,0.191,0.346,0.521,-0.014,0.451,0.667,-0.479,0.430,0.444,-0.499,0.273,0.078
mag,96744,0.294,-0.319,0.573,0.046,-0.488,0.792,-0.534,-0.381,0.613,-0.576,-0.158,0.253,0.274,0.356,0.597,0.038,0.475,0.836,-0.576,0.462,0.610,-0.626,0.319,0.134
mag,96833,0.309,-0.387,0.541,0.011,-0.549,0.751,-0.468,-0.405,0.552,-0.536,-0.219,0.192,0.349,0.327,0.692,0.025,0.502,0.967,-0.635,0.474,0.713,-0.665,0.282,0.151
mag,96923,0.309,-0.373,0.527,0.065,-0.588,0.746,-0.500,-0.459,0.559,-0.561,-0.212,0.200,0.408,0.344,0.736,0.096,0.534,1.077,-0.671,0.479,0.818,-0.697,0.331,0.191
mag,97012,0.299,-0.412,0.497,0.033,-0.590,0.670,-0.478,-0.476,0.520,-0.527,-0.194,0.183,0.413,0.315,0.773,0.118,0.472,1.141,-0.689,0.477,0.884,-0.777,0.309,0.193
mag,97101,0.250,-0.326,0.427,0.009,-0.483,0.604,-0.405,-0.391,0.462,-0.512,-0.219,0.166,0.320,0.288,0.687,0.082,0.372,1.006,-0.571,0.401,0.820,-0.690,0.258,0.217
mag,97191,0.238,-0.321,0.400,0.090,-0.458,0.541,-0.358,-0.430,0.491,-0.497,-0.209,0.236,0.315,0.251,0.597,0.121,0.302,0.904,-0.501,0.338,0.847,-0.677,0.278,0.305
mag,97280,0.216,-0.231,0.387,0.033,-0.348,0.556,-0.324,-0.332,0.496,-0.473,-0.199,0.258,0.264,0.158,0.514,0.116,0.258,0.779,-0.386,0.289,0.713,-0.563,0.248,0.259
mag,97370,0.209,-0.204,0.395,0.072,-0.326,0.570,-0.344,-0.308,0.552,-0.461,-0.155,0.256,0.222,0.215,0.455,0.082,0.265,0.667,-0.332,0.311,0.644,-0.541,0.261,0.227
mag,97459,0.185,-0.192,0.407,0.058,-0.280,0.553,-0.290,-0.239,0.530,-0.493,-0.116,0.263,0.188,0.234,0.414,-0.011,0.285,0.569,-0.354,0.289,0.498,-0.516,0.219,0.159
mag,97548,0.224,-0.136,0.419,0.092,-0.270,0.614,-0.356,-0.286,0.642,-0.568,-0.111,0.319,0.186,0.234,0.377,0.028,0.319,0.535,-0.349,0.338,0.517,-0.543,0.282,0.151
mag,97638,0.297,-0.211,0.463,0.141,-0.348,0.712,-0.439,-0.383,0.765,-0.649,-0.119,0.380,0.239,0.263,0.458,0.074,0.426,0.665,-0.481,0.472,0.620,-0.675,0.326,0.132
mag,97723,0.255,-0.282,0.510,0.026,-0.383,0.744,-0.497,-0.332,0.625,-0.656,-0.050,0.190,0.235,0.278,0.538,0.006,0.407,0.762,-0.637,0.445,0.561,-0.736,0.258,-0.027
mag,97806,0.343,-0.216,0.629,0.031,-0.361,0.946,-0.641,-0.242,0.791,-0.746,0.055,0.236,0.169,0.344,0.485,-0.094,0.548,0.618,-0.649,0.499,0.315,-0.648,0.256,-0.234
mag,97884,0.363,-0.260,0.632,0.043,-0.417,0.990,-0.698,-0.230,0.765,-0.766,0.086,0.192,0.176,0.427,0.511,-0.175,0.536,0.662,-0.750,0.518,0.244,-0.685,0.261,-0.344
mag,97973,0.441,-0.260,0.690,0.126,-0.509,1.144,-0.798,-0.322,0.975,-0.900,0.128,0.266,0.176,0.444,0.499,-0.143,0.663,0.701,-0.835,0.569,0.224,-0.748,0.236,-0.432
mag,98063,0.421,-0.268,0.734,0.082,-0.419,1.164,-0.829,-0.188,0.928,-0.886,0.135,0.185,0.120,0.444,0.475,-0.172,0.619,0.606,-0.776,0.513,0.100,-0.697,0.204,-0.466
mag,98152,0.375,-0.224,0.759,-0.018,-0.353,1.129,-0.849,-0.125,0.767,-0.761,0.211,0.134,0.091,0.434,0.463,-0.258,0.575,0.535,-0.776,0.447,0.034,-0.629,0.197,-0.503
mag,98241,0.348,-0.312,0.746,-0.103,-0.470,1.085,-0.834,-0.156,0.686,-0.742,0.167,0.083,0.159,0.481,0.580,-0.248,0.646,0.701,-0.894,0.479,0.049,-0.655,0.226,-0.542
mag,98317,0.329,-0.382,0.693,-0.057,-0.527,0.968,-0.812,-0.247,0.606,-0.749,0.108,0.046,0.222,0.454,0.704,-0.206,0.682,0.928,-1.030,0.523,0.244,-0.831,0.207,-0.518
mag,98399,0.206,-0.321,0.563,-0.159,-0.446,0.751,-0.658,-0.203,0.447,-0.619,0.096,0.002,0.164,0.386,0.677,-0.219,0.504,0.887,-0.864,0.399,0.280,-0.765,0.158,-0.361
mag,98482,0.165,-0.312,0.527,-0.145,-0.385,0.661,-0.578,-0.164,0.406,-0.546,0.101,0.034,0.159,0.281,0.663,-0.219,0.431,0.816,-0.806,0.306,0.339,-0.694,0.170,-0.322
mag,98565,0.158,-0.280,0.492,-0.157,-0.370,0.622,-0.578,-0.168,0.381,-0.578,0.106,0.012,0.200,0.256,0.643,-0.148,0.372,0.811,-0.784,0.296,0.337,-0.712,0.141,-0.308
mag,98647,0.145,-0.270,0.473,-0.155,-0.385,0.582,-0.561,-0.183,0.347,-0.546,0.079,-0.000,0.181,0.251,0.653,-0.170,0.333,0.853,-0.818,0.299,0.344,-0.714,0.134,-0.293
mag,98736,0.084,-0.304,0.436,-0.184,-0.317,0.536,-0.510,-0.139,0.308,-0.527,0.072,0.017,0.122,0.224,0.672,-0.216,0.314,0.804,-0.813,0.252,0.280,-0.643,0.160,-0.356
mag,98825,0.109,-0.263,0.458,-0.157,-0.339,0.580,-0.541,-0.125,0.354,-0.495,0.072,0.039,0.139,0.193,0.626,-0.206,0.324,0.782,-0.779,0.259,0.290,-0.726,0.160,-0.330
mag,98903,0.141,-0.255,0.436,-0.120,-0.326,0.556,-0.505,-0.164,0.393,-0.554,0.006,0.063,0.200,0.185,0.611,-0.116,0.326,0.831,-0.794,0.301,0.407,-0.753,0.153,-0.266
mag,98991,0.163,-0.216,0.448,-0.130,-0.336,0.563,-0.492,-0.181,0.376,-0.546,0.042,0.075,0.156,0.239,0.575,-0.114,0.328,0.765,-0.708,0.308,0.425,-0.734,0.165,-0.203
mag,99078,0.192,-0.263,0.439,-0.069,-0.297,0.582,-0.458,-0.220,0.420,-0.522,0.003,0.100,0.200,0.217,0.553,-0.048,0.321,0.731,-0.671,0.267,0.422,-0.697,0.143,-0.127
mag,99166,0.133,-0.224,0.422,-0.120,-0.312,0.529,-0.475,-0.181,0.371,-0.510,-0.031,0.085,0.139,0.193,0.531,-0.104,0.280,0.667,-0.606,0.233,0.385,-0.631,0.138,-0.100
mag,99253,0.158,-0.189,0.453,-0.069,-0.341,0.575,-0.449,-0.151,0.423,-0.493,-0.002,0.124,0.122,0.205,0.492,-0.109,0.297,0.645,-0.537,0.299,0.378,-0.597,0.158,-0.083
mag,99341,0.143,-0.165,0.436,-0.006,-0.285,0.585,-0.427,-0.139,0.452,-0.519,0.045,0.126,0.156,0.200,0.485,-0.067,0.275,0.611,-0.554,0.291,0.364,-0.609,0.158,-0.105
mag,99428,0.172,-0.202,0.422,-0.033,-0.268,0.575,-0.434,-0.120,0.450,-0.519,0.042,0.168,0.130,0.244,0.470,-0.104,0.299,0.577,-0.547,0.296,0.349,-0.599,0.182,-0.127
mag,99515,0.114,-0.170,0.414,-0.101,-0.212,0.524,-0.400,-0.068,0.374,-0.463,0.059,0.129,0.066,0.185,0.414,-0.109,0.238,0.516,-0.498,0.235,0.249,-0.472,0.180,-0.161
mag,99603,0.089,-0.153,0.385,-0.118,-0.146,0.475,-0.375,-0.068,0.337,-0.392,0.064,0.107,0.047,0.195,0.380,-0.138,0.241,0.452,-0.491,0.208,0.202,-0.506,0.173,-0.154
mag,99691,0.099,-0.141,0.392,-0.081,-0.173,0.495,-0.366,-0.022,0.359,-0.370,0.074,0.126,0.020,0.185,0.397,-0.155,0.241,0.440,-0.493,0.252,0.185,-0.492,0.180,-0.173
mag,99778,0.102,-0.126,0.387,-0.081,-0.160,0.495,-0.380,-0.061,0.379,-0.407,0.098,0.139,0.054,0.237,0.404,-0.163,0.294,0.464,-0.481,0.274,0.168,-0.477,0.190,-0.176
mag,99866,0.097,-0.106,0.390,-0.091,-0.116,0.521,-0.397,-0.022,0.381,-0.422,0.130,0.168,0.039,0.222,0.360,-0.197,0.277,0.408,-0.457,0.272,0.127,-0.455,0.195,-0.207
mag,99954,0.080,-0.104,0.429,-0.094,-0.087,0.553,-0.356,0.005,0.398,-0.431,0.130,0.175,-0.029,0.234,0.314,-0.199,0.270,0.345,-0.435,0.306,0.031,-0.414,0.219,-0.251
mag,100042,0.111,-0.089,0.495,-0.079,-0.087,0.600,-0.427,0.034,0.433,-0.385,0.133,0.183,-0.041,0.300,0.304,-0.253,0.360,0.281,-0.418,0.338,-0.037,-0.362,0.256,-0.342
mag,100118,0.128,-0.023,0.541,-0.047,-0.016,0.702,-0.419,0.098,0.525,-0.422,0.228,0.231,-0.095,0.310,0.218,-0.287,0.431,0.135,-0.405,0.421,-0.186,-0.299,0.309,-0.395
mag,100194,0.236,0.091,0.563,-0.013,0.067,0.783,-0.385,0.164,0.650,-0.441,0.230,0.349,-0.105,0.359,0.104,-0.236,0.519,0.018,-0.281,0.452,-0.281,-0.187,0.375,-0.437
mag,100272,0.292,0.099,0.575,0.126,0.084,0.890,-0.322,0.120,0.845,-0.434,0.206,0.495,-0.102,0.415,0.033,-0.185,0.516,-0.056,-0.242,0.562,-0.291,-0.087,0.448,-0.378
mag,100360,0.370,0.106,0.541,0.226,0.054,0.888,-0.280,0.063,0.950,-0.456,0.145,0.639,-0.019,0.427,-0.018,-0.123,0.575,-0.112,-0.103,0.635,-0.257,-0.026,0.536,-0.266
mag,100448,0.390,0.094,0.532,0.236,-0.002,0.902,-0.209,-0.007,0.992,-0.441,0.077,0.686,-0.005,0.488,-0.067,-0.038,0.651,-0.131,-0.024,0.684,-0.174,0.016,0.585,-0.195
mag,100521,0.436,0.130,0.409,0.378,0.015,0.785,-0.085,-0.071,1.043,-0.351,-0.006,0.803,0.029,0.447,-0.111,0.050,0.614,-0.165,0.019,0.728,-0.164,0.048,0.612,-0.112
mag,100593,0.387,0.157,0.312,0.412,0.081,0.639,0.067,-0.042,1.004,-0.261,-0.046,0.878,0.054,0.417,-0.175,0.067,0.555,-0.219,0.144,0.677,-0.135,0.094,0.612,-0.034
mag,100681,0.329,0.160,0.185,0.439,0.074,0.431,0.269,-0.078,0.879,-0.082,-0.158,0.896,0.034,0.332,-0.248,0.167,0.482,-0.270,0.278,0.706,-0.091,0.248,0.666,0.073
mag,100769,0.226,0.216,0.055,0.341,0.177,0.211,0.374,0.002,0.564,0.135,-0.129,0.734,0.010,0.295,-0.321,0.148,0.392,-0.383,0.422,0.540,-0.161,0.365,0.585,0.107
mag,100856,0.233,0.194,0.068,0.375,0.169,0.243,0.345,0.032,0.677,0.081,-0.072,0.808,-0.014,0.283,-0.350,0.169,0.365,-0.392,0.415,0.491,-0.193,0.355,0.544,0.064
mag,100944,0.206,0.209,-0.035,0.395,0.172,0.111,0.421,0.054,0.520,0.176,-0.048,0.703,0.000,0.215,-0.433,0.255,0.272,-0.424,0.498,0.377,-0.178,0.402,0.436,0.181
mag,101015,0.216,0.274,-0.111,0.392,0.223,0.050,0.418,0.046,0.433,0.167,-0.102,0.637,0.110,0.127,-0.504,0.326,0.175,-0.478,0.530,0.299,-0.098,0.382,0.339,0.222
mag,101093,0.265,0.294,-0.162,0.429,0.162,0.019,0.418,0.090,0.454,0.172,-0.087,0.620,0.156,0.063,-0.504,0.379,0.070,-0.417,0.544,0.250,-0.030,0.348,0.287,0.230
mag,101175,0.333,0.299,-0.201,0.536,0.208,0.045,0.457,-0.000,0.594,0.108,-0.102,0.673,0.249,0.044,-0.560,0.438,0.050,-0.368,0.542,0.269,0.095,0.277,0.295,0.332
mag,101263,0.385,0.323,-0.252,0.676,0.181,0.055,0.501,-0.139,0.677,0.086,-0.248,0.761,0.330,-0.037,-0.612,0.646,0.057,-0.373,0.620,0.318,0.320,0.267,0.395,0.530
mag,101341,0.485,0.338,-0.269,0.793,0.096,0.163,0.416,-0.337,0.855,-0.051,-0.351,0.786,0.435,-0.086,-0.651,0.885,0.062,-0.285,0.640,0.394,0.573,0.131,0.439,0.679
mag,101431,0.624,0.355,-0.272,0.966,-0.014,0.289,0.357,-0.503,0.984,-0.143,-0.465,0.817,0.603,-0.086,-0.797,1.080,0.109,-0.234,0.632,0.555,0.852,-0.011,0.524,0.823
mag,101518,0.644,0.294,-0.262,0.986,-0.085,0.321,0.318,-0.522,1.011,-0.158,-0.500,0.805,0.637,-0.113,-0.761,1.141,0.153,-0.126,0.569,0.594,0.967,-0.077,0.507,0.845
mag,101606,0.712,0.350,-0.233,1.042,-0.112,0.404,0.255,-0.596,1.099,-0.236,-0.483,0.839,0.654,-0.086,-0.744,1.163,0.209,-0.100,0.544,0.638,0.925,-0.060,0.536,0.803
mag,101694,0.622,0.287,-0.242,0.937,-0.116,0.336,0.313,-0.518,1.009,-0.175,-0.475,0.808,0.584,-0.076,-0.682,1.063,0.219,-0.087,0.520,0.616,0.893,-0.084,0.522,0.794
mag,101781,0.707,0.248,-0.174,0.954,-0.146,0.446,0.247,-0.559,1.070,-0.280,-0.456,0.825,0.652,-0.022,-0.636,1.051,0.248,-0.051,0.496,0.660,0.898,-0.087,0.505,0.786
mag,101857,0.790,0.206,-0.125,0.981,-0.270,0.602,0.115,-0.613,1.119,-0.307,-0.453,0.800,0.728,0.034,-0.607,1.119,0.358,0.088,0.378,0.682,0.969,-0.133,0.539,0.757
mag,101944,0.785,0.209,-0.093,0.912,-0.236,0.563,0.145,-0.598,1.070,-0.275,-0.487,0.788,0.667,0.068,-0.570,1.022,0.355,0.064,0.386,0.674,0.954,-0.135,0.514,0.752
mag,102031,0.766,0.204,-0.042,0.944,-0.231,0.624,0.096,-0.547,1.143,-0.339,-0.426,0.815,0.684,0.088,-0.580,1.002,0.328,0.025,0.405,0.692,0.854,-0.109,0.541,0.706
mag,102118,0.812,0.209,0.092,0.881,-0.165,0.836,0.018,-0.420,1.224,-0.412,-0.356,0.861,0.603,0.151,-0.541,0.873,0.438,-0.031,0.342,0.679,0.620,-0.052,0.524,0.530
mag,102205,0.827,0.238,0.141,0.854,-0.163,0.873,-0.012,-0.386,1.248,-0.390,-0.248,0.869,0.562,0.180,-0.526,0.748,0.426,-0.060,0.356,0.665,0.544,-0.023,0.522,0.508
mag,102293,0.827,0.233,0.217,0.817,-0.138,0.973,-0.097,-0.356,1.265,-0.434,-0.197,0.849,0.523,0.251,-0.516,0.758,0.438,-0.080,0.354,0.657,0.495,-0.028,0.507,0.430
mag,102369,0.883,0.235,0.263,0.876,-0.170,1.110,-0.178,-0.405,1.336,-0.441,-0.253,0.861,0.550,0.256,-0.548,0.807,0.507,-0.082,0.334,0.679,0.517,-0.040,0.529,0.435
mag,102453,0.914,0.274,0.195,0.925,-0.163,1.056,-0.121,-0.442,1.372,-0.490,-0.304,0.886,0.620,0.222,-0.670,0.887,0.492,-0.161,0.359,0.706,0.564,-0.035,0.578,0.493
mag,102539,0.900,0.304,0.202,0.915,-0.114,1.024,-0.104,-0.378,1.329,-0.439,-0.238,0.861,0.569,0.222,-0.643,0.870,0.431,-0.161,0.334,0.692,0.517,-0.023,0.553,0.454
mag,102625,0.856,0.296,0.195,0.842,-0.109,0.998,-0.102,-0.374,1.275,-0.412,-0.226,0.839,0.581,0.180,-0.621,0.843,0.411,-0.136,0.332,0.650,0.495,-0.023,0.512,0.432
mag,102710,0.900,0.243,0.273,0.866,-0.177,1.107,-0.182,-0.400,1.299,-0.456,-0.297,0.820,0.642,0.246,-0.673,0.887,0.536,-0.136,0.317,0.738,0.547,-0.021,0.517,0.474
mag,102796,0.973,0.257,0.439,0.817,-0.158,1.344,-0.263,-0.300,1.380,-0.493,-0.165,0.820,0.515,0.320,-0.702,0.775,0.592,-0.234,0.330,0.736,0.368,0.021,0.512,0.342
mag,102880,0.883,0.296,0.561,0.695,-0.090,1.405,-0.324,-0.271,1.380,-0.563,-0.109,0.815,0.442,0.378,-0.697,0.699,0.614,-0.309,0.293,0.711,0.276,-0.006,0.544,0.276
mag,102966,0.905,0.277,0.707,0.622,-0.085,1.574,-0.414,-0.222,1.392,-0.585,-0.063,0.800,0.349,0.495,-0.729,0.585,0.670,-0.427,0.300,0.738,0.149,0.018,0.534,0.171
mag,103043,0.853,0.218,0.781,0.551,-0.077,1.591,-0.492,-0.134,1.412,-0.615,-0.043,0.795,0.235,0.522,-0.658,0.467,0.734,-0.485,0.256,0.757,0.007,0.048,0.544,0.112
mag,103132,0.856,0.126,0.800,0.505,-0.241,1.564,-0.458,-0.264,1.385,-0.617,-0.099,0.776,0.232,0.622,-0.626,0.462,0.905,-0.427,0.266,0.894,0.073,0.033,0.615,0.127
mag,103221,0.824,0.013,0.746,0.524,-0.365,1.491,-0.441,-0.418,1.394,-0.627,-0.197,0.798,0.227,0.788,-0.514,0.436,1.093,-0.375,0.227,1.043,0.129,-0.040,0.739,0.154
mag,103290,0.719,-0.075,0.619,0.531,-0.424,1.210,-0.341,-0.505,1.277,-0.602,-0.253,0.788,0.281,0.771,-0.333,0.431,1.122,-0.153,0.198,1.141,0.256,-0.074,0.744,0.215
mag,103374,0.592,-0.099,0.500,0.458,-0.412,0.966,-0.221,-0.522,1.109,-0.502,-0.353,0.739,0.276,0.747,-0.216,0.423,1.154,0.008,0.159,1.214,0.444,-0.135,0.846,0.357
mag,103458,0.541,-0.065,0.417,0.458,-0.358,0.873,-0.136,-0.481,1.043,-0.446,-0.339,0.732,0.257,0.715,-0.131,0.428,1.024,0.120,0.151,1.185,0.515,-0.123,0.873,0.396
mag,103546,0.434,-0.099,0.383,0.429,-0.314,0.692,-0.029,-0.459,0.901,-0.326,-0.346,0.712,0.298,0.600,-0.016,0.401,0.831,0.213,0.166,1.055,0.598,-0.113,0.827,0.464
mag,103634,0.392,-0.050,0.329,0.368,-0.207,0.609,-0.007,-0.330,0.826,-0.222,-0.304,0.668,0.237,0.522,-0.001,0.299,0.753,0.201,0.142,0.892,0.478,-0.072,0.783,0.408
mag,103721,0.409,-0.070,0.346,0.370,-0.282,0.675,-0.033,-0.376,0.838,-0.317,-0.290,0.664,0.257,0.547,0.045,0.296,0.778,0.230,0.107,0.970,0.503,-0.111,0.785,0.381
mag,103808,0.426,-0.080,0.405,0.343,-0.258,0.700,-0.104,-0.332,0.860,-0.351,-0.248,0.661,0.239,0.554,0.060,0.235,0.807,0.235,0.005,0.953,0.410,-0.150,0.793,0.278
mag,103883,0.480,-0.045,0.370,0.390,-0.263,0.714,-0.075,-0.410,0.979,-0.388,-0.297,0.766,0.232,0.508,0.035,0.252,0.819,0.211,0.098,1.090,0.417,-0.143,0.915,0.286
mag,103960,0.456,-0.021,0.370,0.458,-0.246,0.731,-0.053,-0.449,1.048,-0.378,-0.307,0.847,0.183,0.566,0.055,0.235,0.792,0.181,0.078,1.097,0.324,-0.121,0.925,0.210
mag,104049,0.463,-0.055,0.400,0.439,-0.234,0.753,-0.007,-0.413,1.101,-0.388,-0.312,0.886,0.193,0.510,0.052,0.189,0.783,0.174,0.024,1.109,0.271,-0.143,0.964,0.151
mag,104133,0.514,-0.111,0.463,0.439,-0.326,0.866,-0.136,-0.442,1.138,-0.536,-0.297,0.808,0.237,0.561,0.138,0.155,0.919,0.281,-0.122,1.180,0.300,-0.243,0.947,0.059
mag,104206,0.507,-0.153,0.532,0.380,-0.431,0.910,-0.261,-0.513,1.079,-0.580,-0.263,0.734,0.235,0.593,0.253,0.157,0.985,0.460,-0.295,1.190,0.368,-0.328,0.934,-0.012
mag,104295,0.480,-0.136,0.495,0.375,-0.346,0.888,-0.200,-0.457,1.141,-0.568,-0.282,0.795,0.239,0.552,0.253,0.143,0.870,0.462,-0.330,1.133,0.344,-0.406,0.937,-0.076
mag,104374,0.482,-0.175,0.475,0.436,-0.417,0.897,-0.207,-0.471,1.216,-0.622,-0.275,0.830,0.259,0.464,0.272,0.133,0.824,0.482,-0.393,1.090,0.398,-0.485,0.934,-0.100
mag,104462,0.543,-0.167,0.448,0.551,-0.461,0.927,-0.151,-0.715,1.453,-0.749,-0.470,1.054,0.298,0.481,0.299,0.211,0.888,0.533,-0.442,1.331,0.549,-0.668,1.147,-0.110
mag,104552,0.683,-0.229,0.427,0.771,-0.610,0.966,-0.109,-1.116,1.722,-0.976,-0.795,1.262,0.366,0.534,0.287,0.375,1.041,0.579,-0.496,1.729,0.727,-0.936,1.384,-0.225
mag,104628,0.734,-0.192,0.358,0.993,-0.654,0.944,0.194,-1.658,2.195,-1.262,-1.225,1.721,0.418,0.542,0.214,0.419,1.046,0.474,-0.486,2.076,0.652,-1.197,1.762,-0.520
mag,104704,0.849,-0.241,0.336,1.235,-0.925,0.944,0.286,-2.405,2.417,-1.579,-1.767,1.772,0.479,0.622,0.160,0.609,1.312,0.484,-0.706,2.986,0.637,-1.510,2.143,-1.101
mag,104792,0.956,-0.407,0.324,1.344,-1.225,0.988,-0.080,-2.961,2.300,-1.801,-1.796,1.403,0.579,0.752,0.194,0.775,1.722,0.611,-1.279,4.036,0.578,-1.815,2.358,-1.975
mag,104877,1.083,-0.521,0.231,1.564,-1.720,0.817,-0.434,-3.860,1.870,-2.126,-1.906,0.832,0.759,0.952,0.155,1.231,2.511,0.579,-2.971,6.729,-0.523,-1.920,2.438,-4.465
mag,104955,1.190,-0.641,0.221,1.652,-2.026,0.805,-0.763,-4.131,1.668,-2.231,-1.720,0.590,0.852,1.106,0.121,1.285,3.085,0.555,-4.324,7.183,-2.210,-1.254,1.908,-5.437
mag,105039,1.242,-0.724,0.219,1.586,-2.204,0.795,-1.088,-3.953,1.441,-2.136,-1.503,0.397,0.947,1.211,0.140,1.427,3.578,0.660,-5.305,7.593,-3.294,-0.836,1.794,-5.664
mag,105127,1.261,-0.709,0.204,1.550,-2.348,0.766,-1.147,-3.850,1.304,-2.082,-1.403,0.310,0.987,1.291,0.160,1.554,3.895,0.696,-5.977,7.872,-4.190,-0.546,1.706,-5.876
mag,105212,1.276,-0.856,0.165,1.430,-2.492,0.641,-1.332,-3.596,0.904,-1.918,-1.142,0.144,1.216,1.465,0.152,2.005,4.869,0.906,-7.712,8.787,-6.663,0.094,1.777,-6.257
mag,105283,1.288,-0.927,0.197,1.344,-2.636,0.722,-1.484,-3.367,0.896,-1.879,-0.988,0.090,1.301,1.577,0.223,2.057,5.236,1.070,-7.483,8.004,-7.200,0.272,1.757,-5.735
mag,105365,1.320,-0.971,0.197,1.344,-2.753,0.648,-1.537,-3.350,0.801,-1.855,-0.924,0.041,1.406,1.655,0.199,2.103,5.724,1.021,-8.052,7.606,-8.899,0.587,1.601,-5.962
mag,105443,1.322,-0.993,0.197,1.352,-2.829,0.705,-1.598,-3.367,0.806,-1.811,-0.910,0.014,1.382,1.689,0.206,1.966,5.753,1.026,-7.603,6.934,-8.716,0.560,1.586,-5.749
mag,105521,1.320,-1.059,0.156,1.305,-2.919,0.609,-1.674,-3.247,0.608,-1.818,-0.841,-0.052,1.428,1.736,0.152,2.262,6.425,0.989,-8.491,6.693,-11.267,1.024,1.535,-6.050
mag,105599,1.312,-1.051,0.141,1.301,-2.907,0.495,-1.657,-3.142,0.496,-1.750,-0.812,-0.081,1.555,1.804,0.131,2.567,6.918,0.975,-9.316,6.773,-13.264,1.325,1.581,-6.287
mag,105681,1.366,-1.071,0.109,1.203,-2.941,0.504,-1.669,-3.120,0.484,-1.738,-0.734,-0.101,1.612,1.892,0.138,2.613,7.186,1.075,-8.980,6.417,-13.350,1.332,1.589,-6.101
mag,105769,1.312,-1.078,0.094,1.242,-2.919,0.424,-1.691,-3.176,0.401,-1.767,-0.788,-0.135,1.599,1.845,0.079,2.711,7.174,0.811,-10.015,6.019,-15.371,1.715,1.518,-6.623
mag,105858,1.293,-1.093,0.053,1.181,-2.931,0.336,-1.647,-3.062,0.274,-1.740,-0.749,-0.176,1.731,1.948,0.055,3.163,7.951,0.789,-10.596,5.186,-18.582,2.140,1.589,-6.753
mag,105946,1.256,-1.117,0.033,1.127,-2.926,0.268,-1.623,-2.998,0.147,-1.669,-0.719,-0.225,1.792,1.948,0.006,3.463,8.417,0.677,-11.301,4.212,-21.668,2.487,1.584,-6.958
mag,106034,1.298,-1.142,0.036,1.093,-2.970,0.260,-1.679,-2.876,0.140,-1.625,-0.658,-0.218,1.831,2.065,-0.001,3.504,8.956,0.733,-10.413,3.209,-22.351,2.526,1.645,-6.687
mag,106124,1.242,-1.205,-0.030,0.961,-2.922,0.119,-1.679,-2.671,-0.034,-1.545,-0.536,-0.281,2.061,2.165,-0.053,4.352,10.277,0.552,-10.159,-0.024,-29.151,3.163,1.806,-6.750
mag,106213,1.232,-1.239,-0.052,0.927,-2.912,0.033,-1.650,-2.524,-0.092,-1.486,-0.509,-0.296,2.246,2.331,-0.097,4.952,11.644,0.535,-7.942,-2.805,-32.532,3.366,1.965,-6.487
mag,106300,1.222,-1.239,-0.050,0.863,-2.958,0.058,-1.650,-2.495,-0.105,-1.493,-0.522,-0.291,2.258,2.339,-0.094,4.881,11.644,0.486,-7.681,-3.163,-32.303,3.383,1.916,-6.501
mag,106377,1.266,-1.198,-0.042,0.964,-2.951,0.092,-1.662,-2.698,-0.048,-1.547,-0.563,-0.289,2.012,2.180,-0.089,4.252,10.319,0.391,-9.871,-1.530,-29.178,3.280,1.716,-6.836
mag,106456,1.271,-1.132,-0.028,1.081,-2.990,0.141,-1.686,-2.835,0.008,-1.640,-0.605,-0.281,1.939,2.063,-0.050,3.893,9.530,0.440,-10.828,0.335,-26.387,3.031,1.589,-6.926
mag,106543,1.283,-1.188,-0.003,1.027,-3.024,0.160,-1.725,-2.800,0.039,-1.591,-0.570,-0.284,1.956,2.099,-0.026,3.700,9.613,0.489,-9.856,0.389,-24.803,2.853,1.528,-6.724
mag,106627,1.332,-1.200,-0.023,1.113,-3.117,0.165,-1.806,-2.986,0.035,-1.677,-0.631,-0.296,1.839,2.109,-0.072,3.128,9.064,0.211,-9.714,-0.375,-23.181,2.882,1.276,-6.848
mag,106701,1.356,-1.154,-0.015,1.198,-3.117,0.189,-1.877,-3.118,0.044,-1.716,-0.634,-0.301,1.712,2.068,-0.070,2.843,8.617,0.137,-9.736,-0.449,-21.968,2.794,1.130,-6.909
mag,106769,1.344,-1.159,-0.010,1.230,-3.136,0.189,-1.847,-3.174,0.061,-1.752,-0.651,-0.308,1.663,2.026,-0.077,2.738,8.231,0.110,-10.337,0.130,-21.314,2.792,1.030,-7.078
mag,106857,1.330,-1.166,0.007,1.193,-3.078,0.214,-1.830,-3.096,0.091,-1.711,-0.624,-0.281,1.751,2.019,-0.036,2.977,8.439,0.298,-10.310,0.740,-21.255,2.658,1.152,-6.912
mag,106939,1.320,-1.186,0.007,1.071,-3.012,0.206,-1.774,-2.878,0.061,-1.650,-0.605,-0.274,1.870,2.073,-0.011,3.517,9.022,0.584,-10.537,1.373,-22.657,2.599,1.423,-6.741
mag,107019,1.288,-1.120,0.007,1.071,-2.946,0.187,-1.730,-2.930,0.071,-1.652,-0.622,-0.281,1.875,2.026,-0.023,3.727,8.673,0.645,-12.031,2.227,-23.072,2.601,1.354,-7.024
mag,107102,1.269,-1.105,0.021,1.125,-2.934,0.236,-1.696,-2.961,0.132,-1.711,-0.671,-0.242,1.802,1.960,0.038,3.519,8.170,0.772,-12.017,3.358,-20.760,2.316,1.266,-6.999
mag,107185,1.239,-1.166,0.036,1.022,-2.939,0.282,-1.711,-2.734,0.152,-1.567,-0.553,-0.230,1.966,2.051,0.096,3.880,8.817,1.282,-11.253,3.226,-21.126,2.228,1.332,-6.687
mag,107270,1.229,-1.208,0.136,0.885,-2.966,0.463,-1.747,-2.463,0.288,-1.506,-0.456,-0.184,2.071,2.102,0.338,3.727,8.976,2.176,-9.475,4.505,-16.736,1.710,1.359,-5.991
mag,107345,1.247,-1.159,0.170,0.888,-2.936,0.507,-1.723,-2.466,0.347,-1.523,-0.390,-0.159,2.036,2.068,0.384,3.634,8.676,2.381,-9.587,4.666,-15.293,1.613,1.259,-5.920
mag,107430,1.227,-1.171,0.153,0.890,-2.883,0.521,-1.740,-2.522,0.352,-1.550,-0.446,-0.135,1.985,1.999,0.404,3.587,8.368,2.347,-10.432,4.466,-15.703,1.744,1.181,-6.125
mag,107512,1.190,-1.208,0.163,0.807,-2.851,0.502,-1.655,-2.327,0.328,-1.486,-0.443,-0.149,2.166,2.085,0.436,3.961,9.108,2.830,-10.003,3.953,-17.786,1.884,1.344,-5.872
mag,107592,1.146,-1.227,0.170,0.722,-2.797,0.482,-1.652,-2.207,0.288,-1.418,-0.380,-0.125,2.263,2.165,0.482,4.413,9.733,3.155,-9.260,4.674,-19.803,1.986,1.576,-5.740
mag,107677,1.105,-1.225,0.148,0.712,-2.687,0.414,-1.535,-2.156,0.257,-1.367,-0.463,-0.123,2.378,2.148,0.487,5.138,10.033,3.428,-10.283,6.265,-20.987,2.084,1.767,-5.745
mag,107763,1.002,-1.146,0.092,0.531,-2.409,0.294,-1.352,-1.870,0.162,-1.225,-0.456,-0.137,2.852,2.126,0.536,8.133,11.364,5.157,-12.852,10.123,-26.648,2.069,2.375,-5.657
mag,107847,0.946,-1.178,0.119,0.488,-2.326,0.309,-1.323,-1.738,0.142,-1.208,-0.395,-0.154,3.015,2.121,0.633,8.697,11.376,6.006,-13.084,11.265,-24.888,1.781,2.397,-5.478
mag,107924,0.971,-1.164,0.163,0.524,-2.367,0.377,-1.315,-1.797,0.215,-1.213,-0.434,-0.115,2.864,1.999,0.704,7.355,10.123,5.679,-13.379,11.092,-18.555,1.373,2.280,-5.420
mag,108004,0.983,-1.173,0.221,0.478,-2.336,0.509,-1.340,-1.782,0.303,-1.203,-0.378,-0.088,2.654,1.992,0.870,5.821,9.035,5.728,-11.087,9.344,-11.590,0.719,1.957,-4.814
mag,108083,0.914,-1.166,0.265,0.322,-2.243,0.524,-1.283,-1.506,0.257,-1.061,-0.290,-0.088,2.993,2.058,1.183,6.065,9.598,7.693,-9.502,8.306,-9.461,0.397,1.904,-4.116
mag,108169,0.814,-1.217,0.231,0.177,-2.155,0.453,-1.188,-1.348,0.179,-1.005,-0.236,-0.108,3.472,2.146,1.383,7.608,10.507,9.957,-9.597,8.724,-10.169,0.438,2.013,-3.955
mag,108253,0.834,-1.137,0.195,0.268,-2.106,0.399,-1.174,-1.443,0.196,-1.049,-0.326,-0.093,3.264,1.902,1.107,8.275,9.125,8.494,-13.357,11.417,-10.642,0.468,2.250,-4.587
mag,108329,0.839,-1.085,0.236,0.400,-2.070,0.485,-1.181,-1.575,0.313,-1.115,-0.368,-0.064,2.820,1.704,1.063,6.449,7.677,6.863,-12.803,10.931,-7.574,0.187,2.243,-4.726
mag,108414,0.849,-1.063,0.243,0.417,-2.006,0.509,-1.159,-1.609,0.350,-1.096,-0.409,-0.022,2.647,1.679,1.078,5.873,7.203,6.487,-12.263,10.931,-7.132,0.204,2.372,-4.744
mag,108491,0.919,-1.059,0.373,0.407,-2.057,0.773,-1.213,-1.577,0.569,-1.144,-0.368,0.085,2.163,1.758,1.195,3.221,6.666,5.386,-7.554,7.503,-6.009,0.153,2.194,-3.940
mag,108571,0.727,-1.112,0.556,0.041,-1.762,0.893,-1.074,-0.945,0.540,-0.856,-0.175,0.122,2.049,1.994,2.059,0.445,5.907,6.136,-3.606,4.442,-2.957,-0.072,1.794,-2.143
mag,108653,0.968,-1.110,0.466,0.390,-2.087,0.893,-1.137,-1.499,0.669,-1.056,-0.402,0.178,1.958,2.246,1.246,1.695,7.907,4.996,-3.984,7.222,-5.086,0.253,2.409,-2.490
mag,108716,1.171,-0.927,0.488,0.851,-2.209,1.102,-1.198,-2.090,1.092,-1.318,-0.707,0.400,1.131,1.904,0.524,0.619,5.773,1.602,-2.910,6.680,-5.144,0.380,2.536,-2.576
mag,108793,1.308,-0.944,0.378,1.117,-2.475,0.973,-1.203,-2.585,1.075,-1.435,-0.946,0.358,0.925,2.060,0.113,0.631,6.549,0.308,-1.834,8.162,-6.978,0.490,2.856,-2.405
mag,108864,1.391,-0.741,0.419,1.454,-2.411,1.225,-1.159,-2.954,1.524,-1.618,-1.152,0.595,0.418,1.826,-0.160,-0.177,4.826,-0.886,-0.586,6.243,-5.633,0.553,2.741,-1.999
mag,108936,1.452,-0.658,0.436,1.657,-2.384,1.393,-1.130,-3.149,1.846,-1.706,-1.261,0.761,0.156,1.601,-0.436,-0.402,3.964,-1.559,0.203,5.311,-4.575,0.521,2.568,-1.548
mag,109007,1.312,-0.390,0.551,1.530,-1.730,1.603,-0.883,-2.512,2.193,-1.498,-1.081,1.047,-0.017,1.352,-0.455,-0.138,2.782,-1.288,0.381,3.790,-2.017,0.209,2.140,-0.764
mag,109083,1.398,-0.480,0.439,1.596,-1.982,1.442,-0.932,-2.815,1.980,-1.506,-1.269,0.920,0.083,1.455,-0.739,0.172,3.207,-1.828,0.688,4.776,-1.773,-0.026,2.436,-0.471
mag,109159,1.217,-0.248,0.239,1.774,-1.520,1.083,-0.370,-3.088,2.073,-1.445,-1.645,1.118,-0.049,1.181,-0.866,0.213,2.592,-2.080,1.523,5.250,-1.724,0.040,2.980,-0.142
mag,109244,1.120,-0.180,0.199,1.657,-1.362,0.893,-0.151,-3.010,1.858,-1.308,-1.733,1.069,-0.132,1.194,-1.012,0.382,2.606,-2.333,2.029,6.038,-1.272,-0.199,3.422,0.288
mag,109316,1.027,-0.104,0.116,1.581,-1.134,0.744,0.076,-2.805,1.690,-1.139,-1.777,1.074,-0.088,1.096,-1.054,0.494,2.423,-2.321,2.527,6.309,-0.550,-0.411,3.657,0.786
mag,109387,0.780,0.013,-0.006,1.283,-0.705,0.380,0.555,-2.297,1.206,-0.695,-1.933,0.974,-0.085,0.942,-1.036,0.709,2.059,-2.214,4.287,7.515,0.830,-0.909,4.963,2.549
mag,109469,0.631,0.086,-0.086,1.071,-0.512,0.160,0.662,-1.873,0.808,-0.392,-1.742,0.744,0.000,0.862,-1.100,1.009,1.837,-2.143,5.996,7.535,3.730,-1.952,5.268,5.051
mag,109548,0.536,0.096,-0.145,0.981,-0.312,0.053,0.738,-1.567,0.682,-0.187,-1.589,0.725,-0.022,0.649,-1.244,1.190,1.290,-2.167,5.857,5.452,4.131,-1.686,4.274,5.430
mag,109616,0.595,0.187,-0.162,1.073,-0.295,0.104,0.696,-1.594,0.867,-0.300,-1.520,0.808,0.112,0.537,-1.412,1.524,1.073,-2.101,4.006,4.249,3.855,-1.297,3.056,3.872
mag,109692,0.607,0.252,-0.196,1.152,-0.280,0.160,0.616,-1.526,1.043,-0.309,-1.366,0.893,0.230,0.368,-1.474,1.693,0.702,-1.733,2.607,3.040,3.015,-0.829,2.148,2.678
mag,109768,0.687,0.262,-0.240,1.203,-0.365,0.204,0.489,-1.465,1.099,-0.417,-1.193,0.874,0.457,0.190,-1.456,2.110,0.560,-1.166,1.558,2.366,3.047,-0.834,1.572,2.183
mag,109849,0.744,0.213,-0.220,1.230,-0.419,0.275,0.382,-1.394,1.143,-0.422,-1.117,0.869,0.586,0.193,-1.464,2.167,0.641,-1.035,1.279,2.239,2.898,-0.812,1.425,1.982
mag,109928,0.675,0.238,-0.225,1.086,-0.356,0.216,0.416,-1.196,0.992,-0.319,-1.015,0.781,0.630,0.141,-1.393,2.191,0.534,-0.759,1.157,1.798,2.917,-0.795,1.191,1.973
mag,110005,0.658,0.262,-0.233,1.120,-0.329,0.221,0.367,-1.206,1.016,-0.317,-1.005,0.810,0.589,0.129,-1.337,2.020,0.485,-0.754,1.184,1.705,2.719,-0.682,1.174,1.934
mag,110090,0.636,0.299,-0.257,1.076,-0.260,0.138,0.479,-1.179,0.913,-0.253,-0.995,0.788,0.535,0.078,-1.386,2.086,0.441,-0.920,1.409,1.710,2.907,-0.729,1.200,2.151
mag,110176,0.558,0.287,-0.284,1.054,-0.234,0.092,0.535,-1.143,0.855,-0.258,-1.042,0.771,0.459,0.071,-1.427,1.983,0.297,-1.101,1.731,1.732,3.037,-0.751,1.276,2.385
mag,110252,0.497,0.311,-0.299,0.998,-0.075,-0.006,0.611,-1.062,0.750,-0.104,-1.037,0.747,0.432,0.061,-1.388,1.900,0.209,-1.152,1.948,1.512,2.998,-0.668,1.213,2.564
mag,110338,0.404,0.323,-0.338,0.903,-0.014,-0.121,0.704,-0.898,0.586,0.047,-1.022,0.676,0.340,-0.015,-1.334,1.771,0.055,-1.198,2.280,1.221,3.008,-0.582,1.095,2.935
mag,110418,0.373,0.313,-0.384,0.802,0.047,-0.226,0.731,-0.791,0.454,0.103,-0.942,0.590,0.332,-0.108,-1.229,1.576,-0.057,-1.147,2.393,0.860,2.702,-0.421,1.008,3.042
mag,110497,0.326,0.326,-0.367,0.780,0.079,-0.206,0.736,-0.718,0.420,0.142,-0.927,0.595,0.308,-0.073,-1.251,1.532,-0.067,-1.191,2.522,0.836,2.693,-0.372,0.988,3.225
mag,110574,0.380,0.304,-0.330,0.910,-0.016,-0.123,0.814,-0.938,0.645,0.030,-1.127,0.771,0.257,0.034,-1.227,1.417,0.104,-1.296,2.566,1.368,2.343,-0.267,1.430,3.001
mag,110655,0.436,0.321,-0.291,0.964,0.003,-0.055,0.860,-1.077,0.894,-0.021,-1.222,1.032,0.215,0.134,-1.134,1.195,0.219,-1.213,2.317,1.536,1.579,-0.001,1.696,2.395
mag,110735,0.595,0.323,-0.203,1.283,-0.155,0.233,0.863,-1.543,1.592,-0.444,-1.474,1.447,0.149,0.232,-1.154,1.061,0.477,-1.364,2.009,2.061,0.835,0.048,2.004,1.624
mag,110810,0.895,0.277,-0.074,1.728,-0.402,0.714,0.469,-2.053,2.527,-0.995,-1.423,1.730,0.127,0.354,-1.161,0.904,0.687,-1.413,1.445,2.086,0.256,0.062,1.796,0.808
mag,110895,1.276,0.257,0.119,2.282,-0.925,1.486,-0.368,-2.659,3.330,-1.545,-1.347,1.726,0.029,0.505,-1.281,0.836,0.912,-1.674,1.152,2.178,-0.208,0.057,1.637,0.315
mag,110972,1.539,0.199,0.295,2.587,-1.237,2.125,-1.005,-2.620,3.619,-1.784,-1.127,1.594,0.037,0.532,-1.349,0.846,0.927,-1.726,0.967,2.017,-0.379,0.075,1.391,0.120
mag,111057,2.045,-0.045,0.458,2.883,-2.370,2.882,-1.845,-3.086,3.443,-1.948,-1.029,1.240,-0.002,0.703,-1.532,0.860,1.234,-2.133,0.874,2.252,-0.564,-0.026,1.432,-0.044
mag,111133,1.945,0.018,0.431,2.914,-2.201,2.716,-1.706,-3.208,3.577,-2.001,-1.125,1.315,-0.058,0.683,-1.464,0.748,1.183,-2.101,0.889,2.259,-0.640,0.045,1.471,-0.044
mag,111208,1.776,0.094,0.353,2.692,-1.840,2.409,-1.391,-3.010,3.555,-1.862,-1.154,1.406,-0.044,0.669,-1.398,0.775,1.176,-1.972,0.969,2.278,-0.545,0.057,1.501,0.010
mag,111289,1.261,0.177,0.090,2.179,-1.054,1.337,-0.314,-2.708,2.964,-1.464,-1.427,1.560,0.078,0.559,-1.347,0.985,1.073,-1.801,1.247,2.603,-0.012,-0.087,1.860,0.474
mag,111365,1.117,0.211,0.024,1.950,-0.763,1.037,-0.033,-2.417,2.566,-1.227,-1.403,1.518,0.159,0.473,-1.298,1.136,0.971,-1.572,1.313,2.596,0.420,-0.145,1.850,0.730
mag,111445,0.888,0.179,-0.120,1.547,-0.702,0.517,0.291,-1.992,1.707,-0.793,-1.435,1.171,0.393,0.356,-1.249,1.712,0.946,-1.201,1.387,2.933,1.884,-0.631,1.952,1.528
mag,111530,1.046,0.101,-0.064,1.596,-0.866,0.807,0.023,-1.982,1.888,-0.910,-1.278,1.162,0.501,0.412,-1.173,1.666,1.095,-0.944,0.974,2.684,1.599,-0.550,1.713,1.172
mag,111615,0.939,0.126,0.031,1.408,-0.617,0.880,0.074,-1.431,1.902,-0.825,-0.959,1.259,0.484,0.359,-0.890,1.197,0.892,-0.551,0.710,1.746,1.023,-0.253,1.264,0.911
mag,111691,0.617,0.233,0.077,0.939,0.023,0.641,0.394,-0.400,1.607,-0.356,-0.422,1.374,0.181,0.271,-0.521,0.514,0.470,-0.446,0.571,0.819,0.119,0.187,0.807,0.371
mag,111777,0.170,0.191,0.002,0.317,0.186,0.153,0.338,0.149,0.484,0.167,0.086,0.656,0.076,0.178,-0.258,0.143,0.201,-0.288,0.259,0.289,-0.117,0.243,0.324,0.020
mag,111862,0.038,0.143,0.002,0.136,0.106,0.014,0.176,0.132,0.140,0.162,0.101,0.239,0.003,0.085,-0.162,0.030,0.128,-0.158,0.100,0.189,-0.144,0.153,0.209,-0.102
mag,111943,0.031,0.094,-0.010,0.085,0.084,0.009,0.118,0.063,0.069,0.113,0.079,0.126,0.027,0.085,-0.075,0.025,0.097,-0.114,0.078,0.115,-0.100,0.097,0.160,-0.073
mag,112014,0.026,0.052,-0.008,0.038,0.047,0.006,0.047,0.063,0.030,0.071,0.077,0.053,-0.019,0.053,-0.045,0.006,0.028,-0.051,0.063,0.137,-0.054,0.067,0.104,-0.039
mag,112100,0.006,0.023,0.024,0.031,0.042,0.011,0.042,0.037,0.022,0.057,0.050,0.046,0.003,0.066,-0.026,0.008,0.079,-0.021,0.061,0.079,-0.020,0.057,0.087,-0.015
mag,112185,0.016,0.028,-0.001,0.014,0.025,0.009,0.050,0.039,0.010,0.057,0.030,0.026,-0.002,0.061,0.001,0.035,0.001,-0.014,0.002,0.074,0.005,0.011,0.068,-0.019
mag,112270,0.004,0.003,0.026,0.026,-0.016,0.026,0.040,0.012,-0.002,0.042,0.037,0.004,-0.014,0.029,-0.004,-0.001,0.035,-0.026,-0.017,0.040,-0.005,0.011,0.073,-0.032
mag,112356,-0.021,0.013,0.011,0.031,0.040,0.001,0.028,0.010,0.008,0.023,0.011,0.019,-0.019,0.012,-0.001,-0.021,0.040,-0.012,0.005,0.042,-0.017,0.009,0.051,0.000
mag,112438,0.004,0.008,0.009,-0.023,0.006,-0.006,0.025,0.068,0.005,0.025,0.020,0.019,0.010,0.032,-0.016,-0.014,0.040,-0.014,0.010,0.037,-0.015,0.031,0.065,-0.017
mag,112515,0.004,0.008,-0.003,0.033,0.040,0.004,0.030,0.022,0.008,0.020,-0.006,0.019,-0.017,0.029,-0.006,0.013,0.040,-0.007,0.039,0.045,-0.025,0.023,0.048,-0.015
mag,112595,0.009,0.016,-0.015,-0.015,-0.004,-0.006,-0.004,0.041,-0.026,0.023,0.035,-0.000,0.025,0.024,-0.021,0.003,0.004,-0.029,-0.007,0.081,-0.032,0.009,0.026,-0.041
mag,112673,-0.018,0.018,-0.013,0.007,0.025,-0.013,-0.021,0.019,-0.009,0.040,0.013,-0.015,-0.029,0.010,-0.045,-0.028,-0.001,-0.014,0.005,0.018,-0.042,-0.004,0.051,-0.032
mag,112751,-0.011,0.038,-0.008,-0.003,0.006,-0.011,-0.021,0.019,0.003,0.059,0.040,-0.022,-0.027,0.034,-0.014,-0.048,0.011,-0.021,-0.024,0.018,-0.020,0.001,0.026,-0.024
mag,112829,-0.001,0.001,-0.001,-0.018,0.015,-0.006,-0.019,0.022,-0.029,-0.029,0.033,-0.022,-0.010,-0.003,0.001,-0.043,0.023,-0.024,-0.037,0.020,-0.039,-0.018,0.051,-0.037
mag,112907,-0.023,-0.016,-0.001,0.014,0.018,-0.023,0.013,-0.002,-0.019,-0.031,0.015,-0.003,-0.019,0.010,-0.018,-0.036,0.035,-0.017,-0.010,0.032,-0.022,-0.006,0.041,-0.037
mag,112985,-0.030,-0.001,-0.018,-0.020,0.020,-0.006,-0.004,0.049,-0.024,0.010,0.035,-0.027,-0.036,-0.000,-0.021,-0.023,-0.011,-0.029,-0.034,0.042,-0.032,0.018,0.033,-0.037
mag,113061,-0.006,0.021,-0.015,0.002,0.028,-0.021,0.010,0.005,-0.024,-0.004,0.020,-0.027,0.003,0.014,-0.026,-0.009,0.014,-0.041,0.002,0.025,-0.030,-0.001,0.021,-0.041
mag,113139,-0.008,0.001,-0.015,-0.015,-0.021,-0.013,-0.041,0.022,-0.014,-0.004,0.020,0.002,-0.005,0.017,-0.021,-0.023,0.009,-0.024,-0.024,-0.007,-0.052,-0.016,0.036,-0.049
mag,113214,0.001,0.001,-0.008,-0.006,-0.021,-0.006,-0.002,0.010,-0.017,-0.007,0.001,-0.018,-0.024,0.024,-0.009,-0.001,0.004,-0.024,0.019,0.015,-0.034,-0.011,0.048,-0.039
mag,113290,-0.021,0.018,-0.013,-0.015,0.025,-0.021,0.015,0.015,-0.022,-0.004,0.018,-0.018,-0.019,0.022,-0.045,-0.011,0.006,-0.014,-0.022,0.010,-0.027,0.004,0.043,-0.039
mag,113365,-0.025,0.013,0.004,-0.033,0.018,-0.011,-0.014,-0.015,-0.036,0.035,0.018,-0.018,-0.014,0.017,-0.018,-0.001,0.018,-0.019,-0.010,0.010,-0.049,0.006,0.051,-0.051
mag,113443,-0.030,-0.033,0.002,-0.035,0.028,-0.033,0.008,0.029,-0.022,-0.009,0.006,-0.025,-0.002,0.017,-0.021,-0.023,0.011,-0.019,-0.024,0.030,-0.044,0.021,0.055,-0.027
mag,113518,-0.025,0.013,-0.013,0.007,0.018,-0.021,0.040,-0.010,-0.022,0.020,0.018,-0.032,-0.029,0.032,-0.028,-0.001,0.038,-0.034,-0.005,0.035,-0.025,-0.008,-0.008,-0.059
mag,113596,-0.008,0.008,-0.020,-0.006,-0.024,0.001,-0.012,-0.000,-0.034,0.001,0.006,-0.018,0.015,-0.005,-0.040,-0.031,0.016,-0.029,-0.010,0.006,-0.039,0.001,0.029,-0.046
mag,113672,-0.028,0.030,-0.010,-0.006,0.003,-0.013,-0.007,0.012,-0.024,-0.002,0.037,-0.037,-0.041,0.017,-0.004,-0.011,0.011,-0.029,-0.010,0.020,-0.020,0.018,0.016,-0.039
mag,113748,0.014,0.011,-0.013,-0.006,-0.009,0.006,0.008,0.027,-0.017,0.003,-0.004,-0.010,-0.049,0.027,-0.021,-0.004,0.018,-0.021,-0.003,0.006,-0.012,0.040,0.043,-0.041
mag,113825,-0.003,0.021,-0.010,-0.001,-0.009,-0.013,0.001,0.019,-0.036,0.003,0.015,-0.020,-0.024,0.019,-0.036,-0.033,0.009,-0.041,-0.003,0.006,-0.042,0.014,0.024,-0.037
mag,113902,-0.025,0.008,-0.013,-0.015,0.025,-0.013,-0.004,0.007,-0.039,0.010,0.030,-0.030,-0.005,0.010,-0.026,0.025,-0.004,-0.038,0.005,0.013,-0.042,0.006,0.004,-0.054
mag,113979,-0.023,0.021,-0.015,0.024,0.006,-0.028,-0.002,-0.005,-0.029,0.003,0.003,-0.032,-0.034,-0.005,-0.026,-0.040,-0.006,-0.036,0.005,0.023,-0.054,0.004,0.007,-0.041
mag,114057,-0.001,0.013,-0.030,-0.025,0.011,-0.025,0.025,0.015,-0.031,0.020,0.015,-0.025,-0.058,-0.017,-0.043,0.016,-0.018,-0.046,-0.005,-0.002,-0.022,0.036,-0.023,-0.044
mag,114135,0.004,0.003,-0.030,0.002,0.028,-0.035,-0.026,0.029,-0.041,0.008,-0.004,-0.049,-0.019,-0.010,-0.031,-0.028,-0.011,-0.031,-0.010,0.023,-0.034,-0.028,0.019,-0.054
mag,114212,-0.006,0.006,-0.025,0.002,0.013,-0.033,-0.009,0.039,-0.031,-0.014,0.037,-0.049,0.003,0.012,-0.026,-0.019,0.026,-0.031,0.017,0.030,-0.059,-0.008,0.026,-0.061
mag,114290,-0.006,0.030,-0.010,0.009,0.013,-0.023,0.008,-0.012,-0.036,-0.021,0.033,-0.057,-0.036,-0.005,-0.048,-0.004,-0.016,-0.031,0.010,0.008,-0.044,0.014,0.019,-0.034
mag,114368,0.001,0.003,-0.023,-0.006,0.030,-0.052,0.008,0.024,-0.046,0.035,0.033,-0.027,0.008,0.022,-0.043,0.003,-0.006,-0.046,0.019,-0.002,-0.059,0.043,-0.006,-0.049
mag,114444,0.016,0.011,-0.037,-0.003,0.059,-0.045,0.052,0.024,-0.024,0.023,0.008,-0.047,0.000,-0.000,-0.026,0.006,0.028,-0.041,0.012,-0.031,-0.049,-0.001,0.009,-0.080
mag,114521,0.011,-0.036,-0.030,0.009,-0.021,-0.047,0.015,0.010,-0.046,0.032,0.030,-0.037,0.005,-0.000,-0.038,-0.006,-0.011,-0.063,0.007,-0.038,-0.056,0.028,0.026,-0.078
mag,114599,-0.001,-0.004,-0.057,-0.003,0.013,-0.043,0.042,-0.012,-0.066,0.054,0.030,-0.054,-0.029,-0.012,-0.045,0.021,0.023,-0.060,0.034,-0.009,-0.064,0.084,0.036,-0.056
mag,114715,0.026,0.023,-0.059,0.065,0.025,-0.082,0.137,0.010,-0.058,0.201,-0.021,-0.020,0.008,0.002,-0.043,0.062,-0.016,-0.085,0.115,-0.029,-0.083,0.182,0.036,-0.056
mag,114791,0.058,0.011,-0.084,0.114,0.011,-0.082,0.257,-0.005,-0.034,0.360,-0.063,0.119,0.049,-0.015,-0.082,0.111,0.018,-0.075,0.181,0.059,-0.052,0.299,0.129,0.054
mag,114867,0.123,-0.021,-0.072,0.214,-0.009,-0.067,0.455,-0.056,0.113,0.599,-0.160,0.473,0.073,-0.003,-0.070,0.160,0.038,-0.075,0.317,0.130,0.012,0.321,0.268,0.181
mag,114938,0.214,-0.004,-0.076,0.412,-0.024,-0.016,0.721,-0.154,0.450,0.628,-0.265,1.035,0.159,0.032,-0.075,0.282,0.109,-0.031,0.356,0.274,0.136,0.341,0.470,0.342
mag,115010,0.470,-0.041,-0.008,0.766,-0.185,0.324,0.831,-0.471,1.380,0.003,-0.590,1.848,0.313,0.168,-0.011,0.414,0.253,0.103,0.398,0.596,0.442,0.087,0.715,0.547
mag,115082,0.695,-0.221,0.190,0.927,-0.497,0.775,0.250,-0.940,1.795,-0.632,-0.790,1.433,0.454,0.241,0.131,0.543,0.492,0.408,0.176,0.843,0.820,-0.248,0.793,0.696
mag,115151,0.690,-0.395,0.229,0.812,-0.807,0.773,-0.087,-1.284,1.380,-0.673,-0.937,0.925,0.664,0.295,0.301,0.777,0.678,0.804,0.010,1.021,1.374,-0.563,0.829,0.960
mag,115218,0.646,-0.507,0.126,0.607,-0.990,0.514,-0.170,-1.304,0.789,-0.566,-0.932,0.456,0.955,0.315,0.499,1.056,0.707,1.363,-0.271,1.070,2.175,-0.939,0.724,1.243
mag,115300,0.543,-0.587,0.124,0.426,-1.032,0.407,-0.248,-1.182,0.520,-0.517,-0.780,0.222,1.094,0.293,0.716,1.217,0.714,1.876,-0.559,0.936,2.563,-1.202,0.534,1.250
mag,115377,0.446,-0.553,0.036,0.409,-0.986,0.255,-0.156,-1.150,0.364,-0.427,-0.832,0.151,1.145,0.176,0.680,1.466,0.531,1.959,-0.552,0.870,3.144,-1.410,0.505,1.594
mag,115448,0.319,-0.387,-0.064,0.378,-0.737,0.036,0.059,-1.089,0.213,-0.275,-0.910,0.136,0.960,0.019,0.338,1.564,0.114,1.343,0.442,0.511,3.676,-1.390,0.475,2.671
mag,115525,0.368,-0.397,-0.062,0.431,-0.761,0.082,0.052,-1.169,0.230,-0.319,-0.944,0.146,0.982,0.036,0.340,1.595,0.223,1.392,0.403,0.731,3.781,-1.500,0.639,2.590
mag,115601,0.434,-0.377,-0.064,0.539,-0.802,0.116,0.157,-1.345,0.420,-0.370,-1.200,0.300,0.894,0.151,0.240,1.505,0.429,1.102,0.637,1.170,3.371,-1.261,1.049,2.578
mag,115677,0.497,-0.397,-0.013,0.632,-0.876,0.233,0.154,-1.465,0.669,-0.490,-1.288,0.505,0.860,0.180,0.265,1.322,0.573,1.038,0.503,1.361,2.805,-1.046,1.166,2.117
mag,115755,0.661,-0.451,0.026,0.805,-1.049,0.377,0.020,-1.748,0.957,-0.634,-1.313,0.607,0.916,0.298,0.277,1.332,0.785,1.077,0.129,1.612,2.546,-1.092,1.237,1.687
mag,115822,0.849,-0.587,0.138,0.956,-1.344,0.741,-0.314,-1.953,1.311,-0.917,-1.242,0.615,0.940,0.437,0.372,1.156,1.100,1.202,-0.222,1.746,2.085,-1.058,1.098,1.118
mag,115891,1.295,-0.873,0.532,1.044,-2.023,1.715,-1.093,-1.939,1.631,-1.149,-0.932,0.458,0.962,0.798,0.511,0.794,1.564,1.231,-0.669,1.566,1.301,-0.880,0.829,0.488
mag,115960,1.481,-1.664,1.178,0.004,-2.677,2.221,-1.354,-1.350,0.767,-0.925,-0.529,0.085,1.004,1.294,0.965,0.128,1.959,1.563,-1.055,1.116,0.791,-0.782,0.492,0.188
mag,116028,1.129,-2.360,1.401,-0.745,-2.736,1.676,-1.149,-1.008,0.203,-0.654,-0.419,-0.110,0.979,1.894,1.549,-0.565,2.291,1.846,-1.216,0.872,0.495,-0.726,0.297,0.042
mag,116100,0.333,-2.028,0.446,-0.662,-1.816,0.260,-0.637,-0.671,-0.158,-0.368,-0.287,-0.201,1.067,2.551,3.610,-1.762,2.318,3.060,-1.499,0.494,0.420,-0.712,0.131,-0.032
mag,116183,0.180,-1.208,-0.123,-0.255,-1.186,-0.182,-0.373,-0.610,-0.251,-0.207,-0.314,-0.257,2.429,1.269,5.470,-2.194,1.398,5.994,-2.136,0.101,0.822,-0.983,-0.018,-0.005
mag,116251,0.248,-0.788,-0.262,-0.015,-0.986,-0.309,-0.253,-0.625,-0.327,-0.224,-0.373,-0.262,3.748,-0.198,3.812,0.414,-0.026,9.129,-3.477,-0.331,2.253,-1.559,-0.152,0.195
mag,116330,0.192,-0.419,-0.294,0.112,-0.597,-0.321,-0.075,-0.645,-0.317,-0.190,-0.468,-0.289,2.215,-0.740,0.726,3.915,-1.940,4.449,-3.257,-2.524,6.987,-3.043,-0.897,1.514
mag,116399,0.182,-0.365,-0.269,0.173,-0.612,-0.318,-0.002,-0.828,-0.339,-0.158,-0.619,-0.303,1.641,-0.393,0.226,3.631,-1.063,2.491,-0.637,-2.175,9.741,-4.037,-0.948,3.403
mag,116478,0.253,-0.329,-0.286,0.290,-0.605,-0.370,0.120,-1.033,-0.383,-0.131,-0.934,-0.345,1.226,-0.152,-0.057,3.180,-0.257,1.177,2.927,0.386,10.935,-4.838,0.532,6.638
mag,116546,0.277,-0.329,-0.308,0.405,-0.719,-0.382,0.218,-1.333,-0.366,-0.222,-1.200,-0.330,1.182,0.007,-0.099,2.972,0.143,0.967,3.281,2.715,9.822,-4.422,2.197,6.545
mag,116623,0.394,-0.365,-0.299,0.639,-0.851,-0.375,0.413,-1.963,-0.175,-0.339,-1.791,-0.179,1.038,0.049,-0.138,2.489,0.585,0.582,2.988,4.188,6.530,-2.985,3.698,5.044
mag,116703,0.499,-0.409,-0.296,0.849,-1.078,-0.284,0.416,-2.493,0.205,-0.602,-2.079,0.112,1.074,0.205,-0.062,2.257,0.861,0.760,1.479,4.014,4.795,-2.269,2.988,3.179
mag,116788,0.756,-0.524,-0.281,1.252,-1.576,-0.018,0.079,-3.237,0.848,-1.066,-2.113,0.380,1.135,0.344,0.016,2.059,1.383,0.906,0.288,3.741,3.369,-1.783,2.284,1.738
mag,116865,0.946,-0.670,-0.262,1.486,-1.977,0.216,-0.351,-3.533,1.182,-1.276,-1.962,0.358,1.204,0.505,0.060,1.971,1.669,1.063,-0.281,3.560,2.788,-1.678,1.904,1.206
mag,116951,0.734,-0.536,-0.330,1.147,-1.491,-0.116,0.047,-3.001,0.608,-0.908,-1.930,0.236,1.223,0.371,0.030,2.325,1.388,1.097,0.142,3.919,3.901,-2.054,2.292,1.931
mag,117031,0.485,-0.465,-0.306,0.817,-1.130,-0.274,0.235,-2.336,0.118,-0.566,-1.755,0.026,1.184,0.198,-0.021,2.506,0.927,1.028,0.998,3.946,5.390,-2.508,2.594,3.079
mag,117110,0.448,-0.346,-0.323,0.761,-0.932,-0.360,0.545,-2.305,0.015,-0.417,-2.065,0.043,0.979,0.095,-0.128,2.211,0.673,0.555,2.219,3.909,4.995,-2.257,3.395,3.948
mag,117194,0.363,-0.319,-0.318,0.644,-0.798,-0.406,0.609,-2.119,-0.171,-0.273,-2.101,-0.052,0.864,0.058,-0.160,2.052,0.472,0.347,3.069,3.734,4.875,-2.042,4.045,4.898
mag,117282,0.297,-0.246,-0.318,0.541,-0.685,-0.440,0.682,-1.792,-0.312,-0.056,-2.052,-0.162,0.757,0.034,-0.184,1.825,0.263,0.142,3.889,3.135,4.319,-1.354,4.758,6.240
mag,117371,0.292,-0.231,-0.291,0.531,-0.575,-0.404,0.587,-1.614,-0.332,-0.041,-1.833,-0.215,0.777,-0.005,-0.194,1.847,0.231,0.152,4.204,2.825,4.853,-1.595,4.482,7.092
mag,117461,0.253,-0.268,-0.289,0.463,-0.595,-0.399,0.477,-1.411,-0.329,-0.038,-1.554,-0.267,0.818,-0.032,-0.172,1.959,0.138,0.264,4.280,2.398,5.710,-2.049,3.671,7.561
mag,117550,0.304,-0.309,-0.303,0.553,-0.663,-0.389,0.443,-1.677,-0.251,-0.143,-1.693,-0.167,0.879,0.002,-0.145,2.106,0.270,0.391,3.621,3.001,5.747,-2.267,3.669,6.282
mag,117640,0.294,-0.280,-0.291,0.485,-0.592,-0.357,0.487,-1.489,-0.261,-0.107,-1.628,-0.145,0.801,-0.017,-0.145,1.920,0.136,0.311,3.655,2.269,5.078,-1.676,3.361,6.577
mag,117725,0.246,-0.241,-0.247,0.414,-0.531,-0.326,0.535,-1.284,-0.244,0.023,-1.540,-0.140,0.713,-0.042,-0.138,1.612,0.055,0.211,3.740,1.536,4.118,-0.687,3.046,7.114
mag,117809,0.224,-0.236,-0.233,0.426,-0.507,-0.314,0.479,-1.218,-0.236,0.045,-1.474,-0.157,0.681,-0.015,-0.138,1.586,0.035,0.215,3.638,1.258,3.989,-0.511,2.680,7.131
mag,117898,0.228,-0.258,-0.245,0.400,-0.527,-0.328,0.460,-1.199,-0.273,0.010,-1.371,-0.179,0.720,-0.042,-0.153,1.703,0.016,0.289,3.718,1.285,4.702,-1.114,2.504,7.249
mag,117985,0.268,-0.258,-0.255,0.448,-0.553,-0.318,0.489,-1.294,-0.236,-0.014,-1.435,-0.169,0.698,-0.034,-0.119,1.703,0.065,0.284,3.574,1.451,4.614,-1.131,2.602,6.948
mag,118057,0.243,-0.224,-0.240,0.380,-0.478,-0.299,0.401,-1.147,-0.214,0.003,-1.325,-0.164,0.740,-0.030,-0.106,1.617,-0.033,0.284,3.564,0.970,4.338,-0.817,2.172,7.146
mag,118141,0.243,-0.221,-0.235,0.365,-0.495,-0.294,0.423,-1.118,-0.236,0.028,-1.347,-0.154,0.667,-0.061,-0.121,1.612,-0.052,0.247,3.469,0.960,4.197,-0.685,2.079,7.078
mag,118230,0.204,-0.224,-0.233,0.373,-0.448,-0.277,0.404,-1.084,-0.232,0.018,-1.271,-0.157,0.674,-0.064,-0.111,1.586,-0.028,0.254,3.464,0.767,4.165,-0.611,1.882,7.046
mag,118318,0.241,-0.238,-0.240,0.380,-0.480,-0.277,0.394,-1.057,-0.246,0.037,-1.335,-0.137,0.684,-0.098,-0.119,1.556,-0.013,0.254,3.452,0.809,4.030,-0.519,1.940,7.002
mag,118407,0.209,-0.214,-0.225,0.351,-0.458,-0.252,0.399,-1.055,-0.197,0.035,-1.242,-0.118,0.694,-0.064,-0.099,1.520,-0.067,0.279,3.225,0.709,3.908,-0.511,1.686,6.655
mag,118494,0.243,-0.243,-0.218,0.390,-0.514,-0.265,0.396,-1.133,-0.173,0.013,-1.244,-0.093,0.703,-0.044,-0.070,1.593,-0.035,0.372,3.108,0.821,4.131,-0.804,1.679,6.277
mag,118583,0.265,-0.268,-0.238,0.402,-0.568,-0.238,0.396,-1.238,-0.109,-0.048,-1.374,-0.047,0.725,-0.012,-0.072,1.634,0.038,0.423,2.842,1.177,4.292,-1.053,1.935,5.752
mag,118667,0.268,-0.263,-0.245,0.422,-0.575,-0.250,0.399,-1.265,-0.117,-0.090,-1.342,-0.057,0.774,-0.022,-0.062,1.744,0.082,0.496,2.739,1.299,4.541,-1.295,1.867,5.610
mag,118748,0.304,-0.246,-0.220,0.446,-0.639,-0.231,0.413,-1.353,-0.053,-0.075,-1.415,-0.000,0.799,-0.012,-0.040,1.759,0.140,0.547,2.502,1.361,4.443,-1.307,1.872,5.171
mag,118836,0.333,-0.309,-0.228,0.522,-0.671,-0.216,0.379,-1.416,-0.009,-0.185,-1.396,0.068,0.838,0.002,-0.028,1.820,0.209,0.689,2.104,1.568,4.587,-1.542,1.847,4.595
mag,118924,0.324,-0.321,-0.235,0.546,-0.734,-0.231,0.391,-1.523,0.027,-0.195,-1.520,0.056,0.864,0.029,-0.018,1.832,0.267,0.696,2.048,1.829,4.621,-1.630,2.018,4.475
mag,119007,0.355,-0.341,-0.203,0.549,-0.710,-0.179,0.355,-1.502,0.069,-0.224,-1.471,0.097,0.894,0.019,0.026,1.891,0.250,0.762,1.760,1.754,4.463,-1.593,1.808,4.114
mag,119084,0.448,-0.380,-0.181,0.639,-0.905,-0.074,0.240,-1.658,0.264,-0.373,-1.408,0.195,1.018,0.129,0.170,1.900,0.563,1.168,0.705,1.898,4.201,-1.705,1.491,2.908
mag,119167,0.644,-0.546,-0.120,0.788,-1.320,0.197,-0.117,-1.931,0.596,-0.646,-1.278,0.268,1.216,0.373,0.355,1.817,1.054,1.624,-0.315,2.047,3.398,-1.551,1.193,1.680
mag,119256,0.861,-0.954,0.116,0.610,-1.828,0.651,-0.629,-1.675,0.611,-0.737,-0.890,0.153,1.367,0.705,0.846,1.192,1.630,2.295,-1.148,1.539,2.195,-1.249,0.698,0.796
mag,119324,0.983,-1.288,0.427,0.285,-2.104,1.037,-0.849,-1.397,0.530,-0.698,-0.671,0.083,1.345,1.067,1.207,0.563,1.947,2.410,-1.270,1.229,1.484,-1.036,0.527,0.437
mag,119397,0.656,-1.444,0.295,-0.118,-1.825,0.492,-0.600,-0.977,0.071,-0.485,-0.480,-0.098,1.619,1.352,2.311,-0.211,2.028,3.516,-1.685,0.757,1.250,-1.012,0.241,0.271
mag,119476,0.321,-1.127,-0.032,-0.125,-1.269,-0.025,-0.387,-0.737,-0.127,-0.324,-0.431,-0.179,2.119,0.949,3.544,-0.746,1.432,5.030,-2.014,0.308,1.340,-1.080,0.060,0.227
mag,119544,0.289,-0.878,-0.142,-0.025,-1.039,-0.135,-0.307,-0.710,-0.188,-0.261,-0.404,-0.179,2.461,0.078,3.075,0.111,0.399,5.833,-2.363,-0.046,1.972,-1.339,-0.079,0.374
mag,119613,0.211,-0.543,-0.184,0.119,-0.737,-0.162,-0.131,-0.703,-0.168,-0.226,-0.502,-0.184,1.912,-0.415,1.273,1.952,-0.736,4.083,-2.039,-0.732,3.828,-1.883,-0.301,1.108
mag,119691,0.175,-0.304,-0.186,0.165,-0.512,-0.182,0.032,-0.659,-0.163,-0.141,-0.548,-0.159,1.189,-0.386,0.380,1.918,-0.819,1.815,-0.183,-1.396,4.421,-1.918,-0.792,2.427
mag,119759,0.253,-0.302,-0.157,0.322,-0.595,-0.160,0.089,-0.952,-0.070,-0.124,-0.844,-0.074,1.006,-0.159,0.194,1.896,-0.177,1.251,0.933,-0.121,4.839,-1.810,0.094,3.623
mag,119829,0.385,-0.414,-0.181,0.456,-0.846,-0.094,0.045,-1.323,0.108,-0.334,-1.078,0.019,1.177,0.046,0.287,2.118,0.328,1.658,0.205,1.307,4.956,-2.013,0.859,2.847
mag,119908,0.895,-0.763,-0.025,0.973,-1.808,0.495,-0.458,-2.266,0.894,-0.932,-1.274,0.275,1.294,0.581,0.431,1.722,1.569,1.734,-0.728,2.359,2.734,-1.510,1.188,1.148
mag,119980,1.188,-0.998,0.016,1.100,-2.414,0.871,-0.908,-2.539,1.038,-1.037,-1.227,0.222,1.411,0.823,0.497,1.483,2.096,1.785,-1.040,2.344,2.104,-1.341,1.061,0.718
mag,120061,1.635,-1.327,0.365,1.235,-3.295,1.950,-1.559,-2.488,1.326,-1.249,-0.995,0.202,1.238,1.054,0.524,0.907,2.230,1.468,-1.040,1.898,1.245,-1.029,0.861,0.374
mag,120130,2.294,-1.869,1.279,0.514,-3.891,3.581,-2.023,-1.804,1.236,-1.183,-0.675,0.131,1.001,1.325,0.587,0.282,2.079,1.133,-0.925,1.329,0.639,-0.753,0.580,0.151
mag,120193,2.973,-2.143,2.656,-0.521,-3.757,5.260,-2.214,-1.260,1.150,-1.132,-0.470,0.073,0.667,1.308,0.453,0.030,1.754,0.721,-0.752,1.011,0.310,-0.580,0.453,0.034
mag,120264,2.394,-2.836,3.207,-1.492,-3.466,4.032,-1.757,-1.008,0.596,-0.859,-0.375,-0.030,0.633,1.565,0.690,-0.272,1.852,0.848,-0.794,0.858,0.288,-0.577,0.370,0.017
mag,120337,1.488,-3.239,2.699,-1.595,-3.097,2.421,-1.281,-0.855,0.237,-0.678,-0.348,-0.093,0.574,1.921,1.136,-0.617,1.989,1.119,-0.933,0.750,0.273,-0.592,0.295,-0.002
mag,120410,0.431,-3.148,2.060,-1.444,-2.223,1.239,-0.912,-0.664,-0.009,-0.500,-0.263,-0.167,0.276,2.131,1.625,-1.027,1.813,1.207,-0.947,0.555,0.188,-0.550,0.185,-0.032
mag,120483,0.534,-2.892,1.547,-1.234,-2.231,1.068,-0.837,-0.728,0.013,-0.458,-0.295,-0.142,0.474,2.248,1.910,-1.117,1.952,1.553,-1.033,0.557,0.278,-0.614,0.192,-0.022
mag,120556,0.368,-2.379,1.015,-0.914,-1.886,0.641,-0.724,-0.649,-0.029,-0.417,-0.251,-0.152,0.506,2.241,2.464,-1.278,1.827,1.949,-1.140,0.489,0.354,-0.619,0.141,0.020
mag,120638,0.360,-1.720,0.390,-0.460,-1.586,0.314,-0.534,-0.698,-0.083,-0.368,-0.353,-0.140,0.982,1.897,3.282,-1.415,1.786,2.984,-1.397,0.411,0.605,-0.738,0.141,0.088
mag,120710,0.289,-1.325,0.134,-0.269,-1.310,0.104,-0.419,-0.681,-0.092,-0.319,-0.319,-0.140,1.387,1.299,3.697,-1.295,1.415,3.848,-1.607,0.313,0.840,-0.807,0.097,0.134
mag,120787,0.341,-1.237,0.090,-0.211,-1.298,0.116,-0.422,-0.730,-0.100,-0.339,-0.387,-0.140,1.658,1.147,3.492,-1.034,1.410,4.197,-1.719,0.328,1.052,-0.929,0.004,0.171
mag,120864,0.394,-1.176,0.055,-0.113,-1.405,0.121,-0.451,-0.803,-0.075,-0.348,-0.419,-0.149,1.953,1.028,3.068,-0.463,1.576,4.505,-1.890,0.479,1.406,-1.053,0.112,0.252
mag,120941,0.565,-1.098,0.038,0.058,-1.479,0.192,-0.439,-0.938,0.027,-0.429,-0.566,-0.113,2.061,0.884,2.255,0.392,1.676,4.356,-1.921,0.738,1.916,-1.244,0.246,0.447
mag,121023,0.624,-1.002,0.007,0.234,-1.559,0.246,-0.473,-1.199,0.147,-0.475,-0.673,-0.052,1.848,0.705,1.544,1.129,1.659,3.795,-1.831,1.075,2.514,-1.405,0.380,0.706
mag,121091,0.692,-0.961,-0.001,0.407,-1.637,0.348,-0.490,-1.401,0.274,-0.605,-0.749,-0.010,1.743,0.681,1.227,1.385,1.718,3.301,-1.658,1.378,2.617,-1.451,0.534,0.798
mag,121170,0.702,-0.829,0.026,0.539,-1.598,0.394,-0.417,-1.548,0.445,-0.610,-0.883,0.114,1.497,0.578,0.873,1.478,1.522,2.603,-1.253,1.563,2.693,-1.442,0.693,0.972
mag,121247,0.831,-0.900,0.099,0.646,-1.728,0.622,-0.590,-1.680,0.645,-0.705,-0.937,0.192,1.380,0.669,0.795,1.263,1.549,2.195,-1.057,1.578,2.309,-1.261,0.756,0.877
mag,121329,1.022,-1.041,0.300,0.600,-1.989,1.032,-0.805,-1.638,0.821,-0.812,-0.846,0.212,1.272,0.808,0.853,0.875,1.708,1.990,-1.047,1.412,1.672,-1.080,0.688,0.618
mag,121401,1.105,-1.439,0.617,0.134,-2.284,1.293,-0.959,-1.362,0.559,-0.771,-0.658,0.061,1.226,1.169,1.219,0.318,1.906,2.161,-1.191,1.155,1.196,-0.929,0.490,0.354
mag,121473,0.966,-1.666,0.832,-0.184,-2.201,1.261,-0.920,-1.033,0.389,-0.629,-0.502,0.007,1.079,1.333,1.505,-0.150,1.864,2.115,-1.179,0.884,0.874,-0.819,0.341,0.230
mag,121546,0.673,-1.791,0.878,-0.516,-1.908,0.961,-0.766,-0.830,0.179,-0.485,-0.373,-0.049,0.928,1.526,1.932,-0.619,1.747,2.166,-1.155,0.631,0.708,-0.753,0.236,0.142
mag,121628,0.409,-1.322,0.302,-0.238,-1.396,0.343,-0.510,-0.708,0.030,-0.358,-0.373,-0.096,1.145,1.106,2.594,-0.668,1.329,2.994,-1.328,0.379,0.974,-0.802,0.141,0.234
mag,121705,0.438,-1.146,0.185,-0.101,-1.337,0.289,-0.456,-0.818,0.047,-0.329,-0.431,-0.091,1.409,0.840,2.440,-0.309,1.202,3.358,-1.492,0.399,1.267,-0.939,0.119,0.337
mag,121790,0.448,-1.029,0.156,-0.006,-1.318,0.258,-0.441,-0.845,0.054,-0.392,-0.451,-0.066,1.502,0.681,2.257,-0.040,1.146,3.484,-1.536,0.455,1.467,-1.048,0.151,0.386
mag,121872,0.465,-0.917,0.041,0.121,-1.252,0.219,-0.370,-0.940,0.086,-0.388,-0.558,-0.042,1.648,0.508,1.818,0.602,1.017,3.585,-1.602,0.533,2.021,-1.200,0.212,0.618
mag,121955,0.385,-0.753,-0.006,0.173,-1.073,0.128,-0.297,-0.898,0.086,-0.353,-0.558,-0.040,1.607,0.244,1.568,0.924,0.617,3.382,-1.489,0.396,2.395,-1.288,0.136,0.796
mag,122035,0.441,-0.678,0.014,0.253,-1.032,0.138,-0.256,-0.962,0.113,-0.324,-0.627,0.012,1.477,0.222,1.263,1.122,0.538,3.011,-1.296,0.408,2.575,-1.312,0.197,0.952
mag,122111,0.424,-0.619,-0.001,0.229,-0.971,0.126,-0.197,-0.918,0.147,-0.326,-0.597,0.021,1.384,0.112,1.122,1.227,0.389,2.754,-1.135,0.357,2.712,-1.285,0.156,1.074
mag,122193,0.360,-0.565,-0.001,0.236,-0.856,0.138,-0.187,-0.837,0.164,-0.295,-0.612,0.046,1.216,0.049,0.963,1.053,0.160,2.283,-0.835,0.189,2.475,-1.166,0.080,1.130
mag,122274,0.314,-0.451,0.041,0.190,-0.685,0.189,-0.129,-0.740,0.230,-0.292,-0.566,0.126,0.906,-0.003,0.751,0.860,0.079,1.680,-0.454,0.093,2.048,-0.919,0.058,1.116
mag,122346,0.241,-0.370,0.053,0.204,-0.488,0.150,-0.021,-0.576,0.205,-0.195,-0.490,0.139,0.662,-0.117,0.541,0.653,-0.138,1.136,-0.132,-0.131,1.611,-0.653,-0.067,1.123
mag,122423,0.163,-0.219,0.014,0.173,-0.304,0.084,0.040,-0.391,0.149,-0.053,-0.404,0.129,0.383,-0.130,0.297,0.458,-0.179,0.594,0.173,-0.243,1.032,-0.262,-0.181,0.996
mag,122495,0.080,-0.106,-0.023,0.092,-0.177,-0.003,0.067,-0.188,0.035,0.042,-0.204,0.051,0.191,-0.117,0.074,0.282,-0.170,0.206,0.266,-0.309,0.442,0.057,-0.323,0.598
mag,122572,0.050,-0.050,-0.023,0.036,-0.063,-0.023,0.050,-0.110,-0.007,0.015,-0.099,-0.010,0.088,-0.088,0.011,0.133,-0.091,0.030,0.149,-0.156,0.095,0.119,-0.233,0.161
mag,122649,0.016,-0.043,-0.010,-0.011,-0.065,-0.011,0.008,-0.061,-0.026,0.001,-0.021,-0.035,0.020,-0.066,-0.023,0.050,-0.082,-0.017,0.061,-0.136,0.005,0.067,-0.140,0.020
mag,122718,0.026,-0.033,-0.001,0.011,-0.041,-0.011,0.023,-0.005,-0.017,0.015,-0.058,-0.013,0.017,-0.017,-0.028,0.025,-0.030,-0.012,0.029,-0.058,-0.005,0.050,-0.074,-0.007
mag,122796,-0.006,-0.021,-0.010,-0.013,-0.016,0.001,0.013,-0.017,-0.007,0.049,-0.016,-0.027,0.012,0.029,-0.006,0.038,-0.038,-0.026,0.044,-0.034,-0.010,0.018,-0.057,-0.010
mag,122865,-0.008,-0.001,-0.015,-0.006,-0.011,0.001,-0.002,0.012,-0.009,0.001,-0.011,-0.010,0.000,0.002,-0.011,0.011,-0.004,-0.036,0.002,-0.007,-0.025,-0.035,-0.028,-0.027
mag,122936,0.004,-0.019,-0.018,-0.001,-0.004,-0.006,-0.009,-0.012,-0.017,0.015,-0.004,-0.027,0.010,-0.025,-0.014,0.006,-0.021,-0.002,0.032,-0.048,-0.020,0.018,-0.074,-0.032
mag,123008,-0.003,-0.019,-0.013,0.011,-0.036,-0.003,0.032,0.015,-0.017,-0.014,-0.026,-0.020,-0.002,-0.032,-0.023,-0.014,-0.035,-0.024,0.034,0.018,-0.017,-0.008,-0.010,-0.012
mag,123086,0.006,0.016,-0.008,0.016,-0.014,-0.011,0.010,-0.007,-0.026,0.030,-0.038,-0.003,-0.024,-0.025,-0.009,0.013,0.006,-0.036,0.010,-0.019,-0.008,0.004,-0.040,-0.015
mag,123164,-0.013,-0.028,-0.018,0.011,0.003,0.006,-0.026,0.005,0.000,0.008,0.006,-0.008,-0.005,-0.025,-0.006,0.021,-0.023,0.005,-0.024,-0.026,-0.027,0.023,-0.013,-0.027
mag,123240,-0.011,-0.031,-0.023,0.011,-0.016,-0.008,-0.009,-0.020,-0.024,0.001,-0.024,-0.027,-0.002,-0.003,-0.009,0.040,-0.018,0.001,0.019,-0.029,-0.025,0.001,-0.015,0.003
mag,123317,-0.001,0.001,-0.018,-0.006,0.008,-0.025,0.023,-0.039,-0.005,-0.007,-0.021,-0.000,-0.019,-0.000,-0.001,0.006,-0.023,-0.007,0.015,0.003,-0.044,-0.006,0.007,-0.012
mag,123393,0.021,-0.016,-0.006,-0.028,-0.024,-0.008,0.015,-0.012,0.010,0.013,-0.009,-0.020,0.020,-0.032,-0.011,-0.001,-0.050,-0.026,0.029,-0.024,-0.020,0.023,-0.008,-0.010
mag,123469,-0.011,-0.023,-0.010,-0.003,-0.029,-0.016,-0.009,0.005,0.000,0.006,-0.004,-0.025,-0.017,0.014,-0.023,0.038,-0.011,0.001,-0.015,-0.041,-0.015,-0.023,-0.028,0.005
mag,123544,-0.011,0.011,-0.030,0.014,-0.026,0.009,0.008,-0.012,-0.009,0.010,-0.016,-0.000,0.003,-0.022,-0.009,-0.016,-0.043,-0.012,-0.000,-0.016,-0.025,0.023,-0.023,-0.010
mag,123620,0.016,-0.001,-0.010,-0.023,-0.031,-0.028,-0.004,-0.032,-0.014,-0.002,-0.002,-0.025,-0.007,-0.022,-0.026,0.028,-0.016,-0.017,0.010,-0.082,-0.030,0.011,-0.025,-0.024
mag,123696,-0.016,-0.023,-0.013,0.007,-0.009,-0.011,-0.024,-0.010,-0.002,-0.029,-0.011,-0.013,-0.002,-0.005,-0.016,0.006,-0.035,-0.012,0.010,-0.036,-0.010,-0.008,-0.037,-0.017
mag,123772,0.016,-0.031,0.002,0.009,-0.011,-0.025,0.010,-0.017,0.003,0.023,-0.004,0.009,-0.007,-0.022,-0.018,0.023,-0.026,-0.017,0.037,-0.031,-0.000,0.028,-0.064,-0.015
mag,123848,0.021,0.040,-0.001,0.011,-0.026,-0.006,0.001,-0.000,-0.012,-0.007,0.011,-0.013,0.015,-0.012,-0.026,0.023,-0.065,-0.026,-0.012,-0.031,-0.022,0.028,-0.008,-0.002
mag,123923,0.009,-0.060,-0.003,-0.001,-0.009,-0.003,0.013,-0.017,-0.017,0.008,-0.011,-0.005,-0.029,-0.064,-0.006,-0.023,-0.008,-0.026,-0.003,-0.016,-0.005,0.011,-0.052,0.000
mag,123999,0.009,-0.006,-0.001,0.016,0.001,0.016,0.001,-0.000,-0.026,0.006,0.018,-0.018,-0.014,-0.003,0.001,-0.004,-0.040,-0.002,0.012,-0.029,-0.010,0.001,-0.018,-0.017
mag,124074,-0.018,-0.009,-0.003,0.019,-0.016,-0.011,-0.004,-0.022,-0.019,0.003,-0.031,-0.030,0.015,-0.000,-0.021,0.006,-0.030,-0.021,0.015,-0.068,-0.017,-0.008,-0.037,-0.017
mag,124150,-0.018,0.006,0.002,-0.018,-0.019,-0.001,0.025,-0.012,-0.012,-0.019,-0.004,-0.015,-0.005,-0.030,-0.016,-0.016,0.001,-0.009,0.017,-0.014,-0.020,-0.016,-0.008,-0.017
mag,124225,-0.011,0.025,-0.008,0.007,-0.014,-0.003,0.010,-0.029,0.000,-0.007,0.011,-0.003,0.005,0.007,0.001,-0.014,-0.018,-0.014,-0.012,-0.016,-0.022,0.006,-0.006,0.007
mag,124301,-0.013,-0.021,0.004,0.004,0.006,-0.016,0.018,0.024,-0.022,0.003,-0.026,-0.010,-0.007,-0.005,-0.028,-0.040,-0.001,0.003,0.032,-0.021,-0.022,0.004,-0.020,0.000
mag,124376,-0.013,-0.014,-0.008,-0.025,-0.016,-0.021,0.008,-0.005,-0.012,-0.031,-0.041,-0.000,-0.012,-0.022,-0.006,0.003,-0.008,-0.004,0.029,-0.029,-0.005,0.014,-0.035,-0.022
mag,124451,-0.016,-0.001,-0.015,-0.020,-0.014,-0.013,0.018,0.002,-0.017,-0.016,-0.026,-0.005,-0.010,-0.047,-0.021,-0.004,-0.001,-0.017,-0.000,-0.007,0.009,-0.011,-0.013,-0.022
mag,124527,-0.016,0.003,-0.015,0.038,0.003,-0.011,-0.046,-0.020,-0.026,0.010,-0.011,-0.010,0.020,-0.017,-0.023,0.003,-0.028,-0.012,-0.015,-0.004,-0.005,-0.028,-0.040,-0.022
mag,124602,-0.003,-0.009,0.002,0.026,-0.026,-0.003,-0.009,-0.032,-0.019,-0.009,-0.002,-0.020,-0.007,0.007,-0.023,0.018,-0.011,-0.017,-0.000,-0.004,-0.008,-0.008,-0.030,-0.002
mag,124677,-0.045,-0.055,-0.015,0.014,0.003,-0.013,-0.026,-0.020,0.003,0.006,-0.019,-0.000,-0.039,0.007,-0.018,-0.016,-0.008,-0.014,-0.000,-0.019,-0.017,0.006,-0.059,-0.017
mag,124753,0.006,0.003,-0.023,-0.028,-0.011,0.011,-0.038,0.010,-0.012,-0.002,-0.046,-0.027,0.005,0.002,-0.021,-0.014,0.016,0.010,0.029,-0.041,-0.017,-0.028,-0.020,-0.012
mag,124828,0.001,-0.009,-0.020,0.011,-0.007,-0.016,0.018,-0.005,-0.014,0.006,-0.014,-0.030,0.000,-0.017,-0.011,-0.011,-0.033,-0.017,0.015,-0.009,0.009,-0.011,-0.010,-0.010
mag,124906,-0.008,-0.033,-0.010,-0.015,0.003,-0.013,-0.007,-0.042,-0.022,-0.007,0.003,-0.027,0.000,-0.017,-0.001,0.008,-0.006,-0.014,0.037,-0.024,-0.005,0.036,-0.035,-0.019
mag,124983,-0.021,-0.001,-0.008,-0.028,-0.024,-0.028,-0.007,-0.012,-0.022,0.013,0.003,-0.022,0.010,-0.034,-0.011,0.030,0.001,-0.017,0.027,-0.021,-0.010,-0.011,-0.015,-0.015
mag,125058,0.001,0.003,0.009,-0.003,-0.009,-0.013,0.008,-0.022,-0.009,-0.016,-0.024,-0.020,0.000,-0.032,-0.021,0.003,-0.021,-0.012,0.027,-0.009,-0.003,-0.013,-0.001,-0.012
mag,125133,-0.025,-0.019,-0.015,-0.011,-0.038,0.004,0.010,-0.000,-0.017,-0.016,0.008,-0.003,0.012,-0.003,-0.023,0.018,-0.043,-0.002,-0.010,-0.034,-0.025,0.018,-0.062,-0.022
mag,125211,0.001,0.023,-0.008,-0.028,-0.021,-0.016,0.025,-0.024,-0.009,-0.021,-0.021,0.009,-0.005,-0.008,-0.023,0.018,0.011,-0.004,-0.012,-0.014,-0.005,0.001,-0.025,-0.005
mag,125288,-0.011,-0.019,-0.023,-0.042,0.015,0.014,0.032,-0.005,-0.019,0.028,0.001,-0.013,-0.024,-0.034,-0.014,-0.004,-0.045,-0.017,0.022,-0.041,-0.008,0.009,-0.015,-0.019
mag,125365,0.014,0.003,-0.013,-0.001,-0.007,-0.011,-0.004,-0.032,0.005,0.001,-0.011,-0.005,-0.005,-0.012,-0.004,-0.021,-0.023,-0.021,-0.007,-0.031,-0.017,-0.008,-0.030,-0.002
mag,125441,-0.021,0.023,-0.015,0.007,-0.031,-0.023,-0.024,-0.015,-0.026,-0.026,-0.031,-0.005,0.003,0.002,-0.009,0.008,-0.060,-0.012,-0.012,-0.002,-0.005,-0.030,-0.010,-0.022
mag,125519,-0.013,-0.021,0.007,-0.011,0.001,-0.001,-0.012,-0.007,0.003,0.003,-0.016,0.002,-0.019,-0.037,0.006,0.006,-0.030,-0.002,0.002,-0.036,-0.010,0.001,-0.010,0.005
mag,125596,0.004,0.001,-0.010,0.031,0.011,-0.006,-0.016,0.010,-0.031,0.008,-0.006,-0.027,0.027,-0.039,-0.018,0.011,-0.023,-0.017,0.017,-0.021,-0.012,0.021,-0.015,0.000
mag,125673,0.023,-0.036,-0.015,-0.025,-0.019,-0.013,0.001,-0.037,0.000,0.008,-0.033,-0.015,0.010,-0.042,-0.001,0.006,-0.001,-0.017,-0.007,-0.002,-0.030,0.031,-0.052,-0.019
mag,125751,0.019,-0.016,-0.010,-0.030,-0.019,-0.018,0.010,0.007,-0.002,-0.014,-0.009,0.004,-0.005,0.002,-0.016,-0.016,-0.008,-0.021,0.029,-0.043,-0.008,0.021,-0.030,-0.019
mag,125828,-0.018,-0.033,-0.013,0.014,-0.007,-0.001,0.028,-0.027,-0.022,-0.024,-0.019,0.004,0.000,-0.000,0.004,0.047,-0.040,-0.017,0.024,-0.002,-0.000,0.033,-0.054,-0.012
mag,125905,-0.003,-0.023,0.002,-0.006,-0.029,0.014,0.006,0.007,-0.019,-0.002,-0.046,-0.003,-0.007,-0.005,-0.016,0.001,-0.026,-0.009,0.015,-0.026,0.002,0.006,-0.025,-0.012
mag,125983,-0.008,-0.019,-0.001,0.014,0.006,-0.016,0.020,-0.029,-0.007,0.020,0.003,-0.000,0.003,-0.005,0.008,-0.006,-0.038,-0.004,0.005,-0.029,-0.017,0.004,-0.028,-0.007
mag,126060,-0.008,-0.023,0.004,-0.001,-0.031,-0.001,-0.016,-0.039,-0.014,0.020,-0.021,-0.003,-0.005,0.005,-0.004,0.008,-0.052,-0.002,0.017,-0.034,-0.005,-0.008,-0.028,-0.005
mag,126137,0.006,-0.014,-0.003,-0.003,-0.036,-0.001,-0.004,-0.012,-0.005,-0.016,0.001,-0.003,0.025,-0.064,0.016,0.008,-0.043,0.003,0.007,-0.019,-0.008,-0.006,-0.035,0.007
mag,126215,0.004,-0.023,-0.008,0.009,-0.016,0.004,0.006,-0.020,-0.007,0.001,-0.024,-0.000,0.010,-0.015,-0.016,-0.021,-0.016,-0.012,-0.007,-0.007,0.007,0.016,-0.042,-0.022
mag,126292,-0.003,-0.016,-0.006,-0.025,-0.009,-0.006,0.020,-0.024,-0.014,0.013,0.006,-0.013,0.020,-0.022,-0.004,0.023,-0.018,-0.007,0.044,-0.021,-0.003,0.014,-0.052,-0.019
mag,126369,0.023,-0.011,-0.013,0.026,0.003,-0.006,0.042,-0.007,-0.005,-0.002,-0.002,-0.000,0.015,-0.015,-0.006,0.028,-0.023,-0.002,0.002,-0.024,-0.010,0.011,-0.047,-0.005
mag,126446,0.011,0.011,-0.006,-0.003,-0.002,-0.006,0.010,0.002,-0.002,0.010,-0.028,-0.008,0.008,-0.030,-0.004,-0.036,-0.072,0.003,0.051,-0.036,0.005,0.028,-0.030,-0.010
mag,126523,0.019,-0.041,0.021,0.026,-0.002,0.011,0.015,-0.002,-0.009,-0.016,-0.014,-0.008,0.000,-0.034,-0.021,0.030,-0.048,-0.012,0.041,0.008,-0.005,0.006,-0.020,-0.007
mag,126600,-0.008,-0.001,0.009,0.007,0.001,-0.013,-0.016,-0.024,-0.002,-0.021,-0.016,-0.000,0.000,-0.017,-0.026,0.028,-0.045,-0.007,0.024,-0.041,-0.003,0.043,-0.020,0.005
mag,126677,0.011,-0.019,-0.010,0.036,-0.009,0.014,0.015,-0.027,-0.009,0.015,0.003,-0.013,-0.027,-0.059,0.011,0.023,-0.067,-0.002,0.007,-0.026,0.009,0.011,-0.010,-0.005
mag,126754,-0.023,-0.014,-0.008,0.014,-0.007,-0.003,-0.007,-0.024,0.005,-0.012,-0.016,0.004,-0.022,-0.030,-0.001,0.011,-0.023,-0.012,0.046,-0.034,-0.017,0.043,-0.001,0.000
mag,126831,0.021,-0.004,-0.001,0.009,-0.033,-0.006,0.047,-0.007,-0.019,0.023,-0.028,-0.000,-0.010,0.002,-0.004,-0.016,0.021,-0.002,0.017,-0.019,-0.012,0.014,-0.040,-0.012
mag,126908,0.019,-0.023,-0.003,-0.006,-0.031,-0.001,-0.009,-0.010,-0.012,0.059,-0.036,-0.010,0.020,-0.051,-0.006,0.028,-0.008,-0.014,0.017,0.023,-0.000,0.004,-0.018,-0.002
mag,126986,0.004,-0.028,-0.042,-0.025,-0.031,0.014,0.018,-0.002,-0.024,-0.004,0.003,-0.020,0.000,-0.005,-0.011,0.040,-0.006,-0.007,0.041,-0.065,-0.010,-0.008,-0.018,0.007
mag,127063,-0.001,-0.006,-0.003,0.007,-0.036,-0.003,0.040,-0.022,-0.024,-0.019,-0.028,-0.003,0.000,-0.027,-0.014,0.047,0.009,-0.017,0.010,-0.031,0.002,0.018,-0.040,0.005
mag,127140,-0.001,-0.009,0.002,0.004,0.003,-0.006,-0.012,-0.022,-0.007,0.006,-0.021,-0.008,0.017,0.005,-0.009,0.003,-0.018,-0.004,0.037,-0.046,0.005,0.031,-0.015,-0.002
mag,127217,0.006,-0.041,-0.003,0.002,-0.024,-0.023,-0.007,-0.039,-0.017,0.028,-0.026,-0.005,0.049,-0.032,0.006,0.030,-0.040,0.013,0.027,-0.060,-0.000,0.009,-0.047,0.010
mag,127293,0.009,0.011,-0.008,0.029,-0.031,-0.011,0.035,-0.000,0.000,0.030,-0.026,-0.008,0.020,-0.020,-0.011,0.008,-0.062,0.005,0.054,-0.041,-0.003,0.023,-0.050,0.015
mag,127370,0.014,-0.031,0.002,0.014,-0.019,-0.006,0.018,-0.020,0.017,0.013,-0.031,0.004,0.044,-0.015,0.001,0.060,-0.072,0.013,0.015,-0.038,0.005,0.040,-0.032,0.012
mag,127447,0.021,-0.021,-0.001,0.021,-0.055,0.014,0.028,-0.022,0.030,0.025,-0.043,0.014,0.000,-0.000,-0.009,0.040,-0.018,0.005,0.029,-0.038,0.009,0.028,-0.067,0.037
mag,127524,0.033,-0.004,-0.003,0.007,-0.051,-0.011,0.042,-0.056,0.003,0.018,-0.085,0.017,0.054,-0.039,-0.006,0.040,-0.023,0.008,0.083,-0.038,0.029,0.060,-0.050,0.034
mag,127600,0.038,-0.031,-0.003,0.024,0.018,0.001,0.035,-0.032,0.022,0.018,-0.077,0.034,0.064,-0.015,0.035,0.038,-0.035,0.040,0.068,-0.016,0.061,0.072,-0.054,0.064
mag,127699,0.040,-0.041,0.016,0.053,-0.055,0.004,0.030,-0.059,0.017,0.062,-0.065,0.026,0.034,-0.015,0.016,0.045,-0.038,0.025,0.080,-0.041,0.080,0.099,-0.047,0.095
mag,127766,0.043,-0.021,0.002,0.051,-0.048,0.028,0.042,-0.049,0.032,0.071,-0.089,0.048,0.044,-0.015,0.033,0.091,-0.030,0.045,0.107,-0.038,0.078,0.111,-0.052,0.110
mag,127830,0.028,-0.028,0.004,0.046,-0.063,0.026,0.059,-0.059,0.054,0.028,-0.075,0.068,0.066,0.012,0.045,0.077,-0.006,0.049,0.073,-0.056,0.093,0.079,-0.003,0.137
mag,127902,0.065,-0.033,0.007,0.053,-0.051,0.040,0.074,-0.100,0.059,0.093,-0.097,0.112,0.069,-0.003,0.038,0.067,-0.001,0.064,0.085,-0.034,0.119,0.089,-0.059,0.173
mag,127972,0.070,-0.055,0.007,0.060,-0.036,0.033,0.098,-0.090,0.076,0.067,-0.107,0.107,0.059,-0.008,0.035,0.101,-0.028,0.076,0.107,-0.024,0.124,0.094,-0.015,0.171
mag,128041,0.060,-0.048,0.036,0.068,-0.031,0.048,0.079,-0.073,0.071,0.081,-0.082,0.122,0.061,-0.042,0.047,0.077,-0.030,0.066,0.124,-0.002,0.149,0.089,0.033,0.171
mag,128117,0.060,-0.021,0.036,0.082,-0.055,0.060,0.115,-0.098,0.118,0.067,-0.089,0.148,0.078,0.022,0.040,0.111,-0.016,0.081,0.139,-0.009,0.136,0.126,0.009,0.198
mag,128183,0.082,-0.058,0.033,0.092,-0.055,0.075,0.101,-0.049,0.132,0.096,-0.085,0.195,0.078,0.012,0.050,0.106,0.026,0.069,0.127,0.045,0.156,0.075,0.053,0.200
mag,128247,0.116,-0.014,0.024,0.138,-0.048,0.082,0.128,-0.066,0.159,0.071,-0.065,0.202,0.078,0.022,0.026,0.111,0.060,0.096,0.122,0.030,0.161,0.067,0.011,0.200
mag,128319,0.104,-0.001,0.058,0.131,-0.055,0.094,0.113,-0.046,0.186,0.069,-0.104,0.251,0.076,0.012,0.050,0.140,0.033,0.098,0.122,0.030,0.158,0.070,0.092,0.200
mag,128391,0.097,-0.016,0.046,0.153,-0.055,0.119,0.120,-0.012,0.227,0.108,-0.055,0.292,0.083,0.032,0.052,0.121,0.038,0.081,0.142,0.086,0.146,0.097,0.090,0.193
mag,128454,0.109,0.003,0.073,0.170,0.006,0.138,0.159,-0.002,0.266,0.096,0.008,0.363,0.100,0.024,0.047,0.111,0.033,0.103,0.107,0.125,0.163,0.053,0.124,0.181
mag,128520,0.145,0.035,0.097,0.185,-0.004,0.180,0.164,-0.017,0.352,0.047,0.008,0.397,0.108,0.075,0.052,0.133,0.106,0.093,0.041,0.140,0.144,0.031,0.134,0.161
mag,128583,0.177,0.077,0.124,0.224,0.040,0.219,0.167,0.078,0.396,0.030,0.108,0.456,0.093,0.083,0.045,0.108,0.118,0.091,0.066,0.145,0.117,0.021,0.168,0.147
mag,128650,0.172,0.074,0.141,0.160,0.123,0.282,0.118,0.144,0.423,-0.051,0.147,0.446,0.098,0.100,0.033,0.089,0.101,0.088,0.029,0.162,0.112,0.033,0.192,0.105
mag,128713,0.194,0.121,0.192,0.136,0.140,0.304,0.025,0.217,0.420,-0.109,0.196,0.407,0.083,0.071,0.050,0.060,0.131,0.076,0.051,0.154,0.102,0.001,0.168,0.110
mag,128781,0.214,0.179,0.236,0.170,0.169,0.392,-0.007,0.229,0.464,-0.146,0.194,0.419,0.083,0.122,0.052,0.038,0.148,0.091,0.029,0.169,0.110,-0.047,0.192,0.078
mag,128844,0.233,0.199,0.263,0.155,0.238,0.392,-0.041,0.254,0.437,-0.163,0.208,0.371,0.059,0.110,0.045,0.050,0.138,0.074,-0.029,0.150,0.097,-0.030,0.168,0.073
mag,128913,0.194,0.191,0.319,0.080,0.208,0.438,-0.121,0.207,0.454,-0.212,0.182,0.339,0.091,0.176,0.062,0.021,0.160,0.093,0.017,0.176,0.102,-0.065,0.170,0.071
mag,128981,0.143,0.216,0.417,0.046,0.206,0.556,-0.170,0.190,0.457,-0.265,0.157,0.324,0.086,0.124,0.084,0.011,0.180,0.115,-0.044,0.167,0.117,-0.096,0.126,0.088
mag,129045,0.185,0.177,0.500,0.026,0.179,0.565,-0.217,0.164,0.445,-0.253,0.098,0.305,0.073,0.180,0.118,0.001,0.219,0.140,-0.086,0.194,0.117,-0.060,0.097,0.088
mag,129114,0.155,0.177,0.529,-0.028,0.174,0.592,-0.243,0.151,0.435,-0.309,0.077,0.253,0.047,0.183,0.131,0.021,0.199,0.135,-0.071,0.211,0.124,-0.087,0.165,0.095
mag,129178,0.128,0.126,0.558,-0.076,0.125,0.624,-0.234,0.117,0.420,-0.256,0.101,0.266,0.047,0.207,0.160,0.013,0.194,0.164,-0.066,0.198,0.132,-0.079,0.148,0.105
mag,129251,0.123,0.101,0.561,-0.074,0.074,0.595,-0.248,0.068,0.381,-0.278,0.025,0.253,0.081,0.215,0.162,-0.067,0.219,0.189,-0.078,0.137,0.129,-0.123,0.156,0.090
mag,129324,0.109,0.077,0.597,-0.098,0.042,0.607,-0.256,0.059,0.386,-0.263,0.025,0.212,0.047,0.205,0.182,-0.009,0.243,0.189,-0.093,0.167,0.158,-0.116,0.136,0.090
mag,129387,0.084,0.013,0.622,-0.133,-0.002,0.609,-0.246,-0.002,0.379,-0.280,-0.002,0.234,0.049,0.246,0.221,-0.036,0.219,0.225,-0.137,0.176,0.176,-0.148,0.097,0.117
mag,129456,0.089,0.011,0.629,-0.169,-0.026,0.597,-0.287,-0.027,0.350,-0.263,0.011,0.207,0.029,0.222,0.265,-0.060,0.209,0.252,-0.129,0.174,0.173,-0.155,0.112,0.125
mag,129520,0.065,-0.070,0.627,-0.150,-0.090,0.582,-0.239,-0.059,0.345,-0.263,-0.009,0.207,0.034,0.227,0.299,-0.072,0.248,0.289,-0.154,0.154,0.188,-0.138,0.146,0.120
mag,129588,0.065,-0.099,0.583,-0.147,-0.119,0.563,-0.261,-0.095,0.335,-0.246,-0.043,0.197,0.008,0.256,0.331,-0.055,0.236,0.316,-0.147,0.147,0.224,-0.170,0.104,0.125
mag,129652,0.043,-0.165,0.595,-0.159,-0.165,0.536,-0.263,-0.107,0.337,-0.263,-0.026,0.161,0.061,0.234,0.367,-0.102,0.228,0.345,-0.173,0.145,0.237,-0.189,0.102,0.149
mag,129720,0.080,-0.241,0.546,-0.155,-0.207,0.509,-0.251,-0.134,0.284,-0.214,-0.082,0.166,0.029,0.222,0.416,-0.102,0.243,0.406,-0.208,0.142,0.263,-0.206,0.080,0.149
mag,129784,0.065,-0.258,0.539,-0.116,-0.217,0.502,-0.248,-0.127,0.293,-0.268,-0.099,0.163,0.083,0.205,0.460,-0.148,0.219,0.472,-0.222,0.142,0.290,-0.228,0.092,0.169
mag,129853,0.087,-0.243,0.473,-0.116,-0.258,0.470,-0.200,-0.161,0.274,-0.243,-0.104,0.168,0.098,0.171,0.489,-0.097,0.211,0.494,-0.242,0.135,0.329,-0.235,0.094,0.200
mag,129926,0.114,-0.258,0.392,-0.076,-0.292,0.412,-0.212,-0.220,0.296,-0.209,-0.177,0.178,0.156,0.163,0.514,-0.067,0.140,0.550,-0.212,0.111,0.385,-0.257,0.094,0.242
mag,129994,0.150,-0.233,0.329,0.024,-0.307,0.365,-0.168,-0.232,0.296,-0.212,-0.197,0.192,0.178,0.078,0.506,0.025,0.079,0.584,-0.227,0.074,0.478,-0.255,0.065,0.291
mag,130063,0.170,-0.260,0.246,0.021,-0.295,0.299,-0.104,-0.273,0.298,-0.160,-0.214,0.190,0.274,0.027,0.489,0.094,0.057,0.638,-0.173,0.028,0.556,-0.257,0.024,0.398
mag,130139,0.155,-0.246,0.195,0.077,-0.339,0.246,-0.063,-0.320,0.235,-0.124,-0.238,0.183,0.286,0.005,0.472,0.169,-0.004,0.638,-0.129,-0.024,0.644,-0.284,-0.006,0.466
mag,130207,0.175,-0.233,0.126,0.090,-0.285,0.236,-0.065,-0.295,0.225,-0.119,-0.234,0.173,0.322,-0.022,0.428,0.182,-0.035,0.643,-0.112,-0.029,0.669,-0.284,0.021,0.520
mag,130276,0.133,-0.214,0.124,0.072,-0.304,0.202,-0.002,-0.317,0.225,-0.097,-0.256,0.187,0.298,-0.020,0.375,0.216,-0.057,0.555,-0.046,-0.090,0.698,-0.245,-0.030,0.559
mag,130355,0.165,-0.197,0.094,0.097,-0.253,0.167,0.037,-0.322,0.203,-0.056,-0.273,0.192,0.259,-0.064,0.306,0.257,-0.052,0.499,0.024,-0.085,0.664,-0.192,-0.047,0.584
mag,130423,0.155,-0.175,0.070,0.097,-0.229,0.153,0.040,-0.283,0.223,-0.065,-0.299,0.195,0.293,-0.054,0.262,0.255,-0.048,0.462,0.054,-0.090,0.659,-0.174,-0.067,0.615
mag,130501,0.167,-0.148,0.063,0.134,-0.202,0.141,0.030,-0.276,0.210,-0.058,-0.290,0.212,0.266,-0.030,0.216,0.267,-0.038,0.413,0.102,-0.073,0.627,-0.082,-0.084,0.647
mag,130580,0.131,-0.138,0.053,0.129,-0.231,0.150,0.062,-0.283,0.213,-0.036,-0.307,0.234,0.261,-0.047,0.189,0.309,-0.057,0.377,0.132,-0.068,0.627,-0.028,-0.028,0.654
mag,130657,0.187,-0.145,0.053,0.168,-0.238,0.133,0.093,-0.286,0.237,-0.021,-0.314,0.263,0.244,-0.015,0.174,0.306,-0.026,0.333,0.207,-0.021,0.608,-0.055,-0.028,0.664
mag,130725,0.167,-0.102,0.087,0.214,-0.170,0.133,0.135,-0.295,0.259,-0.002,-0.265,0.288,0.242,0.014,0.157,0.294,0.018,0.328,0.232,-0.014,0.571,0.009,0.053,0.659
mag,130807,0.165,-0.143,0.077,0.219,-0.207,0.170,0.140,-0.293,0.328,0.001,-0.307,0.373,0.257,0.014,0.162,0.294,0.048,0.294,0.232,0.047,0.564,-0.028,0.116,0.652
mag,130884,0.216,-0.109,0.087,0.241,-0.175,0.197,0.142,-0.313,0.374,-0.024,-0.319,0.419,0.235,0.046,0.150,0.272,0.043,0.303,0.205,0.118,0.559,0.026,0.156,0.625
mag,130956,0.248,-0.087,0.104,0.246,-0.177,0.238,0.159,-0.269,0.459,-0.012,-0.353,0.520,0.237,0.058,0.138,0.267,0.092,0.279,0.207,0.159,0.495,-0.004,0.229,0.557
mag,131020,0.231,-0.092,0.119,0.268,-0.199,0.263,0.225,-0.264,0.516,-0.046,-0.336,0.568,0.239,0.063,0.123,0.245,0.126,0.272,0.212,0.223,0.483,0.014,0.256,0.557
mag,131093,0.255,-0.048,0.124,0.287,-0.158,0.302,0.201,-0.217,0.586,0.001,-0.304,0.668,0.227,0.085,0.111,0.284,0.145,0.225,0.198,0.206,0.425,0.021,0.297,0.486
mag,131161,0.285,-0.062,0.116,0.341,-0.121,0.321,0.216,-0.193,0.633,-0.004,-0.251,0.737,0.193,0.090,0.111,0.209,0.170,0.228,0.181,0.242,0.371,0.048,0.265,0.430
mag,131230,0.260,-0.053,0.114,0.348,-0.109,0.311,0.318,-0.161,0.677,0.049,-0.180,0.795,0.208,0.115,0.091,0.228,0.162,0.191,0.163,0.267,0.339,0.001,0.280,0.396
mag,131303,0.277,-0.033,0.129,0.387,-0.055,0.331,0.316,-0.090,0.694,0.035,-0.124,0.876,0.178,0.073,0.055,0.226,0.150,0.152,0.139,0.272,0.315,0.038,0.322,0.357
mag,131375,0.292,-0.004,0.121,0.339,-0.092,0.309,0.306,-0.068,0.725,0.045,-0.058,0.900,0.169,0.119,0.065,0.199,0.158,0.154,0.166,0.289,0.276,0.036,0.295,0.332
mag,131453,0.319,-0.021,0.126,0.385,-0.053,0.331,0.328,-0.015,0.767,0.059,-0.043,0.944,0.183,0.127,0.062,0.201,0.160,0.145,0.156,0.259,0.276,0.045,0.387,0.298
mag,131527,0.304,-0.001,0.114,0.409,-0.021,0.341,0.333,0.019,0.823,0.006,-0.009,1.005,0.193,0.100,0.057,0.194,0.162,0.125,0.159,0.301,0.234,0.055,0.304,0.278
mag,131590,0.331,0.006,0.131,0.397,0.023,0.353,0.347,0.059,0.823,0.025,0.067,1.037,0.159,0.110,0.038,0.184,0.184,0.118,0.124,0.281,0.219,0.023,0.329,0.254
mag,131664,0.348,0.042,0.121,0.434,0.011,0.338,0.411,0.100,0.843,0.025,0.101,1.044,0.164,0.093,0.033,0.140,0.165,0.110,0.112,0.264,0.212,0.075,0.341,0.230
mag,131730,0.326,0.038,0.136,0.446,0.045,0.363,0.399,0.129,0.862,0.015,0.142,1.057,0.156,0.127,0.052,0.179,0.187,0.110,0.137,0.306,0.197,0.045,0.344,0.230
mag,131792,0.382,0.077,0.131,0.453,0.057,0.392,0.408,0.134,0.867,0.003,0.157,1.066,0.142,0.136,0.045,0.184,0.180,0.110,0.120,0.279,0.188,0.028,0.348,0.208
mag,131859,0.343,0.055,0.160,0.485,0.103,0.416,0.335,0.205,0.940,-0.046,0.196,1.123,0.178,0.115,0.043,0.179,0.187,0.096,0.122,0.303,0.193,0.048,0.346,0.200
mag,131926,0.360,0.069,0.182,0.514,0.130,0.441,0.311,0.283,0.987,-0.109,0.255,1.118,0.147,0.146,0.047,0.169,0.206,0.106,0.088,0.301,0.178,-0.018,0.307,0.176
mag,131999,0.387,0.133,0.187,0.495,0.157,0.502,0.296,0.305,1.028,-0.195,0.301,1.120,0.171,0.163,0.040,0.157,0.197,0.098,0.098,0.308,0.156,-0.045,0.324,0.176
mag,132068,0.443,0.128,0.253,0.517,0.206,0.558,0.198,0.388,1.079,-0.273,0.360,1.047,0.134,0.146,0.047,0.130,0.180,0.086,0.063,0.355,0.163,-0.035,0.312,0.159
mag,132136,0.453,0.157,0.261,0.517,0.240,0.592,0.169,0.422,1.065,-0.307,0.367,1.037,0.142,0.166,0.040,0.157,0.258,0.110,0.076,0.318,0.158,-0.045,0.282,0.147
mag,132206,0.470,0.179,0.292,0.514,0.277,0.644,0.098,0.427,1.070,-0.373,0.355,0.966,0.169,0.176,0.052,0.116,0.233,0.081,0.061,0.316,0.144,-0.047,0.290,0.117
mag,132269,0.490,0.172,0.317,0.480,0.311,0.687,0.001,0.442,1.084,-0.402,0.365,0.910,0.144,0.205,0.055,0.133,0.253,0.093,0.024,0.316,0.122,-0.065,0.265,0.122
mag,132339,0.485,0.221,0.356,0.456,0.335,0.741,-0.060,0.466,1.050,-0.400,0.379,0.839,0.152,0.193,0.067,0.128,0.241,0.098,0.002,0.318,0.136,-0.030,0.265,0.129
mag,132408,0.531,0.294,0.412,0.436,0.382,0.812,-0.134,0.471,1.045,-0.471,0.377,0.786,0.122,0.215,0.047,0.118,0.238,0.110,0.005,0.296,0.127,-0.072,0.246,0.110
mag,132471,0.497,0.272,0.470,0.400,0.394,0.893,-0.212,0.518,1.023,-0.449,0.343,0.732,0.130,0.219,0.067,0.113,0.302,0.103,-0.032,0.272,0.122,-0.096,0.278,0.095
mag,132541,0.499,0.313,0.534,0.307,0.457,0.932,-0.287,0.464,0.994,-0.497,0.321,0.637,0.122,0.198,0.074,0.089,0.280,0.103,-0.015,0.340,0.124,-0.079,0.280,0.093
mag,132605,0.477,0.333,0.612,0.285,0.472,0.980,-0.307,0.461,0.945,-0.500,0.284,0.605,0.108,0.251,0.077,0.072,0.297,0.103,-0.034,0.308,0.149,-0.089,0.253,0.095
mag,132675,0.509,0.404,0.668,0.229,0.448,1.051,-0.366,0.393,0.921,-0.519,0.265,0.549,0.120,0.222,0.094,0.055,0.346,0.128,-0.112,0.323,0.119,-0.109,0.243,0.081
mag,132739,0.517,0.379,0.749,0.109,0.450,1.078,-0.431,0.366,0.860,-0.502,0.225,0.500,0.110,0.276,0.099,0.057,0.302,0.125,-0.095,0.267,0.112,-0.138,0.256,0.088
mag,132808,0.468,0.418,0.822,0.070,0.435,1.134,-0.485,0.347,0.826,-0.517,0.201,0.437,0.125,0.295,0.111,0.057,0.321,0.137,-0.071,0.289,0.119,-0.138,0.253,0.088
mag,132874,0.443,0.396,0.900,-0.045,0.430,1.161,-0.529,0.300,0.779,-0.522,0.152,0.383,0.142,0.283,0.123,-0.004,0.328,0.154,-0.088,0.250,0.127,-0.148,0.202,0.076
mag,132945,0.426,0.411,1.000,-0.081,0.443,1.188,-0.514,0.264,0.730,-0.514,0.160,0.358,0.105,0.310,0.138,0.030,0.353,0.164,-0.134,0.284,0.122,-0.138,0.204,0.071
mag,133014,0.392,0.414,1.039,-0.096,0.416,1.193,-0.544,0.234,0.677,-0.478,0.142,0.332,0.088,0.298,0.133,-0.009,0.348,0.164,-0.125,0.264,0.124,-0.145,0.182,0.068
mag,133077,0.333,0.416,1.100,-0.179,0.374,1.188,-0.575,0.234,0.662,-0.485,0.111,0.307,0.086,0.322,0.140,0.011,0.338,0.181,-0.095,0.225,0.139,-0.167,0.217,0.076
mag,133151,0.304,0.365,1.176,-0.262,0.352,1.198,-0.571,0.183,0.599,-0.480,0.118,0.288,0.095,0.354,0.160,-0.016,0.338,0.171,-0.132,0.269,0.129,-0.140,0.207,0.068
mag,133216,0.226,0.357,1.213,-0.323,0.284,1.168,-0.546,0.146,0.550,-0.414,0.089,0.239,0.073,0.315,0.167,-0.031,0.370,0.201,-0.147,0.240,0.124,-0.138,0.197,0.064
mag,133285,0.172,0.326,1.283,-0.372,0.240,1.159,-0.539,0.124,0.511,-0.427,0.072,0.231,0.078,0.395,0.187,-0.094,0.380,0.191,-0.125,0.237,0.127,-0.177,0.182,0.068
mag,133358,0.082,0.257,1.330,-0.433,0.220,1.112,-0.575,0.076,0.472,-0.392,0.037,0.173,0.054,0.376,0.206,-0.080,0.389,0.198,-0.166,0.206,0.127,-0.165,0.165,0.056
mag,133430,-0.006,0.206,1.310,-0.494,0.145,1.051,-0.527,0.078,0.430,-0.392,0.028,0.163,0.044,0.393,0.226,-0.099,0.346,0.201,-0.191,0.230,0.127,-0.155,0.126,0.071
mag,133503,-0.025,0.150,1.293,-0.484,0.108,1.005,-0.500,0.056,0.389,-0.378,0.055,0.158,0.064,0.383,0.238,-0.131,0.326,0.228,-0.173,0.230,0.134,-0.182,0.156,0.073
mag,133577,-0.025,0.099,1.281,-0.472,0.067,0.983,-0.502,0.022,0.384,-0.378,0.028,0.153,0.022,0.356,0.267,-0.080,0.346,0.206,-0.186,0.201,0.134,-0.140,0.163,0.073
mag,133649,-0.050,0.062,1.266,-0.477,0.052,0.951,-0.500,-0.000,0.364,-0.331,-0.002,0.139,0.012,0.346,0.284,-0.104,0.372,0.215,-0.215,0.237,0.122,-0.211,0.153,0.051
mag,133723,-0.106,0.011,1.271,-0.538,-0.009,0.907,-0.471,-0.007,0.347,-0.353,-0.009,0.141,-0.036,0.425,0.289,-0.155,0.363,0.254,-0.198,0.198,0.139,-0.187,0.141,0.081
mag,133800,-0.138,-0.094,1.247,-0.526,-0.031,0.851,-0.444,-0.002,0.310,-0.326,-0.031,0.126,-0.044,0.417,0.309,-0.143,0.328,0.262,-0.225,0.179,0.141,-0.204,0.173,0.071
mag,133863,-0.191,-0.165,1.225,-0.521,-0.129,0.812,-0.451,-0.054,0.288,-0.344,-0.016,0.107,-0.017,0.449,0.350,-0.187,0.375,0.276,-0.203,0.196,0.134,-0.152,0.107,0.076
mag,133937,-0.179,-0.226,1.147,-0.509,-0.129,0.780,-0.417,-0.103,0.276,-0.300,-0.036,0.112,-0.051,0.417,0.397,-0.204,0.365,0.306,-0.254,0.198,0.158,-0.209,0.129,0.066
mag,134015,-0.187,-0.324,1.091,-0.511,-0.229,0.724,-0.427,-0.088,0.264,-0.283,-0.053,0.092,-0.080,0.432,0.453,-0.206,0.353,0.372,-0.252,0.198,0.158,-0.223,0.104,0.078
mag,134097,-0.179,-0.331,1.044,-0.489,-0.204,0.685,-0.427,-0.115,0.262,-0.295,-0.053,0.095,-0.044,0.432,0.480,-0.285,0.382,0.347,-0.254,0.208,0.171,-0.223,0.099,0.086
mag,134173,-0.165,-0.360,1.020,-0.474,-0.282,0.683,-0.363,-0.115,0.237,-0.307,-0.060,0.083,-0.078,0.429,0.514,-0.253,0.368,0.389,-0.313,0.172,0.178,-0.209,0.094,0.081
mag,134246,-0.118,-0.392,0.961,-0.450,-0.343,0.653,-0.402,-0.168,0.230,-0.275,-0.065,0.085,-0.046,0.442,0.568,-0.248,0.375,0.435,-0.278,0.159,0.190,-0.245,0.094,0.100
mag,134324,-0.126,-0.426,0.888,-0.418,-0.317,0.607,-0.373,-0.139,0.208,-0.287,-0.082,0.090,-0.066,0.442,0.607,-0.282,0.306,0.462,-0.310,0.164,0.205,-0.231,0.112,0.090
mag,134397,-0.128,-0.468,0.783,-0.389,-0.348,0.553,-0.348,-0.159,0.218,-0.283,-0.107,0.090,-0.093,0.398,0.670,-0.316,0.311,0.506,-0.322,0.120,0.232,-0.240,0.053,0.093
mag,134465,-0.091,-0.480,0.715,-0.350,-0.343,0.507,-0.326,-0.210,0.203,-0.261,-0.126,0.092,-0.085,0.368,0.719,-0.333,0.309,0.567,-0.327,0.125,0.254,-0.228,0.065,0.100
mag,134543,-0.074,-0.470,0.663,-0.328,-0.365,0.477,-0.292,-0.198,0.196,-0.265,-0.129,0.080,-0.058,0.368,0.741,-0.324,0.282,0.567,-0.322,0.118,0.254,-0.275,0.082,0.117
mag,134615,-0.016,-0.438,0.585,-0.245,-0.375,0.441,-0.283,-0.156,0.179,-0.256,-0.104,0.080,-0.068,0.283,0.799,-0.319,0.250,0.623,-0.330,0.120,0.259,-0.272,0.060,0.125
mag,134688,0.011,-0.465,0.512,-0.240,-0.380,0.402,-0.265,-0.200,0.193,-0.214,-0.119,0.090,-0.027,0.283,0.841,-0.314,0.216,0.652,-0.337,0.111,0.310,-0.282,0.097,0.139
mag,134755,0.016,-0.443,0.456,-0.218,-0.356,0.375,-0.241,-0.237,0.181,-0.226,-0.185,0.087,-0.005,0.212,0.846,-0.287,0.216,0.684,-0.352,0.047,0.334,-0.272,0.060,0.156
mag,134822,0.033,-0.412,0.417,-0.145,-0.361,0.375,-0.224,-0.237,0.179,-0.192,-0.141,0.080,0.017,0.185,0.836,-0.263,0.160,0.709,-0.330,0.067,0.381,-0.277,0.080,0.188
mag,134890,-0.008,-0.429,0.370,-0.135,-0.375,0.346,-0.236,-0.237,0.198,-0.197,-0.141,0.097,0.032,0.146,0.841,-0.241,0.118,0.740,-0.376,0.042,0.381,-0.304,0.043,0.200
mag,134964,0.067,-0.416,0.302,-0.081,-0.392,0.280,-0.195,-0.271,0.162,-0.178,-0.155,0.095,0.081,0.068,0.848,-0.228,0.082,0.762,-0.361,-0.004,0.422,-0.309,0.004,0.208
mag,135036,0.075,-0.370,0.243,-0.062,-0.387,0.255,-0.134,-0.261,0.157,-0.170,-0.173,0.100,0.100,-0.010,0.846,-0.182,-0.013,0.799,-0.364,0.010,0.471,-0.316,-0.001,0.234
mag,135100,0.099,-0.368,0.224,-0.064,-0.397,0.243,-0.148,-0.266,0.154,-0.139,-0.185,0.087,0.156,-0.051,0.795,-0.116,-0.062,0.814,-0.347,-0.029,0.510,-0.309,-0.003,0.276
mag,135171,0.111,-0.326,0.187,-0.013,-0.343,0.209,-0.124,-0.252,0.166,-0.175,-0.212,0.097,0.259,-0.098,0.751,-0.055,-0.035,0.814,-0.330,-0.080,0.542,-0.333,-0.042,0.325
mag,135250,0.150,-0.294,0.134,0.007,-0.341,0.182,-0.124,-0.308,0.149,-0.175,-0.192,0.095,0.305,-0.130,0.658,0.055,-0.148,0.799,-0.261,-0.085,0.598,-0.318,-0.081,0.381
mag,135326,0.133,-0.282,0.099,0.053,-0.270,0.143,-0.095,-0.271,0.154,-0.124,-0.241,0.090,0.279,-0.149,0.572,0.113,-0.165,0.753,-0.217,-0.151,0.634,-0.294,-0.115,0.418
mag,135403,0.145,-0.236,0.082,0.053,-0.292,0.145,-0.065,-0.278,0.142,-0.099,-0.248,0.095,0.293,-0.139,0.502,0.145,-0.187,0.694,-0.161,-0.207,0.630,-0.279,-0.125,0.444
mag,135481,0.092,-0.236,0.075,0.068,-0.270,0.126,-0.051,-0.273,0.137,-0.092,-0.238,0.109,0.315,-0.132,0.441,0.213,-0.189,0.645,-0.147,-0.197,0.664,-0.294,-0.152,0.469
mag,135552,0.097,-0.241,0.075,0.070,-0.236,0.111,-0.029,-0.276,0.113,-0.099,-0.212,0.090,0.274,-0.142,0.419,0.211,-0.228,0.635,-0.115,-0.202,0.649,-0.306,-0.169,0.493
mag,135624,0.123,-0.202,0.060,0.087,-0.265,0.099,0.035,-0.300,0.113,-0.053,-0.260,0.083,0.279,-0.127,0.372,0.196,-0.216,0.543,-0.049,-0.263,0.664,-0.248,-0.238,0.518
mag,135701,0.121,-0.155,0.046,0.060,-0.243,0.080,0.003,-0.278,0.132,-0.082,-0.243,0.119,0.266,-0.176,0.321,0.267,-0.216,0.516,-0.042,-0.280,0.647,-0.255,-0.213,0.562
mag,135778,0.145,-0.167,0.038,0.109,-0.238,0.077,0.025,-0.259,0.115,-0.056,-0.248,0.092,0.288,-0.147,0.272,0.299,-0.192,0.491,0.032,-0.302,0.671,-0.179,-0.228,0.596
mag,135854,0.145,-0.192,0.016,0.080,-0.238,0.077,0.050,-0.271,0.093,-0.048,-0.243,0.109,0.286,-0.108,0.253,0.277,-0.238,0.450,0.105,-0.263,0.686,-0.145,-0.235,0.647
mag,135921,0.102,-0.145,0.031,0.092,-0.221,0.062,0.047,-0.269,0.113,-0.034,-0.251,0.117,0.303,-0.132,0.226,0.316,-0.211,0.433,0.112,-0.287,0.722,-0.101,-0.262,0.696
mag,135993,0.167,-0.158,0.014,0.109,-0.219,0.065,0.047,-0.303,0.115,-0.034,-0.295,0.114,0.320,-0.108,0.174,0.348,-0.135,0.389,0.193,-0.234,0.698,-0.099,-0.240,0.750
mag,136065,0.104,-0.153,0.024,0.114,-0.212,0.067,0.096,-0.298,0.103,-0.026,-0.312,0.126,0.291,-0.093,0.157,0.355,-0.145,0.328,0.271,-0.222,0.669,-0.047,-0.245,0.784
mag,136135,0.163,-0.119,0.016,0.146,-0.197,0.045,0.111,-0.271,0.120,0.001,-0.277,0.129,0.266,-0.069,0.138,0.333,-0.133,0.306,0.266,-0.212,0.617,0.036,-0.203,0.806
mag,136207,0.148,-0.138,-0.003,0.116,-0.195,0.055,0.120,-0.269,0.130,0.030,-0.302,0.153,0.269,-0.076,0.109,0.314,-0.111,0.252,0.317,-0.153,0.559,0.119,-0.189,0.752
mag,136284,0.089,-0.102,-0.008,0.173,-0.207,0.048,0.128,-0.252,0.125,0.037,-0.277,0.161,0.237,-0.069,0.087,0.328,-0.057,0.230,0.334,-0.168,0.544,0.162,-0.177,0.742
mag,136366,0.126,-0.094,-0.003,0.185,-0.131,0.038,0.167,-0.247,0.137,0.071,-0.324,0.163,0.237,-0.027,0.072,0.321,-0.082,0.211,0.378,-0.160,0.517,0.211,-0.159,0.786
mag,136446,0.155,-0.082,-0.015,0.165,-0.182,0.036,0.137,-0.303,0.132,0.084,-0.351,0.168,0.247,-0.012,0.069,0.316,-0.089,0.181,0.420,-0.148,0.517,0.248,-0.103,0.857
mag,136533,0.102,-0.128,-0.010,0.187,-0.199,0.026,0.174,-0.288,0.130,0.089,-0.378,0.192,0.257,-0.039,0.050,0.333,-0.074,0.181,0.434,-0.087,0.530,0.319,-0.079,0.903
mag,136615,0.126,-0.119,-0.015,0.207,-0.163,0.038,0.252,-0.308,0.154,0.167,-0.412,0.234,0.213,0.002,0.040,0.323,-0.026,0.149,0.491,-0.029,0.505,0.353,-0.001,0.894
mag,136696,0.148,-0.128,-0.006,0.217,-0.182,0.019,0.294,-0.315,0.169,0.215,-0.439,0.285,0.205,0.022,0.035,0.348,-0.026,0.135,0.478,0.047,0.466,0.407,0.090,0.884
mag,136771,0.160,-0.087,-0.035,0.212,-0.163,0.026,0.316,-0.347,0.186,0.242,-0.468,0.312,0.220,-0.000,0.035,0.323,-0.008,0.123,0.520,0.071,0.425,0.453,0.126,0.818
mag,136857,0.172,-0.072,-0.023,0.241,-0.160,0.026,0.369,-0.315,0.183,0.284,-0.456,0.373,0.193,-0.020,0.013,0.345,0.048,0.093,0.493,0.091,0.388,0.490,0.224,0.764
mag,136933,0.163,-0.075,-0.025,0.275,-0.143,0.036,0.308,-0.349,0.213,0.294,-0.490,0.405,0.208,0.029,0.013,0.306,0.045,0.084,0.483,0.125,0.366,0.475,0.224,0.723
mag,137019,0.165,-0.089,-0.047,0.253,-0.129,0.026,0.418,-0.315,0.232,0.416,-0.505,0.485,0.203,-0.005,0.011,0.306,0.048,0.081,0.471,0.189,0.334,0.499,0.302,0.647
mag,137104,0.182,-0.062,-0.025,0.268,-0.143,0.019,0.462,-0.317,0.240,0.435,-0.541,0.537,0.183,0.044,-0.006,0.299,0.035,0.074,0.493,0.154,0.305,0.502,0.368,0.632
mag,137185,0.155,-0.045,-0.018,0.273,-0.102,0.021,0.445,-0.273,0.237,0.484,-0.468,0.554,0.205,0.046,-0.001,0.265,0.048,0.054,0.454,0.208,0.268,0.443,0.334,0.549
mag,137260,0.197,-0.060,-0.028,0.324,-0.126,0.031,0.504,-0.254,0.259,0.511,-0.451,0.588,0.176,0.034,-0.009,0.279,0.075,0.054,0.432,0.220,0.227,0.431,0.407,0.493
mag,137339,0.182,-0.045,-0.025,0.278,-0.099,0.038,0.550,-0.242,0.310,0.611,-0.439,0.725,0.186,0.036,-0.004,0.260,0.087,0.049,0.430,0.215,0.217,0.394,0.429,0.444
mag,137425,0.216,-0.016,-0.040,0.358,-0.087,0.048,0.618,-0.215,0.379,0.706,-0.402,0.881,0.178,0.056,-0.014,0.240,0.099,0.045,0.376,0.250,0.210,0.328,0.451,0.374
mag,137501,0.194,-0.045,-0.030,0.351,-0.070,0.048,0.694,-0.125,0.374,0.723,-0.307,1.018,0.152,0.073,-0.011,0.233,0.087,0.030,0.317,0.277,0.180,0.365,0.429,0.320
mag,137576,0.197,-0.031,-0.023,0.368,-0.058,0.053,0.699,-0.159,0.450,0.784,-0.187,1.093,0.144,0.049,-0.014,0.228,0.131,0.035,0.300,0.274,0.141,0.302,0.431,0.295
mag,137648,0.206,-0.009,-0.025,0.444,-0.036,0.053,0.760,-0.064,0.457,0.836,-0.092,1.166,0.159,0.051,-0.028,0.228,0.089,0.018,0.320,0.279,0.124,0.272,0.419,0.227
mag,137713,0.248,0.018,-0.035,0.453,-0.024,0.067,0.770,-0.000,0.535,0.840,-0.004,1.306,0.144,0.083,-0.026,0.240,0.087,0.008,0.256,0.274,0.129,0.216,0.429,0.205
mag,137785,0.243,-0.011,-0.023,0.444,0.006,0.070,0.823,0.066,0.599,0.843,0.147,1.423,0.161,0.097,-0.023,0.226,0.114,0.023,0.242,0.316,0.122,0.175,0.444,0.198
mag,137871,0.289,0.021,-0.008,0.514,0.025,0.099,0.863,0.171,0.652,0.782,0.299,1.459,0.149,0.078,-0.018,0.172,0.153,0.020,0.232,0.296,0.093,0.170,0.383,0.156
mag,137947,0.307,0.045,-0.001,0.522,0.067,0.131,0.843,0.232,0.713,0.701,0.431,1.533,0.147,0.068,-0.009,0.169,0.165,0.013,0.176,0.299,0.093,0.116,0.395,0.159
mag,138014,0.336,0.060,-0.003,0.536,0.140,0.160,0.877,0.354,0.801,0.584,0.575,1.572,0.112,0.071,-0.026,0.221,0.153,0.023,0.171,0.318,0.090,0.126,0.380,0.120
mag,138089,0.329,0.055,0.021,0.592,0.113,0.167,0.821,0.464,0.889,0.479,0.662,1.623,0.156,0.112,-0.016,0.206,0.148,0.015,0.176,0.286,0.083,0.092,0.390,0.122
mag,138176,0.382,0.089,0.019,0.617,0.116,0.211,0.826,0.542,0.960,0.347,0.760,1.611,0.144,0.132,0.004,0.184,0.162,0.018,0.142,0.294,0.085,0.060,0.378,0.127
mag,138251,0.380,0.104,0.031,0.612,0.216,0.253,0.775,0.588,0.979,0.230,0.809,1.599,0.159,0.117,-0.004,0.148,0.158,0.020,0.112,0.303,0.071,0.065,0.370,0.093
mag,138318,0.385,0.104,0.043,0.612,0.225,0.285,0.696,0.657,1.048,0.132,0.870,1.572,0.130,0.124,-0.009,0.155,0.172,0.008,0.122,0.303,0.088,0.021,0.341,0.098
mag,138385,0.404,0.126,0.055,0.632,0.294,0.329,0.665,0.749,1.094,0.042,0.899,1.535,0.105,0.124,-0.014,0.150,0.170,0.015,0.115,0.301,0.073,0.021,0.322,0.103
mag,138452,0.451,0.145,0.077,0.668,0.303,0.336,0.582,0.828,1.141,-0.092,0.948,1.469,0.125,0.117,-0.016,0.172,0.182,0.032,0.088,0.323,0.071,0.016,0.351,0.086
mag,138520,0.475,0.169,0.075,0.671,0.330,0.368,0.521,0.847,1.165,-0.136,0.975,1.425,0.105,0.144,-0.001,0.162,0.204,0.025,0.080,0.316,0.061,0.021,0.356,0.061
mag,138592,0.477,0.201,0.097,0.717,0.377,0.434,0.489,0.896,1.194,-0.173,0.946,1.401,0.164,0.141,0.008,0.148,0.216,0.015,0.105,0.318,0.066,0.004,0.351,0.078
mag,138655,0.468,0.216,0.121,0.693,0.389,0.446,0.418,0.857,1.206,-0.251,0.868,1.320,0.181,0.168,0.016,0.152,0.209,0.037,0.061,0.325,0.075,-0.028,0.344,0.056
mag,138723,0.482,0.223,0.141,0.658,0.408,0.485,0.323,0.884,1.209,-0.322,0.860,1.252,0.112,0.146,0.001,0.106,0.201,0.027,0.044,0.286,0.073,-0.018,0.314,0.056
mag,138790,0.480,0.240,0.182,0.632,0.470,0.543,0.242,0.840,1.141,-0.351,0.775,1.127,0.120,0.178,0.011,0.145,0.236,0.032,0.049,0.301,0.071,-0.028,0.292,0.078
mag,138859,0.512,0.250,0.207,0.624,0.455,0.565,0.137,0.830,1.155,-0.395,0.733,1.042,0.125,0.168,0.013,0.126,0.248,0.045,0.056,0.303,0.056,-0.035,0.307,0.059
mag,138926,0.507,0.287,0.239,0.578,0.521,0.651,0.050,0.818,1.116,-0.392,0.684,0.983,0.134,0.144,0.021,0.116,0.216,0.040,0.076,0.299,0.083,-0.033,0.282,0.061
mag,138989,0.536,0.287,0.297,0.566,0.545,0.675,-0.031,0.786,1.116,-0.490,0.650,0.891,0.130,0.180,-0.001,0.113,0.206,0.020,-0.003,0.325,0.073,-0.052,0.268,0.071
mag,139062,0.553,0.362,0.326,0.534,0.594,0.756,-0.107,0.798,1.097,-0.529,0.631,0.839,0.152,0.185,0.033,0.104,0.258,0.071,0.002,0.267,0.090,-0.062,0.292,0.068
mag,139132,0.558,0.401,0.385,0.517,0.665,0.827,-0.197,0.825,1.077,-0.561,0.562,0.749,0.105,0.173,0.016,0.062,0.245,0.062,-0.039,0.281,0.066,-0.052,0.256,0.051
mag,139201,0.578,0.438,0.397,0.426,0.662,0.873,-0.253,0.779,1.045,-0.578,0.536,0.710,0.147,0.198,0.028,0.091,0.250,0.062,0.005,0.325,0.073,-0.077,0.253,0.054
mag,139270,0.580,0.465,0.488,0.441,0.684,0.946,-0.317,0.752,1.050,-0.600,0.489,0.671,0.144,0.232,0.030,0.116,0.292,0.052,-0.027,0.284,0.085,-0.050,0.268,0.066
mag,139335,0.592,0.514,0.536,0.397,0.719,1.019,-0.385,0.706,1.036,-0.615,0.494,0.637,0.147,0.224,0.047,0.094,0.267,0.069,-0.017,0.316,0.073,-0.072,0.239,0.068
mag,139402,0.622,0.523,0.602,0.324,0.758,1.061,-0.458,0.698,0.999,-0.619,0.479,0.554,0.110,0.249,0.043,0.069,0.270,0.064,-0.017,0.294,0.075,-0.087,0.258,0.051
mag,139465,0.590,0.584,0.658,0.282,0.760,1.112,-0.519,0.671,0.960,-0.627,0.409,0.544,0.098,0.239,0.067,0.074,0.314,0.076,-0.017,0.308,0.078,-0.101,0.258,0.051
mag,139532,0.592,0.611,0.729,0.207,0.784,1.149,-0.495,0.623,0.935,-0.610,0.382,0.498,0.115,0.251,0.062,0.074,0.311,0.081,-0.056,0.286,0.078,-0.089,0.241,0.071
mag,139596,0.590,0.565,0.793,0.131,0.789,1.220,-0.566,0.601,0.872,-0.602,0.348,0.461,0.134,0.276,0.077,0.043,0.306,0.096,-0.039,0.286,0.078,-0.131,0.231,0.051
mag,139670,0.600,0.643,0.898,0.072,0.784,1.290,-0.610,0.540,0.867,-0.602,0.335,0.419,0.134,0.271,0.074,0.033,0.324,0.084,-0.098,0.291,0.088,-0.121,0.221,0.046
mag,139741,0.607,0.670,1.032,-0.028,0.819,1.342,-0.661,0.537,0.811,-0.607,0.301,0.383,0.098,0.310,0.072,0.040,0.324,0.091,-0.049,0.301,0.088,-0.104,0.199,0.042
mag,139805,0.607,0.719,1.154,-0.072,0.794,1.444,-0.722,0.439,0.799,-0.617,0.245,0.361,0.100,0.312,0.079,0.047,0.326,0.108,-0.093,0.316,0.085,-0.121,0.253,0.046
mag,139873,0.560,0.726,1.247,-0.162,0.775,1.522,-0.712,0.466,0.784,-0.617,0.233,0.336,0.122,0.344,0.089,0.013,0.387,0.130,-0.088,0.328,0.088,-0.123,0.234,0.034
mag,139938,0.563,0.709,1.384,-0.225,0.745,1.610,-0.778,0.383,0.765,-0.619,0.169,0.327,0.095,0.373,0.113,0.008,0.392,0.120,-0.120,0.313,0.088,-0.113,0.202,0.042
mag,140006,0.521,0.655,1.506,-0.330,0.692,1.657,-0.781,0.344,0.728,-0.610,0.179,0.300,0.095,0.386,0.128,-0.014,0.404,0.169,-0.115,0.325,0.110,-0.140,0.192,0.042
mag,140075,0.497,0.653,1.554,-0.382,0.611,1.664,-0.788,0.290,0.723,-0.588,0.147,0.288,0.122,0.386,0.150,-0.009,0.404,0.159,-0.132,0.286,0.114,-0.138,0.224,0.049
mag,140144,0.468,0.570,1.623,-0.423,0.538,1.649,-0.805,0.222,0.711,-0.571,0.123,0.273,0.112,0.400,0.162,-0.011,0.419,0.154,-0.159,0.330,0.107,-0.172,0.217,0.054
mag,140212,0.414,0.480,1.677,-0.470,0.460,1.644,-0.761,0.186,0.679,-0.549,0.096,0.239,0.093,0.415,0.165,-0.036,0.480,0.201,-0.147,0.311,0.117,-0.184,0.202,0.071
mag,140276,0.363,0.382,1.718,-0.501,0.330,1.620,-0.724,0.154,0.630,-0.529,0.052,0.249,0.108,0.442,0.199,-0.075,0.446,0.211,-0.183,0.281,0.124,-0.192,0.221,0.066
mag,140345,0.292,0.321,1.723,-0.528,0.216,1.557,-0.722,0.098,0.613,-0.558,0.023,0.236,0.066,0.442,0.228,-0.065,0.477,0.230,-0.195,0.311,0.146,-0.184,0.177,0.064
mag,140408,0.268,0.143,1.735,-0.594,0.084,1.498,-0.673,0.046,0.572,-0.517,0.015,0.202,0.086,0.449,0.267,-0.087,0.492,0.252,-0.215,0.281,0.166,-0.243,0.168,0.073
mag,140477,0.182,0.006,1.735,-0.567,-0.011,1.437,-0.690,-0.034,0.520,-0.502,-0.046,0.197,0.061,0.498,0.306,-0.136,0.463,0.296,-0.247,0.296,0.168,-0.223,0.197,0.068
mag,140546,0.143,-0.067,1.679,-0.594,-0.092,1.381,-0.658,-0.078,0.489,-0.473,-0.009,0.173,0.086,0.498,0.353,-0.141,0.490,0.335,-0.225,0.301,0.176,-0.265,0.168,0.088
mag,140619,0.092,-0.207,1.603,-0.570,-0.158,1.278,-0.615,-0.093,0.486,-0.463,-0.065,0.180,0.037,0.505,0.397,-0.150,0.475,0.340,-0.276,0.299,0.202,-0.228,0.134,0.083
mag,140693,0.136,-0.294,1.471,-0.504,-0.236,1.210,-0.575,-0.127,0.464,-0.410,-0.058,0.187,0.059,0.515,0.455,-0.172,0.482,0.406,-0.274,0.286,0.234,-0.221,0.170,0.110
mag,140770,0.143,-0.365,1.320,-0.443,-0.329,1.090,-0.571,-0.178,0.469,-0.417,-0.089,0.178,0.054,0.493,0.514,-0.180,0.485,0.467,-0.298,0.277,0.241,-0.265,0.160,0.122
mag,140839,0.104,-0.426,1.164,-0.421,-0.395,0.998,-0.490,-0.198,0.430,-0.383,-0.099,0.168,0.108,0.481,0.589,-0.192,0.475,0.528,-0.317,0.245,0.288,-0.279,0.143,0.134
mag,140906,0.116,-0.487,1.064,-0.355,-0.407,0.919,-0.458,-0.244,0.376,-0.353,-0.102,0.148,0.054,0.493,0.629,-0.204,0.426,0.567,-0.361,0.223,0.300,-0.304,0.160,0.147
mag,140969,0.148,-0.478,1.008,-0.365,-0.409,0.849,-0.407,-0.242,0.379,-0.358,-0.151,0.163,0.069,0.498,0.663,-0.163,0.451,0.599,-0.337,0.237,0.298,-0.284,0.165,0.144
mag,141039,0.104,-0.534,0.966,-0.330,-0.419,0.819,-0.461,-0.232,0.345,-0.361,-0.153,0.141,0.054,0.444,0.680,-0.233,0.470,0.611,-0.357,0.203,0.298,-0.294,0.138,0.151
mag,141101,0.087,-0.480,0.951,-0.328,-0.448,0.812,-0.402,-0.227,0.350,-0.370,-0.136,0.146,0.061,0.481,0.687,-0.216,0.416,0.601,-0.337,0.230,0.298,-0.294,0.119,0.149
mag,141174,0.097,-0.524,0.910,-0.350,-0.431,0.792,-0.412,-0.266,0.357,-0.351,-0.163,0.163,0.083,0.493,0.697,-0.202,0.446,0.616,-0.337,0.230,0.320,-0.289,0.129,0.151
mag,141243,0.153,-0.485,0.871,-0.328,-0.451,0.778,-0.431,-0.230,0.369,-0.329,-0.155,0.146,0.108,0.449,0.712,-0.204,0.426,0.640,-0.359,0.235,0.361,-0.294,0.121,0.164
mag,141312,0.158,-0.487,0.856,-0.299,-0.473,0.773,-0.375,-0.237,0.376,-0.346,-0.187,0.178,0.130,0.434,0.704,-0.192,0.431,0.665,-0.339,0.220,0.361,-0.277,0.148,0.164
mag,141381,0.158,-0.526,0.785,-0.225,-0.453,0.739,-0.387,-0.310,0.352,-0.309,-0.163,0.151,0.161,0.442,0.795,-0.228,0.392,0.750,-0.366,0.208,0.398,-0.306,0.112,0.176
mag,141445,0.158,-0.592,0.705,-0.201,-0.546,0.680,-0.387,-0.335,0.340,-0.324,-0.170,0.131,0.166,0.403,0.892,-0.236,0.407,0.823,-0.447,0.206,0.407,-0.353,0.116,0.183
mag,141514,0.170,-0.578,0.676,-0.203,-0.536,0.658,-0.363,-0.283,0.313,-0.309,-0.197,0.131,0.132,0.395,0.907,-0.263,0.348,0.848,-0.388,0.208,0.451,-0.343,0.134,0.215
mag,141582,0.150,-0.578,0.600,-0.167,-0.546,0.609,-0.351,-0.342,0.303,-0.290,-0.209,0.126,0.193,0.373,0.922,-0.202,0.350,0.894,-0.420,0.196,0.505,-0.392,0.129,0.239
mag,141651,0.170,-0.514,0.556,-0.152,-0.541,0.568,-0.331,-0.332,0.310,-0.307,-0.216,0.139,0.225,0.349,0.902,-0.172,0.309,0.916,-0.452,0.194,0.495,-0.370,0.114,0.252
mag,141726,0.172,-0.512,0.500,-0.157,-0.544,0.541,-0.334,-0.325,0.308,-0.258,-0.236,0.144,0.222,0.271,0.914,-0.165,0.267,0.948,-0.420,0.130,0.539,-0.380,0.109,0.278
mag,141799,0.175,-0.490,0.429,-0.096,-0.531,0.487,-0.268,-0.347,0.301,-0.292,-0.219,0.139,0.276,0.232,0.909,-0.099,0.263,0.941,-0.442,0.167,0.598,-0.365,0.097,0.298
mag,141872,0.202,-0.458,0.365,-0.067,-0.495,0.434,-0.229,-0.339,0.281,-0.253,-0.251,0.148,0.298,0.173,0.880,-0.097,0.197,0.984,-0.410,0.113,0.608,-0.416,0.041,0.305
mag,141944,0.180,-0.448,0.336,-0.042,-0.505,0.385,-0.212,-0.354,0.242,-0.222,-0.246,0.146,0.315,0.122,0.880,-0.050,0.145,1.009,-0.425,0.106,0.622,-0.426,0.019,0.352
mag,142016,0.192,-0.419,0.314,-0.023,-0.509,0.392,-0.204,-0.374,0.245,-0.217,-0.273,0.156,0.330,0.122,0.856,0.008,0.114,0.989,-0.366,0.030,0.681,-0.389,0.043,0.352
mag,142089,0.221,-0.399,0.282,0.011,-0.468,0.343,-0.192,-0.364,0.271,-0.226,-0.234,0.141,0.313,0.085,0.819,0.052,0.126,1.002,-0.357,0.023,0.715,-0.397,0.033,0.396
mag,142156,0.187,-0.341,0.263,0.038,-0.424,0.324,-0.156,-0.376,0.252,-0.180,-0.280,0.163,0.347,0.041,0.758,0.072,0.038,0.960,-0.347,0.049,0.739,-0.397,0.021,0.430
mag,142227,0.199,-0.341,0.224,0.055,-0.422,0.319,-0.168,-0.361,0.266,-0.246,-0.287,0.156,0.344,0.019,0.724,0.104,0.050,0.970,-0.330,0.006,0.771,-0.406,0.004,0.442
mag,142300,0.187,-0.351,0.195,0.053,-0.426,0.282,-0.136,-0.381,0.254,-0.202,-0.287,0.175,0.391,-0.010,0.665,0.182,-0.004,0.923,-0.254,0.010,0.801,-0.406,0.002,0.505
mag,142378,0.219,-0.297,0.195,0.036,-0.397,0.260,-0.090,-0.369,0.247,-0.185,-0.292,0.166,0.408,-0.032,0.626,0.231,-0.035,0.889,-0.249,-0.036,0.852,-0.384,-0.003,0.537
mag,142450,0.194,-0.290,0.151,0.087,-0.375,0.236,-0.087,-0.386,0.242,-0.168,-0.309,0.170,0.423,-0.044,0.585,0.187,-0.057,0.862,-0.193,-0.046,0.876,-0.382,-0.023,0.566
mag,142521,0.209,-0.272,0.148,0.124,-0.343,0.221,-0.107,-0.391,0.237,-0.160,-0.317,0.173,0.413,-0.061,0.536,0.260,-0.057,0.848,-0.203,-0.043,0.886,-0.389,-0.032,0.615
mag,142598,0.224,-0.290,0.136,0.114,-0.356,0.219,-0.060,-0.359,0.271,-0.119,-0.280,0.192,0.391,-0.010,0.482,0.287,-0.055,0.789,-0.161,-0.046,0.871,-0.348,-0.032,0.620
mag,142664,0.204,-0.255,0.129,0.116,-0.343,0.197,-0.043,-0.378,0.254,-0.114,-0.299,0.175,0.393,-0.030,0.438,0.292,-0.067,0.718,-0.090,-0.048,0.849,-0.323,-0.040,0.647
mag,142738,0.180,-0.250,0.107,0.126,-0.326,0.182,-0.002,-0.371,0.240,-0.095,-0.351,0.190,0.413,-0.054,0.401,0.299,-0.074,0.696,-0.066,-0.080,0.857,-0.297,-0.067,0.696
mag,142814,0.202,-0.211,0.085,0.121,-0.309,0.175,0.013,-0.374,0.230,-0.087,-0.343,0.202,0.386,-0.039,0.362,0.357,-0.128,0.657,-0.000,-0.077,0.910,-0.284,-0.059,0.776
mag,142891,0.153,-0.197,0.073,0.160,-0.331,0.131,0.032,-0.359,0.232,-0.104,-0.329,0.197,0.369,-0.051,0.306,0.377,-0.072,0.596,0.080,-0.080,0.905,-0.233,-0.069,0.835
mag,142964,0.197,-0.202,0.065,0.153,-0.285,0.102,0.079,-0.374,0.198,-0.077,-0.368,0.190,0.359,-0.061,0.265,0.445,-0.101,0.535,0.183,-0.148,0.898,-0.189,-0.111,0.877
mag,143039,0.202,-0.150,0.036,0.212,-0.260,0.084,0.108,-0.337,0.203,-0.034,-0.348,0.192,0.344,-0.071,0.206,0.377,-0.089,0.447,0.232,-0.175,0.815,-0.104,-0.135,0.891
mag,143120,0.160,-0.153,0.011,0.170,-0.263,0.094,0.128,-0.361,0.181,-0.053,-0.346,0.173,0.325,-0.073,0.165,0.387,-0.099,0.391,0.251,-0.158,0.771,0.004,-0.128,0.891
mag,143206,0.150,-0.104,0.038,0.148,-0.243,0.077,0.123,-0.330,0.179,-0.024,-0.363,0.197,0.293,-0.064,0.152,0.384,-0.060,0.335,0.276,-0.151,0.715,0.038,-0.115,0.881
mag,143287,0.160,-0.150,0.016,0.182,-0.251,0.084,0.142,-0.305,0.154,0.023,-0.334,0.200,0.266,-0.020,0.126,0.370,-0.104,0.323,0.305,-0.141,0.683,0.070,-0.135,0.852
mag,143355,0.153,-0.111,-0.001,0.185,-0.187,0.065,0.120,-0.322,0.159,0.040,-0.356,0.202,0.266,-0.064,0.111,0.362,-0.050,0.262,0.356,-0.119,0.637,0.123,-0.140,0.845
mag,143426,0.126,-0.116,-0.003,0.155,-0.219,0.065,0.137,-0.303,0.157,0.045,-0.368,0.202,0.244,-0.071,0.109,0.331,-0.055,0.237,0.373,-0.099,0.600,0.158,-0.108,0.845
mag,143508,0.131,-0.075,-0.001,0.199,-0.173,0.043,0.147,-0.305,0.130,0.096,-0.358,0.187,0.247,-0.025,0.082,0.338,-0.035,0.203,0.408,-0.099,0.525,0.238,-0.086,0.820
mag,143585,0.121,-0.089,-0.006,0.151,-0.170,0.040,0.167,-0.291,0.130,0.108,-0.387,0.170,0.237,-0.020,0.055,0.340,-0.048,0.164,0.395,-0.056,0.451,0.275,-0.067,0.757
mag,143666,0.138,-0.070,-0.015,0.175,-0.195,0.016,0.181,-0.208,0.130,0.137,-0.339,0.192,0.205,-0.017,0.055,0.274,-0.062,0.152,0.410,-0.036,0.405,0.307,-0.045,0.723
mag,143752,0.114,-0.097,-0.008,0.158,-0.129,0.019,0.176,-0.254,0.125,0.135,-0.309,0.205,0.198,-0.012,0.045,0.296,-0.040,0.140,0.393,-0.053,0.385,0.289,-0.018,0.689
mag,143823,0.094,-0.087,-0.018,0.173,-0.170,0.028,0.211,-0.247,0.132,0.164,-0.351,0.214,0.166,-0.000,0.033,0.287,0.006,0.113,0.400,-0.007,0.354,0.346,0.029,0.649
mag,143903,0.082,-0.070,-0.001,0.168,-0.177,0.019,0.250,-0.225,0.127,0.211,-0.343,0.249,0.196,-0.025,0.008,0.265,-0.021,0.103,0.359,-0.014,0.322,0.375,0.053,0.610
mag,143988,0.119,-0.055,-0.003,0.202,-0.119,0.040,0.230,-0.203,0.169,0.198,-0.331,0.273,0.178,-0.027,0.035,0.262,0.018,0.088,0.351,0.047,0.293,0.368,0.112,0.523
mag,144070,0.136,-0.045,0.011,0.173,-0.094,0.028,0.250,-0.190,0.147,0.237,-0.317,0.300,0.132,-0.037,0.018,0.252,0.009,0.064,0.349,0.059,0.219,0.324,0.136,0.464
mag,144141,0.172,-0.070,0.007,0.204,-0.094,0.014,0.281,-0.176,0.162,0.257,-0.290,0.317,0.181,0.032,0.023,0.213,-0.006,0.084,0.317,0.052,0.210,0.350,0.173,0.408
mag,144226,0.109,-0.031,-0.013,0.221,-0.055,0.033,0.318,-0.188,0.164,0.306,-0.280,0.356,0.164,0.005,0.016,0.209,0.038,0.049,0.342,0.103,0.195,0.324,0.165,0.366
mag,144312,0.109,-0.009,-0.015,0.175,-0.065,0.045,0.303,-0.178,0.171,0.301,-0.268,0.385,0.159,0.024,-0.011,0.201,0.067,0.025,0.286,0.125,0.185,0.331,0.226,0.359
mag,144397,0.165,-0.055,-0.020,0.192,-0.104,0.026,0.350,-0.139,0.203,0.355,-0.248,0.415,0.130,0.019,-0.004,0.211,0.028,0.052,0.281,0.091,0.180,0.299,0.214,0.335
mag,144472,0.136,-0.033,-0.025,0.226,-0.058,0.033,0.360,-0.147,0.186,0.369,-0.253,0.437,0.169,0.005,0.016,0.199,0.048,0.052,0.300,0.115,0.149,0.294,0.236,0.337
mag,144557,0.182,-0.031,-0.010,0.238,-0.051,0.045,0.401,-0.144,0.247,0.421,-0.253,0.510,0.156,0.019,-0.004,0.182,0.053,0.049,0.312,0.145,0.183,0.277,0.270,0.327
mag,144633,0.180,0.001,-0.023,0.268,-0.060,0.058,0.408,-0.112,0.259,0.479,-0.253,0.581,0.142,0.017,0.004,0.228,0.048,0.040,0.290,0.154,0.183,0.287,0.246,0.322
mag,144705,0.189,-0.023,0.004,0.265,-0.080,0.045,0.472,-0.147,0.288,0.477,-0.263,0.620,0.112,0.044,0.016,0.201,0.062,0.047,0.303,0.194,0.171,0.265,0.302,0.332
mag,144775,0.187,-0.050,-0.003,0.253,-0.070,0.055,0.474,-0.149,0.313,0.533,-0.275,0.637,0.147,0.010,0.018,0.243,0.057,0.015,0.320,0.206,0.195,0.285,0.312,0.327
mag,144851,0.202,-0.016,0.009,0.297,-0.072,0.070,0.482,-0.129,0.313,0.513,-0.258,0.688,0.152,0.041,0.026,0.228,0.084,0.047,0.312,0.172,0.173,0.321,0.317,0.322
mag,144927,0.199,-0.060,0.002,0.314,-0.072,0.060,0.540,-0.137,0.357,0.540,-0.263,0.754,0.147,0.058,0.008,0.221,0.099,0.059,0.330,0.186,0.180,0.285,0.385,0.317
mag,144999,0.226,-0.036,0.002,0.324,-0.077,0.072,0.555,-0.151,0.396,0.560,-0.221,0.844,0.178,0.056,-0.011,0.245,0.084,0.049,0.271,0.237,0.173,0.267,0.361,0.325
mag,145078,0.211,-0.048,0.002,0.383,-0.099,0.080,0.621,-0.142,0.486,0.599,-0.273,0.991,0.156,0.073,-0.009,0.196,0.133,0.040,0.286,0.250,0.163,0.277,0.400,0.352
mag,145160,0.265,-0.021,-0.008,0.397,-0.070,0.082,0.675,-0.142,0.508,0.626,-0.236,1.093,0.132,0.051,0.006,0.231,0.126,0.052,0.308,0.277,0.185,0.270,0.422,0.349
mag,145222,0.199,-0.036,-0.008,0.407,-0.048,0.099,0.679,-0.115,0.501,0.633,-0.216,1.130,0.176,0.085,-0.004,0.238,0.104,0.047,0.315,0.299,0.183,0.221,0.431,0.313
mag,145309,0.250,-0.014,-0.003,0.414,-0.051,0.106,0.665,-0.078,0.535,0.662,-0.141,1.154,0.156,0.061,-0.001,0.218,0.136,0.040,0.312,0.294,0.180,0.233,0.383,0.281
mag,145380,0.238,-0.006,-0.013,0.419,-0.051,0.092,0.692,-0.007,0.550,0.645,-0.041,1.179,0.154,0.066,-0.009,0.211,0.092,0.035,0.247,0.245,0.141,0.214,0.407,0.249
mag,145451,0.250,0.021,-0.010,0.419,-0.029,0.119,0.699,0.044,0.564,0.679,0.035,1.191,0.142,0.105,-0.011,0.211,0.121,0.020,0.247,0.257,0.117,0.184,0.387,0.203
mag,145528,0.265,0.035,0.011,0.431,0.006,0.109,0.711,0.061,0.562,0.667,0.157,1.230,0.130,0.044,0.001,0.182,0.136,0.030,0.220,0.284,0.122,0.131,0.373,0.188
mag,145599,0.253,0.013,0.009,0.470,0.045,0.131,0.721,0.193,0.620,0.645,0.289,1.291,0.154,0.093,0.004,0.174,0.140,0.015,0.220,0.284,0.129,0.143,0.334,0.164
mag,145675,0.299,0.028,0.011,0.461,0.045,0.145,0.726,0.249,0.655,0.606,0.413,1.354,0.169,0.095,0.004,0.191,0.158,0.023,0.188,0.279,0.088,0.133,0.383,0.149
mag,145755,0.263,0.047,0.004,0.488,0.062,0.126,0.760,0.347,0.708,0.540,0.550,1.396,0.125,0.075,-0.021,0.150,0.165,-0.007,0.159,0.279,0.080,0.126,0.351,0.120
mag,145836,0.331,0.055,0.002,0.527,0.135,0.189,0.767,0.427,0.794,0.486,0.684,1.472,0.130,0.112,-0.009,0.177,0.184,0.020,0.161,0.303,0.090,0.097,0.365,0.110
mag,145911,0.338,0.072,0.024,0.558,0.179,0.197,0.823,0.549,0.904,0.357,0.760,1.542,0.115,0.105,-0.018,0.157,0.162,0.018,0.159,0.303,0.073,0.053,0.363,0.086
mag,145983,0.377,0.113,0.043,0.585,0.191,0.246,0.723,0.618,0.967,0.215,0.870,1.530,0.130,0.154,-0.016,0.138,0.192,0.030,0.129,0.333,0.056,0.045,0.346,0.090
mag,146055,0.380,0.140,0.031,0.607,0.255,0.280,0.701,0.691,1.023,0.120,0.887,1.506,0.154,0.112,-0.018,0.177,0.175,0.025,0.124,0.330,0.073,0.006,0.324,0.107
mag,146131,0.412,0.167,0.065,0.663,0.282,0.324,0.631,0.784,1.128,-0.043,0.929,1.491,0.127,0.122,-0.011,0.145,0.182,0.032,0.105,0.296,0.078,0.057,0.348,0.083
mag,146203,0.446,0.182,0.102,0.705,0.369,0.397,0.574,0.813,1.238,-0.170,0.936,1.521,0.166,0.144,-0.009,0.174,0.233,0.032,0.102,0.313,0.073,-0.038,0.351,0.076
mag,146270,0.509,0.228,0.114,0.766,0.367,0.487,0.482,0.955,1.365,-0.319,0.963,1.491,0.171,0.166,-0.014,0.196,0.175,0.040,0.110,0.323,0.093,-0.023,0.368,0.068
mag,146343,0.541,0.243,0.168,0.749,0.494,0.570,0.379,1.020,1.407,-0.417,0.931,1.403,0.134,0.149,0.008,0.152,0.228,0.042,0.063,0.338,0.073,-0.018,0.324,0.078
mag,146406,0.560,0.279,0.185,0.766,0.535,0.617,0.245,1.055,1.392,-0.490,0.951,1.318,0.144,0.171,0.006,0.138,0.226,0.037,0.054,0.313,0.068,0.006,0.324,0.068
mag,146473,0.607,0.333,0.219,0.768,0.587,0.697,0.150,1.062,1.443,-0.576,0.919,1.247,0.144,0.171,-0.004,0.118,0.263,0.030,0.027,0.347,0.075,-0.045,0.285,0.068
mag,146547,0.631,0.331,0.243,0.761,0.640,0.717,0.071,1.143,1.407,-0.610,0.914,1.169,0.144,0.183,0.018,0.140,0.245,0.032,0.024,0.340,0.073,-0.060,0.314,0.064
mag,146610,0.626,0.328,0.241,0.773,0.670,0.729,0.037,1.108,1.407,-0.656,0.890,1.152,0.132,0.183,0.013,0.135,0.267,0.013,0.032,0.323,0.056,-0.040,0.314,0.051
mag,146678,0.648,0.343,0.243,0.717,0.677,0.748,0.013,1.118,1.360,-0.637,0.877,1.088,0.134,0.158,-0.009,0.089,0.238,0.020,0.041,0.328,0.058,-0.033,0.290,0.059
mag,146746,0.648,0.389,0.275,0.746,0.706,0.775,-0.041,1.086,1.336,-0.659,0.882,1.022,0.098,0.200,-0.001,0.155,0.241,0.010,0.063,0.350,0.071,-0.001,0.292,0.059
mag,146819,0.639,0.423,0.326,0.734,0.719,0.827,-0.104,1.118,1.324,-0.688,0.833,0.966,0.144,0.205,0.016,0.130,0.258,0.040,-0.005,0.333,0.073,-0.057,0.302,0.051
mag,146888,0.712,0.436,0.361,0.715,0.804,0.932,-0.234,1.094,1.324,-0.734,0.802,0.920,0.147,0.180,0.011,0.128,0.277,0.027,0.010,0.355,0.036,-0.074,0.319,0.046
mag,146951,0.692,0.489,0.405,0.619,0.855,0.995,-0.309,1.060,1.285,-0.732,0.741,0.852,0.137,0.229,0.011,0.123,0.275,0.042,-0.003,0.320,0.071,-0.072,0.273,0.054
mag,147024,0.739,0.582,0.502,0.575,0.926,1.068,-0.439,1.025,1.228,-0.739,0.658,0.739,0.132,0.219,0.013,0.074,0.321,0.052,-0.039,0.345,0.063,-0.099,0.282,0.039
mag,147089,0.727,0.582,0.536,0.553,0.946,1.110,-0.453,0.991,1.216,-0.759,0.609,0.712,0.142,0.222,0.028,0.089,0.292,0.064,-0.039,0.294,0.049,-0.072,0.268,0.051
mag,147163,0.741,0.599,0.597,0.475,0.909,1.190,-0.497,0.937,1.170,-0.717,0.553,0.651,0.098,0.241,0.033,0.072,0.314,0.069,-0.027,0.301,0.066,-0.065,0.290,0.042
mag,147234,0.714,0.602,0.632,0.402,0.916,1.205,-0.554,0.862,1.094,-0.739,0.496,0.593,0.122,0.283,0.028,0.089,0.338,0.071,-0.039,0.308,0.071,-0.104,0.268,0.039
mag,147298,0.678,0.589,0.673,0.365,0.899,1.222,-0.529,0.752,1.067,-0.654,0.457,0.576,0.159,0.283,0.043,0.067,0.319,0.059,-0.020,0.308,0.078,-0.082,0.278,0.044
mag,147366,0.697,0.614,0.717,0.343,0.892,1.239,-0.546,0.718,1.036,-0.661,0.443,0.556,0.137,0.244,0.060,0.072,0.309,0.071,-0.054,0.306,0.073,-0.094,0.241,0.051
mag,147429,0.644,0.602,0.722,0.302,0.836,1.222,-0.558,0.696,1.045,-0.673,0.401,0.556,0.161,0.276,0.045,0.047,0.306,0.071,-0.046,0.308,0.093,-0.116,0.263,0.042
mag,147499,0.644,0.584,0.741,0.295,0.821,1.200,-0.544,0.647,1.016,-0.649,0.377,0.524,0.132,0.285,0.050,0.065,0.304,0.101,-0.029,0.284,0.078,-0.072,0.248,0.049
mag,147562,0.634,0.575,0.834,0.195,0.780,1.273,-0.597,0.591,0.972,-0.622,0.345,0.490,0.125,0.281,0.084,0.033,0.341,0.101,-0.059,0.294,0.068,-0.118,0.241,0.049
mag,147635,0.617,0.636,0.966,0.090,0.826,1.356,-0.654,0.540,0.884,-0.600,0.304,0.434,0.100,0.278,0.079,0.033,0.343,0.098,-0.083,0.320,0.097,-0.113,0.202,0.037
mag,147705,0.597,0.638,1.076,-0.035,0.733,1.425,-0.685,0.457,0.852,-0.651,0.238,0.366,0.134,0.329,0.101,0.038,0.370,0.108,-0.137,0.313,0.083,-0.133,0.246,0.049
mag,147769,0.560,0.677,1.183,-0.135,0.723,1.456,-0.702,0.444,0.782,-0.607,0.225,0.361,0.120,0.324,0.111,-0.021,0.372,0.123,-0.098,0.279,0.112,-0.148,0.231,0.039
mag,147844,0.460,0.626,1.237,-0.238,0.645,1.430,-0.712,0.356,0.743,-0.573,0.201,0.317,0.081,0.346,0.104,-0.026,0.360,0.130,-0.105,0.284,0.088,-0.152,0.221,0.066
mag,147907,0.441,0.609,1.337,-0.262,0.592,1.476,-0.710,0.290,0.730,-0.549,0.174,0.305,0.093,0.351,0.128,-0.028,0.353,0.152,-0.127,0.301,0.105,-0.160,0.221,0.073
mag,147977,0.431,0.545,1.369,-0.335,0.540,1.469,-0.690,0.283,0.706,-0.549,0.116,0.300,0.086,0.381,0.145,-0.045,0.358,0.142,-0.137,0.313,0.100,-0.140,0.219,0.066
mag,148044,0.397,0.563,1.457,-0.345,0.494,1.488,-0.722,0.234,0.660,-0.541,0.113,0.285,0.086,0.339,0.150,-0.031,0.375,0.171,-0.117,0.313,0.119,-0.135,0.195,0.061
mag,148107,0.382,0.438,1.501,-0.408,0.430,1.486,-0.698,0.190,0.662,-0.524,0.094,0.275,0.061,0.381,0.187,-0.031,0.397,0.174,-0.171,0.284,0.119,-0.160,0.199,0.061
mag,148180,0.341,0.362,1.550,-0.445,0.333,1.486,-0.658,0.095,0.623,-0.532,0.035,0.253,0.100,0.422,0.187,-0.070,0.424,0.213,-0.161,0.301,0.127,-0.160,0.217,0.068
mag,148243,0.304,0.306,1.569,-0.457,0.201,1.456,-0.710,0.085,0.603,-0.502,0.035,0.234,0.108,0.395,0.223,-0.092,0.436,0.223,-0.154,0.267,0.134,-0.201,0.187,0.061
mag,148310,0.289,0.211,1.564,-0.472,0.186,1.403,-0.627,0.034,0.567,-0.524,0.020,0.229,0.125,0.407,0.250,-0.097,0.416,0.245,-0.195,0.299,0.141,-0.218,0.217,0.081
mag,148373,0.224,0.079,1.574,-0.484,0.028,1.391,-0.641,0.017,0.569,-0.485,-0.021,0.222,0.088,0.456,0.277,-0.053,0.451,0.274,-0.212,0.306,0.144,-0.199,0.190,0.086
mag,148446,0.238,-0.062,1.520,-0.452,-0.043,1.342,-0.641,-0.027,0.555,-0.475,-0.050,0.217,0.081,0.456,0.340,-0.133,0.472,0.330,-0.227,0.301,0.195,-0.231,0.158,0.086
mag,148515,0.180,-0.136,1.454,-0.452,-0.129,1.264,-0.585,-0.115,0.516,-0.453,-0.031,0.207,0.059,0.473,0.377,-0.123,0.482,0.367,-0.266,0.299,0.207,-0.218,0.175,0.110
mag,148578,0.180,-0.224,1.384,-0.455,-0.207,1.190,-0.568,-0.134,0.520,-0.427,-0.109,0.185,0.093,0.442,0.419,-0.145,0.477,0.403,-0.276,0.252,0.217,-0.262,0.158,0.110
mag,148646,0.153,-0.297,1.276,-0.428,-0.270,1.107,-0.502,-0.164,0.469,-0.405,-0.107,0.183,0.083,0.473,0.489,-0.148,0.480,0.433,-0.291,0.274,0.246,-0.221,0.170,0.105
mag,148709,0.143,-0.360,1.166,-0.394,-0.329,1.015,-0.473,-0.173,0.445,-0.356,-0.092,0.197,0.088,0.449,0.504,-0.131,0.463,0.462,-0.300,0.279,0.261,-0.270,0.148,0.139
mag,148777,0.138,-0.421,1.076,-0.360,-0.385,0.951,-0.456,-0.188,0.413,-0.368,-0.136,0.168,0.122,0.471,0.558,-0.141,0.453,0.521,-0.317,0.259,0.290,-0.272,0.175,0.139
mag,148840,0.175,-0.482,1.020,-0.328,-0.424,0.880,-0.431,-0.222,0.393,-0.375,-0.143,0.166,0.115,0.461,0.633,-0.182,0.451,0.587,-0.332,0.252,0.324,-0.279,0.136,0.161
mag,148909,0.138,-0.499,0.944,-0.316,-0.466,0.844,-0.431,-0.222,0.393,-0.353,-0.155,0.173,0.095,0.449,0.658,-0.182,0.394,0.628,-0.335,0.230,0.307,-0.265,0.148,0.161
mag,148978,0.155,-0.536,0.910,-0.279,-0.480,0.783,-0.412,-0.276,0.381,-0.366,-0.124,0.141,0.103,0.447,0.719,-0.236,0.451,0.643,-0.317,0.218,0.356,-0.270,0.131,0.159
mag,149043,0.160,-0.521,0.771,-0.260,-0.522,0.727,-0.380,-0.266,0.328,-0.302,-0.175,0.139,0.108,0.434,0.797,-0.238,0.372,0.738,-0.400,0.252,0.383,-0.309,0.138,0.188
mag,149110,0.136,-0.512,0.683,-0.218,-0.531,0.634,-0.353,-0.313,0.320,-0.312,-0.199,0.146,0.144,0.390,0.831,-0.216,0.350,0.772,-0.374,0.198,0.429,-0.345,0.090,0.200
mag,149173,0.155,-0.507,0.617,-0.196,-0.495,0.580,-0.339,-0.315,0.308,-0.256,-0.219,0.151,0.134,0.361,0.836,-0.187,0.350,0.770,-0.400,0.184,0.427,-0.340,0.116,0.210
mag,149242,0.153,-0.490,0.519,-0.155,-0.463,0.531,-0.314,-0.342,0.296,-0.270,-0.209,0.139,0.149,0.285,0.851,-0.197,0.277,0.831,-0.378,0.150,0.473,-0.355,0.082,0.234
mag,149310,0.172,-0.460,0.480,-0.116,-0.473,0.490,-0.275,-0.308,0.276,-0.248,-0.199,0.146,0.176,0.237,0.839,-0.165,0.219,0.853,-0.393,0.123,0.508,-0.336,0.077,0.252
mag,149381,0.143,-0.426,0.417,-0.111,-0.431,0.441,-0.241,-0.300,0.274,-0.214,-0.197,0.148,0.186,0.173,0.821,-0.126,0.228,0.831,-0.354,0.101,0.525,-0.343,0.053,0.276
mag,149449,0.177,-0.397,0.341,-0.054,-0.448,0.382,-0.226,-0.330,0.232,-0.212,-0.209,0.153,0.230,0.144,0.821,-0.080,0.140,0.860,-0.393,0.071,0.554,-0.358,0.073,0.291
mag,149522,0.153,-0.382,0.319,-0.057,-0.429,0.338,-0.226,-0.344,0.237,-0.212,-0.202,0.144,0.244,0.105,0.792,-0.060,0.109,0.879,-0.357,0.032,0.581,-0.353,0.002,0.305
mag,149599,0.155,-0.373,0.287,0.011,-0.407,0.341,-0.148,-0.359,0.237,-0.224,-0.221,0.153,0.279,0.071,0.780,-0.028,0.123,0.904,-0.322,0.042,0.630,-0.336,0.043,0.354
mag,149667,0.175,-0.355,0.234,-0.006,-0.400,0.311,-0.160,-0.349,0.240,-0.178,-0.256,0.146,0.330,0.053,0.724,0.074,0.028,0.892,-0.325,0.013,0.691,-0.404,-0.008,0.410
mag,149749,0.167,-0.307,0.187,0.065,-0.405,0.289,-0.143,-0.354,0.237,-0.136,-0.219,0.144,0.359,-0.030,0.665,0.135,0.001,0.889,-0.259,0.008,0.759,-0.372,-0.008,0.469
mag,149830,0.194,-0.319,0.160,0.068,-0.353,0.248,-0.068,-0.366,0.254,-0.153,-0.260,0.148,0.364,-0.027,0.602,0.182,-0.023,0.850,-0.212,-0.051,0.769,-0.362,-0.018,0.505
mag,149902,0.189,-0.280,0.131,0.063,-0.326,0.211,-0.077,-0.349,0.215,-0.151,-0.258,0.146,0.398,-0.059,0.546,0.201,-0.082,0.799,-0.217,-0.068,0.798,-0.338,-0.037,0.545
mag,149974,0.160,-0.231,0.112,0.097,-0.353,0.194,-0.051,-0.396,0.203,-0.124,-0.292,0.151,0.357,-0.061,0.497,0.277,-0.155,0.770,-0.156,-0.075,0.801,-0.348,-0.076,0.571
mag,150051,0.187,-0.211,0.099,0.134,-0.339,0.172,-0.036,-0.332,0.196,-0.139,-0.285,0.166,0.396,-0.083,0.450,0.289,-0.118,0.704,-0.088,-0.134,0.810,-0.292,-0.093,0.615
mag,150127,0.158,-0.192,0.063,0.131,-0.322,0.128,0.003,-0.313,0.174,-0.092,-0.309,0.158,0.337,-0.095,0.372,0.306,-0.128,0.633,-0.007,-0.173,0.798,-0.279,-0.103,0.645
mag,150195,0.160,-0.170,0.065,0.119,-0.241,0.121,-0.012,-0.347,0.181,-0.077,-0.292,0.148,0.310,-0.066,0.282,0.314,-0.138,0.543,0.027,-0.160,0.735,-0.206,-0.113,0.684
mag,150262,0.160,-0.160,0.053,0.138,-0.248,0.094,0.071,-0.317,0.149,-0.034,-0.295,0.148,0.313,-0.115,0.231,0.314,-0.084,0.447,0.115,-0.131,0.688,-0.150,-0.159,0.667
mag,150344,0.163,-0.160,0.055,0.146,-0.246,0.080,0.042,-0.264,0.181,-0.016,-0.285,0.151,0.300,-0.088,0.209,0.314,-0.089,0.381,0.171,-0.112,0.632,-0.106,-0.125,0.667
mag,150426,0.121,-0.116,0.043,0.116,-0.185,0.089,0.086,-0.269,0.164,-0.019,-0.265,0.183,0.264,-0.034,0.160,0.284,-0.077,0.306,0.183,-0.109,0.549,-0.028,-0.103,0.608
mag,150498,0.141,-0.102,0.014,0.136,-0.158,0.080,0.084,-0.239,0.162,0.018,-0.277,0.180,0.215,-0.044,0.131,0.267,-0.082,0.257,0.198,-0.070,0.500,0.006,-0.106,0.588
mag,150565,0.104,-0.087,0.014,0.151,-0.153,0.084,0.111,-0.203,0.159,0.020,-0.229,0.175,0.213,-0.054,0.113,0.231,-0.055,0.240,0.203,-0.075,0.432,0.045,-0.069,0.566
mag,150646,0.111,-0.109,0.016,0.129,-0.146,0.065,0.118,-0.205,0.149,0.062,-0.241,0.187,0.208,-0.044,0.096,0.216,-0.045,0.169,0.217,-0.090,0.361,0.106,-0.035,0.488
mag,150722,0.084,-0.077,-0.001,0.102,-0.114,0.065,0.135,-0.159,0.122,0.081,-0.209,0.173,0.181,-0.030,0.072,0.218,-0.040,0.142,0.215,-0.060,0.312,0.155,-0.015,0.432
mag,150793,0.087,-0.050,0.004,0.131,-0.114,0.050,0.130,-0.137,0.113,0.106,-0.190,0.161,0.125,-0.037,0.030,0.155,-0.006,0.103,0.237,-0.024,0.249,0.136,-0.076,0.354
mag,150870,0.109,-0.048,-0.001,0.134,-0.070,0.036,0.113,-0.120,0.098,0.089,-0.173,0.136,0.127,-0.022,0.043,0.169,-0.033,0.091,0.171,-0.021,0.200,0.194,-0.025,0.317
mag,150952,0.097,-0.050,-0.001,0.099,-0.087,0.033,0.118,-0.120,0.100,0.128,-0.160,0.119,0.093,-0.020,0.021,0.138,-0.038,0.062,0.151,-0.036,0.154,0.187,0.009,0.271
mag,151023,0.080,-0.021,0.007,0.099,-0.043,0.043,0.135,-0.098,0.079,0.125,-0.146,0.131,0.105,0.017,0.030,0.148,0.021,0.049,0.166,0.023,0.134,0.089,0.009,0.244
mag,151086,0.082,-0.026,0.004,0.102,-0.063,0.045,0.137,-0.059,0.071,0.086,-0.114,0.126,0.088,-0.003,0.008,0.096,0.004,0.035,0.173,-0.024,0.122,0.155,0.002,0.193
mag,151159,0.060,-0.011,0.011,0.087,-0.029,0.014,0.086,-0.073,0.079,0.093,-0.089,0.097,0.110,-0.022,0.023,0.086,0.016,0.064,0.137,-0.007,0.119,0.136,0.011,0.195
mag,151236,0.077,-0.026,0.009,0.102,-0.068,0.031,0.089,-0.085,0.057,0.081,-0.094,0.112,0.098,-0.000,0.001,0.116,-0.011,0.052,0.146,0.006,0.100,0.133,0.024,0.147
mag,151317,0.065,-0.031,0.002,0.072,-0.019,0.011,0.125,-0.037,0.066,0.103,-0.107,0.126,0.056,-0.017,0.013,0.104,-0.021,0.042,0.102,0.032,0.068,0.155,-0.003,0.137
mag,151395,0.075,-0.023,0.002,0.070,-0.051,0.023,0.118,-0.066,0.054,0.084,-0.060,0.119,0.061,-0.010,0.016,0.121,-0.008,0.025,0.142,-0.012,0.095,0.133,0.024,0.125
mag,151473,0.038,-0.031,0.002,0.092,-0.036,0.021,0.123,-0.056,0.052,0.111,-0.046,0.095,0.061,0.034,0.008,0.077,0.009,0.015,0.122,0.008,0.083,0.121,0.026,0.117
mag,151545,0.065,-0.006,-0.006,0.099,-0.029,0.019,0.135,-0.056,0.066,0.123,-0.065,0.114,0.059,0.014,0.018,0.101,-0.021,0.023,0.102,-0.002,0.071,0.106,0.043,0.105
mag,151623,0.040,-0.014,0.002,0.116,-0.016,0.036,0.096,-0.051,0.069,0.106,-0.050,0.107,0.054,0.027,0.016,0.047,0.018,0.018,0.110,0.013,0.056,0.089,0.024,0.088
mag,151690,0.040,-0.014,-0.006,0.068,-0.051,0.019,0.062,-0.054,0.064,0.140,-0.055,0.100,0.051,0.002,-0.004,0.047,-0.018,0.037,0.090,-0.002,0.061,0.114,0.033,0.076
mag,151762,0.075,-0.011,-0.003,0.094,-0.016,0.036,0.115,-0.012,0.069,0.140,-0.048,0.131,0.066,0.022,0.001,0.089,-0.001,0.040,0.132,0.025,0.049,0.097,0.026,0.100
mag,151831,0.055,-0.031,-0.003,0.094,-0.043,0.033,0.103,-0.024,0.076,0.140,-0.033,0.114,0.061,0.039,-0.009,0.079,0.023,0.032,0.095,0.032,0.063,0.143,0.053,0.095
mag,151894,0.067,0.016,0.009,0.090,-0.026,0.038,0.145,-0.017,0.079,0.123,-0.060,0.146,0.064,0.029,0.016,0.062,0.033,0.020,0.102,0.054,0.066,0.097,0.065,0.098
mag,151965,0.077,-0.001,0.024,0.112,0.008,0.023,0.140,-0.032,0.091,0.096,-0.026,0.158,0.078,0.005,-0.004,0.067,0.006,0.040,0.080,0.013,0.071,0.048,0.055,0.105
mag,152043,0.087,-0.014,0.011,0.094,-0.038,0.043,0.167,0.012,0.098,0.152,-0.006,0.173,0.086,0.053,0.033,0.047,0.021,0.042,0.112,0.045,0.078,0.084,0.087,0.105
mag,152114,0.072,-0.009,0.024,0.131,-0.011,0.043,0.147,0.007,0.118,0.154,-0.028,0.195,0.086,0.044,0.021,0.065,0.026,0.005,0.083,0.054,0.085,0.097,0.109,0.112
mag,152190,0.070,-0.041,0.024,0.121,-0.014,0.058,0.147,-0.022,0.108,0.142,-0.033,0.200,0.066,0.019,0.001,0.062,0.031,0.027,0.122,0.010,0.085,0.099,0.085,0.117
mag,152258,0.092,0.016,0.033,0.124,-0.016,0.045,0.133,0.037,0.137,0.147,-0.016,0.234,0.076,0.046,0.004,0.084,0.045,0.047,0.107,0.062,0.068,0.055,0.109,0.110
mag,152325,0.099,0.021,0.014,0.112,-0.031,0.040,0.179,-0.020,0.118,0.169,-0.006,0.241,0.064,0.002,0.004,0.067,0.016,0.035,0.107,0.074,0.068,0.104,0.082,0.117
mag,152393,0.128,-0.031,0.009,0.141,-0.007,0.053,0.174,0.015,0.142,0.162,-0.002,0.222,0.034,0.032,0.004,0.091,0.043,0.030,0.115,0.081,0.068,0.097,0.097,0.117
mag,152474,0.116,0.001,0.026,0.148,0.001,0.050,0.186,-0.010,0.147,0.135,-0.004,0.227,0.027,0.027,0.004,0.055,0.067,0.052,0.107,0.076,0.068,0.084,0.121,0.095
mag,152541,0.128,0.013,0.031,0.146,-0.019,0.080,0.154,-0.017,0.169,0.157,0.011,0.249,0.051,0.061,0.021,0.118,0.053,0.049,0.095,0.069,0.058,0.077,0.116,0.095
mag,152618,0.102,-0.001,0.029,0.116,0.015,0.065,0.184,0.029,0.159,0.159,0.033,0.266,0.083,0.034,0.026,0.089,0.055,0.030,0.098,0.093,0.061,0.099,0.129,0.095
mag,152685,0.119,-0.019,0.026,0.131,0.037,0.067,0.196,0.027,0.188,0.157,0.042,0.280,0.049,0.046,0.001,0.067,0.072,0.042,0.059,0.115,0.088,0.075,0.124,0.093
mag,152752,0.128,0.006,0.031,0.160,-0.004,0.075,0.218,0.044,0.174,0.167,0.069,0.275,0.056,0.036,0.023,0.089,0.070,0.025,0.107,0.089,0.078,0.082,0.129,0.100
mag,152825,0.116,0.028,0.048,0.187,0.047,0.082,0.174,0.044,0.223,0.142,0.055,0.319,0.044,0.029,0.026,0.099,0.053,0.049,0.066,0.111,0.049,0.087,0.141,0.110
mag,152896,0.116,0.025,0.051,0.160,0.033,0.099,0.206,0.076,0.210,0.179,0.133,0.344,0.071,0.024,0.013,0.086,0.072,0.023,0.102,0.062,0.075,0.045,0.151,0.088
mag,152978,0.138,0.079,0.043,0.180,0.067,0.102,0.213,0.129,0.249,0.145,0.147,0.375,0.076,0.066,0.018,0.082,0.114,0.030,0.061,0.123,0.068,0.050,0.138,0.093
mag,153040,0.158,0.052,0.051,0.190,0.101,0.121,0.228,0.124,0.252,0.137,0.142,0.366,0.069,0.029,-0.001,0.084,0.087,0.049,0.076,0.093,0.078,0.038,0.160,0.098
mag,153117,0.126,0.086,0.060,0.214,0.074,0.141,0.201,0.146,0.266,0.152,0.191,0.380,0.086,0.080,0.011,0.079,0.082,0.047,0.088,0.128,0.080,0.040,0.129,0.086
mag,153189,0.138,0.062,0.053,0.163,0.091,0.148,0.181,0.149,0.281,0.064,0.203,0.378,0.086,0.071,0.018,0.060,0.099,0.032,0.068,0.101,0.071,0.033,0.158,0.076
mag,153251,0.155,0.099,0.065,0.187,0.135,0.136,0.157,0.173,0.288,0.057,0.228,0.368,0.044,0.080,0.018,0.089,0.043,0.037,0.034,0.137,0.036,0.004,0.151,0.066
mag,153319,0.150,0.057,0.087,0.177,0.108,0.158,0.128,0.193,0.296,0.028,0.213,0.334,0.073,0.061,0.028,0.055,0.092,0.057,0.063,0.142,0.058,-0.006,0.114,0.059
mag,153381,0.165,0.123,0.107,0.168,0.159,0.189,0.093,0.203,0.288,0.023,0.221,0.332,0.051,0.080,0.026,0.069,0.062,0.054,0.024,0.132,0.061,0.026,0.163,0.071
mag,153458,0.163,0.108,0.102,0.182,0.133,0.211,0.084,0.227,0.279,-0.041,0.201,0.327,0.091,0.063,0.016,0.067,0.104,0.045,0.049,0.118,0.063,-0.013,0.126,0.071
mag,153526,0.194,0.133,0.138,0.165,0.201,0.209,0.059,0.249,0.320,-0.087,0.228,0.324,0.073,0.075,0.021,0.038,0.143,0.052,0.049,0.118,0.063,-0.006,0.141,0.054
mag,153589,0.155,0.165,0.121,0.158,0.208,0.236,0.035,0.217,0.301,-0.090,0.240,0.307,0.061,0.080,0.026,0.055,0.089,0.037,0.015,0.120,0.053,-0.028,0.107,0.066
mag,153657,0.145,0.187,0.158,0.138,0.216,0.248,0.001,0.239,0.298,-0.109,0.260,0.273,0.029,0.080,0.026,0.045,0.138,0.047,0.029,0.140,0.046,-0.008,0.136,0.061
mag,153720,0.136,0.196,0.177,0.126,0.235,0.282,-0.043,0.239,0.306,-0.129,0.216,0.253,0.073,0.115,0.028,0.033,0.153,0.037,-0.015,0.130,0.056,-0.052,0.138,0.046
mag,153788,0.167,0.218,0.231,0.107,0.250,0.329,-0.077,0.290,0.330,-0.170,0.240,0.261,0.059,0.110,0.043,0.050,0.160,0.052,-0.039,0.150,0.056,-0.033,0.146,0.037
mag,153862,0.182,0.243,0.278,0.097,0.269,0.385,-0.082,0.295,0.342,-0.173,0.225,0.302,0.044,0.141,0.045,0.011,0.128,0.069,-0.003,0.142,0.061,-0.067,0.124,0.056
mag,153925,0.185,0.260,0.307,0.085,0.306,0.399,-0.129,0.264,0.364,-0.200,0.225,0.258,0.042,0.171,0.043,-0.016,0.177,0.052,-0.007,0.120,0.058,-0.050,0.124,0.049
mag,153992,0.119,0.255,0.302,0.053,0.274,0.407,-0.151,0.256,0.369,-0.197,0.182,0.241,0.034,0.146,0.050,0.052,0.148,0.052,0.005,0.130,0.058,-0.045,0.141,0.066
mag,154056,0.109,0.248,0.312,0.014,0.252,0.385,-0.143,0.234,0.293,-0.195,0.184,0.239,0.022,0.119,0.050,0.013,0.165,0.064,-0.024,0.142,0.051,-0.055,0.107,0.049
mag,154124,0.114,0.226,0.331,0.026,0.242,0.387,-0.143,0.232,0.328,-0.209,0.167,0.227,0.039,0.136,0.072,0.011,0.123,0.059,-0.037,0.135,0.068,-0.045,0.119,0.056
mag,154187,0.119,0.179,0.346,0.021,0.223,0.397,-0.153,0.190,0.306,-0.182,0.113,0.209,0.029,0.136,0.084,-0.014,0.145,0.069,-0.064,0.147,0.068,-0.045,0.119,0.046
mag,154259,0.084,0.228,0.368,-0.008,0.201,0.380,-0.158,0.188,0.291,-0.168,0.103,0.202,0.039,0.124,0.077,-0.011,0.140,0.088,-0.042,0.123,0.080,-0.087,0.114,0.064
mag,154327,0.060,0.199,0.402,-0.054,0.213,0.402,-0.178,0.134,0.286,-0.182,0.120,0.187,0.039,0.156,0.087,-0.021,0.150,0.084,-0.059,0.123,0.078,-0.067,0.107,0.037
mag,154395,0.048,0.201,0.419,-0.067,0.201,0.431,-0.197,0.127,0.288,-0.204,0.096,0.180,0.025,0.154,0.111,-0.004,0.184,0.106,-0.044,0.150,0.093,-0.072,0.148,0.061
mag,154464,0.084,0.172,0.439,-0.103,0.189,0.421,-0.202,0.088,0.279,-0.190,0.074,0.195,0.049,0.154,0.099,-0.019,0.180,0.110,-0.054,0.150,0.085,-0.082,0.112,0.059
mag,154528,0.031,0.138,0.419,-0.072,0.159,0.421,-0.182,0.103,0.286,-0.185,0.025,0.192,0.025,0.193,0.109,-0.004,0.192,0.123,-0.078,0.130,0.075,-0.074,0.129,0.086
mag,154601,0.058,0.152,0.422,-0.108,0.120,0.426,-0.231,0.088,0.274,-0.182,0.055,0.190,0.039,0.136,0.126,-0.028,0.170,0.132,-0.090,0.137,0.112,-0.089,0.097,0.073
mag,154670,0.038,0.138,0.422,-0.094,0.094,0.404,-0.165,0.088,0.269,-0.178,0.059,0.168,0.015,0.146,0.128,0.006,0.136,0.130,-0.078,0.140,0.095,-0.094,0.082,0.071
mag,154733,0.067,0.067,0.441,-0.094,0.089,0.419,-0.187,0.059,0.288,-0.192,-0.006,0.170,-0.005,0.161,0.162,-0.033,0.143,0.149,-0.071,0.123,0.110,-0.101,0.092,0.073
mag,154802,0.014,0.072,0.431,-0.123,0.074,0.412,-0.195,0.022,0.262,-0.197,0.042,0.151,0.003,0.188,0.179,-0.023,0.140,0.137,-0.054,0.135,0.114,-0.104,0.080,0.073
mag,154866,0.021,0.069,0.441,-0.108,0.050,0.407,-0.234,0.049,0.274,-0.217,0.011,0.187,-0.002,0.176,0.182,-0.058,0.160,0.154,-0.076,0.125,0.127,-0.106,0.038,0.081
mag,154933,0.050,0.025,0.431,-0.108,0.015,0.404,-0.165,0.029,0.259,-0.200,-0.004,0.178,0.029,0.156,0.201,-0.028,0.182,0.152,-0.103,0.113,0.132,-0.096,0.087,0.076
mag,155001,0.053,0.013,0.434,-0.125,0.013,0.387,-0.224,-0.000,0.254,-0.168,0.020,0.175,0.034,0.158,0.204,-0.045,0.136,0.196,-0.071,0.091,0.132,-0.116,0.112,0.086
mag,155071,0.033,-0.021,0.417,-0.137,-0.031,0.380,-0.219,-0.044,0.266,-0.175,-0.036,0.173,0.005,0.117,0.211,-0.087,0.145,0.189,-0.147,0.098,0.161,-0.101,0.109,0.100
mag,155145,0.011,-0.055,0.400,-0.106,-0.014,0.363,-0.170,0.019,0.247,-0.158,-0.019,0.173,0.032,0.171,0.221,-0.028,0.138,0.198,-0.107,0.081,0.154,-0.111,0.051,0.093
mag,155214,0.028,-0.109,0.370,-0.079,-0.036,0.355,-0.170,-0.020,0.232,-0.153,-0.028,0.163,0.025,0.151,0.235,-0.077,0.180,0.220,-0.086,0.113,0.178,-0.104,0.073,0.107
mag,155283,0.019,-0.053,0.365,-0.081,-0.051,0.341,-0.163,-0.098,0.247,-0.141,-0.038,0.151,0.034,0.129,0.231,-0.053,0.145,0.250,-0.090,0.096,0.190,-0.096,0.065,0.122
mag,155346,0.043,-0.075,0.361,-0.076,-0.053,0.348,-0.156,-0.039,0.247,-0.158,-0.055,0.148,0.015,0.105,0.255,-0.053,0.111,0.259,-0.095,0.069,0.173,-0.128,0.077,0.120
mag,155417,0.048,-0.084,0.334,-0.062,-0.092,0.333,-0.156,-0.046,0.237,-0.163,-0.050,0.146,0.042,0.075,0.262,-0.026,0.104,0.257,-0.098,0.086,0.200,-0.121,0.077,0.147
mag,155488,0.070,-0.094,0.295,-0.006,-0.085,0.302,-0.080,-0.076,0.230,-0.148,-0.063,0.180,0.051,0.083,0.245,-0.011,0.106,0.247,-0.134,0.052,0.195,-0.109,0.055,0.154
mag,155552,0.080,-0.102,0.261,-0.023,-0.107,0.304,-0.097,-0.081,0.235,-0.117,-0.063,0.166,0.047,0.097,0.253,-0.036,0.067,0.276,-0.090,0.081,0.224,-0.079,0.053,0.169
mag,155625,0.080,-0.077,0.270,0.002,-0.092,0.265,-0.068,-0.098,0.227,-0.102,-0.087,0.153,0.049,0.093,0.240,-0.033,0.133,0.294,-0.066,0.074,0.219,-0.109,0.065,0.166
mag,155692,0.111,-0.099,0.243,-0.013,-0.094,0.287,-0.104,-0.068,0.220,-0.146,-0.080,0.185,0.071,0.083,0.248,-0.001,0.109,0.272,-0.090,0.052,0.222,-0.121,0.053,0.176
mag,155767,0.072,-0.072,0.224,-0.001,-0.141,0.258,-0.085,-0.142,0.205,-0.143,-0.068,0.158,0.103,0.051,0.231,0.013,0.097,0.264,-0.110,0.067,0.229,-0.118,0.058,0.186
mag,155833,0.111,-0.136,0.221,0.002,-0.102,0.241,-0.051,-0.105,0.223,-0.075,-0.082,0.183,0.073,0.046,0.245,0.025,0.065,0.262,-0.064,0.015,0.256,-0.106,0.053,0.186
mag,155905,0.087,-0.087,0.187,-0.003,-0.090,0.241,-0.073,-0.064,0.240,-0.075,-0.089,0.192,0.122,0.063,0.221,0.023,0.057,0.274,-0.049,0.054,0.246,-0.099,0.055,0.215
mag,155969,0.080,-0.111,0.182,0.004,-0.107,0.233,-0.055,-0.122,0.213,-0.099,-0.068,0.178,0.110,0.032,0.233,0.055,0.062,0.267,-0.093,-0.007,0.251,-0.106,0.002,0.217
mag,156039,0.099,-0.099,0.175,0.011,-0.114,0.224,-0.033,-0.120,0.220,-0.095,-0.126,0.183,0.110,0.053,0.226,0.033,0.016,0.257,-0.007,0.037,0.280,-0.065,0.053,0.217
mag,156113,0.116,-0.092,0.146,0.070,-0.175,0.206,0.001,-0.100,0.227,-0.085,-0.080,0.187,0.073,0.024,0.231,0.052,0.016,0.254,0.002,0.023,0.268,-0.074,0.038,0.237
mag,156177,0.077,-0.092,0.119,0.080,-0.141,0.185,-0.021,-0.137,0.208,-0.082,-0.146,0.187,0.103,0.027,0.192,0.072,-0.004,0.250,0.002,0.020,0.261,-0.069,-0.003,0.232
mag,156246,0.123,-0.065,0.131,0.082,-0.131,0.172,-0.016,-0.154,0.176,-0.036,-0.133,0.190,0.081,0.036,0.174,0.072,-0.001,0.242,-0.005,0.023,0.271,-0.016,0.009,0.252
mag,156314,0.121,-0.082,0.116,0.092,-0.068,0.153,0.010,-0.105,0.208,-0.009,-0.116,0.190,0.117,-0.020,0.177,0.060,-0.004,0.213,0.032,0.020,0.251,-0.045,0.031,0.247
mag,156384,0.089,-0.102,0.129,0.082,-0.090,0.170,0.032,-0.132,0.198,-0.004,-0.133,0.190,0.105,-0.003,0.170,0.089,0.033,0.206,0.005,0.035,0.261,-0.035,0.024,0.239
mag,156454,0.084,-0.089,0.119,0.063,-0.063,0.153,0.013,-0.085,0.203,-0.002,-0.109,0.170,0.134,0.014,0.138,0.099,0.006,0.201,0.029,0.035,0.249,-0.018,0.011,0.261
mag,156522,0.082,-0.082,0.094,0.085,-0.112,0.128,0.042,-0.093,0.188,-0.024,-0.111,0.185,0.098,0.027,0.140,0.106,0.001,0.186,0.041,-0.004,0.241,-0.008,0.063,0.247
mag,156590,0.102,-0.072,0.097,0.072,-0.109,0.133,0.040,-0.103,0.196,0.008,-0.085,0.190,0.098,0.014,0.118,0.113,0.053,0.176,0.039,0.010,0.251,-0.043,0.024,0.256
mag,156655,0.106,-0.055,0.097,0.090,-0.090,0.123,0.069,-0.100,0.181,0.025,-0.094,0.200,0.125,0.014,0.123,0.079,0.004,0.176,0.068,0.035,0.251,0.001,0.046,0.264
mag,156723,0.131,-0.055,0.080,0.082,-0.114,0.111,0.069,-0.107,0.193,0.018,-0.097,0.212,0.115,0.002,0.111,0.104,0.062,0.145,0.063,0.045,0.241,-0.018,0.016,0.256
mag,156797,0.106,-0.058,0.065,0.090,-0.055,0.104,0.079,-0.103,0.162,-0.024,-0.131,0.209,0.112,0.019,0.111,0.104,0.006,0.157,0.073,0.001,0.219,0.021,0.036,0.230
mag,156860,0.121,-0.053,0.090,0.065,-0.060,0.104,0.040,-0.122,0.157,0.032,-0.119,0.185,0.115,-0.020,0.089,0.106,0.031,0.130,0.093,-0.004,0.222,0.023,0.048,0.259
mag,156929,0.131,-0.055,0.058,0.085,-0.102,0.109,0.057,-0.122,0.157,0.052,-0.102,0.185,0.117,0.024,0.094,0.096,-0.013,0.145,0.107,-0.002,0.215,0.028,-0.001,0.244
mag,157001,0.080,-0.067,0.060,0.099,-0.075,0.104,0.086,-0.078,0.149,0.045,-0.119,0.185,0.088,-0.000,0.079,0.123,0.018,0.128,0.105,-0.002,0.185,0.057,0.043,0.249
mag,157075,0.050,-0.031,0.058,0.092,-0.048,0.102,0.091,-0.064,0.140,0.045,-0.102,0.195,0.105,0.005,0.072,0.111,0.018,0.106,0.115,0.013,0.180,0.079,0.014,0.234
mag,157143,0.067,-0.048,0.043,0.082,-0.060,0.077,0.098,-0.076,0.152,0.086,-0.077,0.173,0.078,0.002,0.065,0.082,0.006,0.101,0.102,0.035,0.178,0.075,0.029,0.208
mag,157206,0.080,-0.011,0.038,0.119,-0.021,0.087,0.089,-0.071,0.118,0.089,-0.075,0.175,0.071,-0.020,0.043,0.086,-0.004,0.084,0.095,-0.009,0.151,0.077,-0.003,0.186
mag,157275,0.070,-0.026,0.041,0.112,-0.060,0.065,0.093,-0.088,0.122,0.071,-0.094,0.173,0.093,0.005,0.043,0.086,-0.013,0.088,0.122,0.020,0.146,0.089,0.011,0.181
mag,157343,0.092,0.006,0.011,0.080,-0.038,0.065,0.067,-0.071,0.118,0.081,-0.075,0.158,0.093,0.032,0.052,0.116,-0.016,0.066,0.080,0.025,0.134,0.097,0.029,0.173
mag,157417,0.097,-0.028,0.026,0.085,-0.002,0.050,0.120,-0.068,0.115,0.086,-0.070,0.151,0.095,0.007,0.043,0.104,0.026,0.069,0.085,0.001,0.095,0.062,0.038,0.154
mag,157485,0.092,-0.055,0.038,0.107,-0.029,0.055,0.059,-0.056,0.110,0.071,-0.094,0.156,0.059,-0.008,0.023,0.084,0.028,0.059,0.068,0.059,0.105,0.106,0.024,0.156
mag,157556,0.058,-0.033,0.016,0.060,-0.021,0.075,0.086,-0.049,0.103,0.062,-0.055,0.151,0.093,-0.005,0.030,0.079,0.038,0.062,0.090,0.008,0.095,0.070,0.036,0.137
mag,157634,0.077,-0.036,0.036,0.087,-0.053,0.050,0.115,-0.027,0.105,0.084,-0.070,0.139,0.071,0.005,0.028,0.084,0.004,0.069,0.078,0.001,0.097,0.053,0.029,0.151
mag,157703,0.038,0.018,0.043,0.070,-0.009,0.045,0.084,-0.046,0.093,0.101,-0.068,0.166,0.039,0.022,0.023,0.130,-0.006,0.045,0.080,0.010,0.100,0.104,0.026,0.154
mag,157771,0.089,0.003,0.041,0.087,-0.024,0.036,0.106,-0.054,0.096,0.076,-0.065,0.170,0.039,0.002,0.016,0.065,-0.006,0.040,0.115,0.015,0.107,0.072,0.033,0.122
mag,157839,0.060,0.016,0.041,0.094,0.011,0.065,0.128,-0.042,0.108,0.091,-0.060,0.158,0.042,-0.008,0.033,0.079,-0.018,0.045,0.080,0.042,0.093,0.038,0.041,0.120
mag,157907,0.077,-0.011,0.011,0.109,-0.019,0.038,0.091,-0.037,0.091,0.106,-0.068,0.166,0.069,0.034,0.016,0.096,0.028,0.049,0.095,0.040,0.085,0.060,0.080,0.125
mag,157975,0.082,-0.004,0.009,0.129,-0.019,0.033,0.106,-0.022,0.120,0.118,-0.053,0.161,0.056,0.007,0.006,0.086,-0.011,0.049,0.068,0.013,0.088,0.089,0.053,0.120
mag,158043,0.060,-0.009,0.024,0.107,-0.009,0.060,0.096,-0.037,0.110,0.132,-0.058,0.168,0.073,-0.022,0.016,0.065,0.004,0.037,0.083,0.040,0.085,0.097,0.080,0.117
mag,158111,0.075,-0.019,0.029,0.148,-0.016,0.060,0.123,-0.020,0.110,0.125,-0.024,0.180,0.066,0.039,0.011,0.101,-0.004,0.032,0.093,0.023,0.078,0.097,0.063,0.117
mag,158180,0.087,-0.004,0.031,0.116,-0.038,0.075,0.145,-0.059,0.103,0.106,-0.006,0.178,0.056,0.017,0.018,0.104,0.060,0.052,0.115,0.049,0.071,0.077,0.070,0.127
mag,158250,0.087,-0.009,0.026,0.112,-0.011,0.050,0.142,0.012,0.118,0.103,-0.019,0.195,0.047,0.044,0.016,0.082,0.011,0.037,0.098,0.037,0.083,0.101,0.085,0.122
mag,158317,0.065,-0.009,0.029,0.146,-0.021,0.067,0.150,-0.002,0.130,0.130,-0.019,0.212,0.098,0.029,0.016,0.072,0.004,0.032,0.088,0.037,0.080,0.082,0.090,0.112
mag,158393,0.116,0.016,0.014,0.109,0.001,0.050,0.118,0.007,0.142,0.142,-0.014,0.209,0.078,0.010,0.021,0.067,0.043,0.042,0.061,0.062,0.075,0.075,0.097,0.112
mag,158468,0.082,0.021,0.033,0.129,-0.019,0.053,0.140,0.029,0.127,0.172,0.020,0.239,0.049,0.022,0.033,0.072,0.050,0.049,0.076,0.067,0.073,0.087,0.112,0.110
mag,158540,0.104,0.018,0.019,0.155,0.003,0.070,0.147,0.029,0.154,0.152,0.057,0.271,0.098,-0.008,0.016,0.084,0.043,0.049,0.120,0.074,0.088,0.079,0.104,0.105
mag,158620,0.126,0.008,0.038,0.129,0.033,0.067,0.191,0.051,0.169,0.154,0.042,0.283,0.042,0.012,0.026,0.060,0.075,0.032,0.098,0.093,0.068,0.067,0.134,0.083
mag,158701,0.109,0.011,0.024,0.148,0.040,0.072,0.186,0.066,0.198,0.186,0.023,0.283,0.059,0.005,0.008,0.055,0.075,0.023,0.088,0.096,0.080,0.062,0.129,0.088
mag,158763,0.106,0.025,0.026,0.153,0.025,0.092,0.198,0.056,0.193,0.157,0.050,0.310,0.051,0.029,0.026,0.086,0.053,0.035,0.076,0.093,0.073,0.065,0.160,0.105
mag,158844,0.128,0.033,0.046,0.136,0.025,0.102,0.203,0.100,0.205,0.181,0.096,0.317,0.066,0.061,0.011,0.067,0.072,0.040,0.105,0.118,0.085,0.057,0.126,0.081
mag,158913,0.126,0.023,0.051,0.180,0.072,0.094,0.208,0.100,0.237,0.123,0.155,0.358,0.061,0.044,0.008,0.099,0.070,0.023,0.095,0.103,0.068,0.072,0.143,0.073
mag,158980,0.141,0.064,0.051,0.217,0.059,0.102,0.238,0.144,0.245,0.140,0.164,0.402,0.066,0.063,0.018,0.082,0.079,0.037,0.085,0.132,0.078,0.038,0.185,0.083
mag,159053,0.165,0.052,0.021,0.180,0.069,0.102,0.240,0.164,0.271,0.145,0.221,0.390,0.081,0.053,0.013,0.111,0.065,0.030,0.093,0.125,0.073,0.021,0.158,0.086
mag,159129,0.163,0.086,0.048,0.209,0.094,0.121,0.233,0.203,0.264,0.125,0.235,0.417,0.091,0.053,0.016,0.104,0.087,0.018,0.076,0.135,0.056,0.075,0.160,0.073
mag,159201,0.148,0.086,0.036,0.224,0.106,0.126,0.233,0.222,0.306,0.128,0.289,0.415,0.071,0.083,0.016,0.055,0.092,0.015,0.080,0.157,0.056,0.026,0.197,0.061
mag,159268,0.182,0.067,0.068,0.217,0.113,0.155,0.189,0.247,0.303,0.137,0.272,0.415,0.073,0.046,0.016,0.069,0.106,0.020,0.102,0.159,0.061,0.026,0.146,0.066
mag,159335,0.170,0.069,0.077,0.214,0.152,0.165,0.206,0.273,0.318,0.108,0.299,0.427,0.073,0.063,0.016,0.082,0.121,0.037,0.051,0.152,0.044,0.014,0.163,0.064
mag,159409,0.165,0.082,0.065,0.212,0.135,0.165,0.172,0.261,0.330,0.064,0.308,0.393,0.105,0.080,0.001,0.030,0.101,0.059,0.059,0.137,0.044,0.062,0.153,0.078
mag,159472,0.192,0.101,0.099,0.199,0.130,0.160,0.164,0.249,0.320,0.013,0.296,0.415,0.081,0.080,0.018,0.074,0.106,0.013,0.027,0.152,0.063,0.036,0.165,0.051
mag,159540,0.204,0.118,0.090,0.185,0.179,0.177,0.096,0.278,0.303,0.008,0.301,0.366,0.056,0.078,-0.001,0.079,0.092,0.030,0.022,0.101,0.049,-0.013,0.143,0.064
mag,159603,0.155,0.152,0.104,0.207,0.186,0.199,0.074,0.264,0.315,-0.016,0.284,0.351,0.066,0.085,0.013,0.062,0.087,0.037,0.063,0.130,0.068,0.023,0.146,0.064
mag,159671,0.163,0.133,0.114,0.190,0.211,0.199,0.079,0.266,0.320,-0.034,0.326,0.339,0.010,0.085,0.016,0.060,0.087,0.037,0.054,0.142,0.049,0.001,0.134,0.056
mag,159734,0.153,0.165,0.126,0.151,0.199,0.211,0.054,0.320,0.323,-0.051,0.282,0.322,0.049,0.090,0.018,0.040,0.094,0.020,0.046,0.125,0.053,-0.026,0.116,0.039
mag,159801,0.211,0.160,0.136,0.146,0.208,0.219,0.035,0.295,0.301,-0.085,0.262,0.307,0.037,0.085,0.021,0.050,0.116,0.027,-0.015,0.130,0.034,-0.006,0.146,0.046
mag,159877,0.150,0.184,0.141,0.136,0.228,0.231,0.006,0.317,0.303,-0.102,0.272,0.297,0.069,0.090,0.040,0.062,0.133,0.052,0.015,0.093,0.041,0.014,0.138,0.027
mag,159940,0.187,0.157,0.146,0.160,0.245,0.224,0.006,0.261,0.291,-0.102,0.247,0.280,0.047,0.117,0.023,0.028,0.131,0.035,0.017,0.135,0.049,-0.011,0.131,0.056
mag,160012,0.197,0.182,0.165,0.114,0.228,0.246,-0.014,0.298,0.298,-0.134,0.238,0.266,0.081,0.146,0.026,0.055,0.136,0.030,-0.024,0.145,0.044,-0.026,0.104,0.037
mag,160084,0.148,0.191,0.170,0.099,0.235,0.253,-0.029,0.271,0.301,-0.126,0.269,0.263,0.054,0.100,0.008,0.021,0.133,0.032,0.024,0.147,0.056,-0.013,0.131,0.039
mag,160156,0.148,0.189,0.192,0.104,0.245,0.250,-0.055,0.303,0.288,-0.131,0.235,0.273,0.037,0.119,0.026,0.047,0.116,0.049,-0.005,0.128,0.027,0.009,0.087,0.037
mag,160223,0.167,0.223,0.207,0.107,0.223,0.292,-0.063,0.290,0.298,-0.143,0.208,0.271,0.056,0.119,0.021,0.057,0.114,0.059,-0.005,0.106,0.068,-0.008,0.134,0.042
mag,160287,0.143,0.221,0.207,0.107,0.255,0.292,-0.114,0.271,0.318,-0.134,0.211,0.253,0.037,0.080,0.040,0.043,0.123,0.052,-0.022,0.147,0.041,-0.035,0.146,0.051
mag,160361,0.106,0.211,0.236,0.036,0.235,0.299,-0.053,0.251,0.291,-0.131,0.191,0.253,0.066,0.139,0.060,0.023,0.123,0.047,-0.020,0.108,0.046,-0.021,0.112,0.046
mag,160430,0.133,0.230,0.234,-0.003,0.223,0.282,-0.102,0.220,0.293,-0.139,0.221,0.224,0.049,0.127,0.062,-0.001,0.126,0.045,-0.034,0.135,0.049,-0.028,0.112,0.064
mag,160493,0.109,0.230,0.261,0.029,0.233,0.324,-0.136,0.222,0.291,-0.163,0.208,0.222,0.042,0.115,0.040,-0.004,0.133,0.054,-0.032,0.130,0.066,-0.043,0.104,0.051
mag,160562,0.109,0.221,0.282,0.016,0.206,0.333,-0.143,0.188,0.296,-0.160,0.152,0.219,0.064,0.105,0.060,0.038,0.128,0.064,-0.042,0.157,0.058,-0.062,0.146,0.044
mag,160630,0.089,0.216,0.290,0.004,0.230,0.351,-0.134,0.173,0.284,-0.185,0.145,0.205,0.037,0.163,0.057,0.030,0.158,0.106,-0.037,0.123,0.051,-0.028,0.109,0.037
mag,160699,0.106,0.243,0.317,-0.001,0.208,0.355,-0.163,0.171,0.288,-0.175,0.130,0.209,0.005,0.161,0.072,0.011,0.148,0.076,-0.010,0.115,0.066,-0.045,0.138,0.078
mag,160765,0.092,0.189,0.356,-0.037,0.194,0.387,-0.192,0.178,0.303,-0.187,0.108,0.185,0.056,0.144,0.087,0.021,0.160,0.088,-0.064,0.132,0.075,-0.060,0.090,0.044
mag,160828,0.102,0.199,0.365,-0.045,0.179,0.390,-0.202,0.142,0.301,-0.185,0.125,0.209,0.010,0.141,0.096,-0.031,0.145,0.103,-0.049,0.150,0.097,-0.052,0.092,0.064
mag,160900,0.065,0.187,0.370,-0.042,0.179,0.419,-0.178,0.129,0.310,-0.226,0.091,0.209,0.069,0.132,0.094,-0.009,0.201,0.115,-0.034,0.135,0.105,-0.050,0.070,0.051
mag,160979,0.077,0.135,0.405,-0.081,0.157,0.419,-0.170,0.090,0.303,-0.173,0.094,0.209,0.044,0.158,0.113,-0.006,0.175,0.110,-0.032,0.132,0.090,-0.096,0.114,0.090
mag,161047,0.058,0.174,0.390,-0.057,0.113,0.424,-0.168,0.063,0.288,-0.192,0.077,0.187,0.071,0.141,0.131,-0.019,0.192,0.130,-0.076,0.128,0.095,-0.096,0.119,0.071
mag,161116,0.060,0.126,0.400,-0.079,0.113,0.399,-0.180,0.085,0.281,-0.197,0.057,0.214,0.051,0.129,0.116,0.028,0.158,0.110,-0.027,0.125,0.102,-0.074,0.121,0.098
mag,161181,0.053,0.099,0.392,-0.059,0.103,0.421,-0.202,0.093,0.293,-0.224,0.028,0.197,0.032,0.180,0.133,-0.021,0.165,0.145,-0.066,0.142,0.114,-0.089,0.092,0.078
mag,161252,0.058,0.094,0.417,-0.052,0.084,0.392,-0.143,0.061,0.276,-0.163,0.028,0.178,0.010,0.146,0.138,-0.004,0.150,0.132,-0.073,0.111,0.127,-0.069,0.058,0.086
mag,161325,0.065,0.094,0.392,-0.084,0.064,0.382,-0.185,0.061,0.274,-0.182,0.040,0.195,0.010,0.117,0.148,-0.053,0.165,0.147,-0.073,0.089,0.129,-0.101,0.070,0.078
mag,161393,0.033,0.082,0.392,-0.103,0.069,0.387,-0.182,0.046,0.291,-0.175,0.040,0.187,0.029,0.168,0.157,-0.043,0.145,0.140,-0.090,0.132,0.117,-0.091,0.107,0.098
mag,161462,0.075,0.060,0.392,-0.064,0.030,0.385,-0.165,0.034,0.259,-0.170,0.028,0.180,0.039,0.166,0.162,-0.019,0.136,0.145,-0.078,0.108,0.114,-0.106,0.114,0.105
mag,161526,0.040,0.030,0.392,-0.084,0.018,0.382,-0.160,0.022,0.257,-0.185,0.020,0.178,-0.002,0.154,0.172,-0.033,0.153,0.181,-0.088,0.113,0.122,-0.138,0.099,0.090
mag,161596,0.094,0.021,0.385,-0.076,0.008,0.385,-0.187,-0.012,0.274,-0.168,0.020,0.187,0.059,0.134,0.170,-0.038,0.175,0.179,-0.068,0.093,0.144,-0.111,0.063,0.105
mag,161668,0.045,0.028,0.375,-0.057,-0.002,0.365,-0.141,-0.007,0.259,-0.190,-0.002,0.195,0.027,0.161,0.189,-0.019,0.201,0.191,-0.064,0.120,0.161,-0.126,0.082,0.112
mag,161731,0.053,-0.028,0.373,-0.084,-0.038,0.363,-0.112,-0.002,0.266,-0.153,-0.004,0.180,0.012,0.136,0.204,-0.019,0.162,0.208,-0.076,0.113,0.161,-0.096,0.077,0.098
mag,161800,0.016,-0.014,0.365,-0.062,-0.021,0.351,-0.160,-0.042,0.259,-0.185,-0.031,0.166,0.061,0.146,0.204,-0.001,0.136,0.206,-0.122,0.098,0.149,-0.101,0.104,0.103
mag,161868,0.067,-0.001,0.339,-0.064,-0.053,0.365,-0.121,-0.061,0.274,-0.156,-0.014,0.175,0.039,0.122,0.201,-0.036,0.138,0.211,-0.078,0.093,0.178,-0.087,0.077,0.105
mag,161936,0.065,-0.053,0.339,-0.033,-0.031,0.346,-0.124,-0.029,0.254,-0.143,-0.028,0.161,0.042,0.112,0.189,-0.004,0.094,0.215,-0.088,0.106,0.173,-0.089,0.085,0.117
mag,162002,0.028,-0.036,0.322,-0.050,-0.058,0.333,-0.109,-0.049,0.252,-0.136,-0.021,0.178,0.047,0.119,0.209,0.001,0.099,0.228,-0.073,0.118,0.180,-0.111,0.060,0.127
mag,162072,0.050,-0.060,0.329,-0.011,-0.043,0.321,-0.099,-0.059,0.262,-0.165,-0.043,0.178,0.020,0.115,0.209,-0.045,0.121,0.230,-0.076,0.106,0.185,-0.126,0.087,0.127
mag,162142,0.043,-0.075,0.307,-0.028,-0.099,0.304,-0.146,-0.046,0.254,-0.146,-0.080,0.170,0.032,0.095,0.226,-0.021,0.138,0.223,-0.073,0.096,0.171,-0.113,0.092,0.151
mag,162206,0.043,-0.072,0.307,-0.059,-0.087,0.321,-0.107,-0.056,0.257,-0.124,-0.050,0.170,0.027,0.090,0.231,-0.028,0.121,0.233,-0.105,0.098,0.195,-0.101,0.051,0.127
mag,162277,0.077,-0.065,0.287,-0.062,-0.070,0.287,-0.112,-0.061,0.227,-0.134,-0.070,0.170,0.032,0.124,0.226,0.001,0.123,0.264,-0.066,0.067,0.180,-0.096,0.075,0.139
mag,162342,0.043,-0.050,0.270,-0.030,-0.109,0.289,-0.143,-0.073,0.237,-0.131,-0.075,0.166,0.059,0.102,0.240,-0.001,0.062,0.240,-0.083,0.062,0.202,-0.113,0.077,0.144
mag,162417,0.072,-0.111,0.256,-0.008,-0.102,0.275,-0.070,-0.061,0.220,-0.107,-0.082,0.180,0.069,0.080,0.253,0.001,0.109,0.242,-0.105,0.057,0.222,-0.111,0.055,0.151
mag,162482,0.065,-0.104,0.258,-0.025,-0.104,0.263,-0.102,-0.098,0.208,-0.131,-0.046,0.144,0.047,0.083,0.243,0.001,0.067,0.262,-0.098,0.047,0.200,-0.099,0.063,0.159
mag,162554,0.084,-0.080,0.241,-0.013,-0.143,0.253,-0.068,-0.049,0.215,-0.085,-0.065,0.166,0.047,0.075,0.253,0.001,0.079,0.264,-0.105,0.035,0.205,-0.126,0.031,0.151
mag,162627,0.082,-0.070,0.243,0.002,-0.107,0.255,-0.068,-0.098,0.223,-0.134,-0.072,0.166,0.076,0.080,0.235,0.008,0.065,0.274,-0.086,0.069,0.217,-0.104,0.080,0.161
mag,162694,0.065,-0.094,0.219,0.002,-0.126,0.248,-0.070,-0.105,0.223,-0.099,-0.065,0.183,0.103,0.027,0.245,0.038,0.075,0.279,-0.115,0.059,0.244,-0.106,0.046,0.171
mag,162768,0.111,-0.116,0.212,0.026,-0.131,0.214,-0.065,-0.117,0.208,-0.082,-0.094,0.158,0.076,0.075,0.250,0.008,0.067,0.281,-0.061,0.047,0.254,-0.091,0.038,0.191
mag,162833,0.097,-0.114,0.197,-0.008,-0.097,0.224,-0.063,-0.132,0.213,-0.082,-0.082,0.153,0.078,0.056,0.243,0.016,0.075,0.269,-0.076,0.057,0.259,-0.106,0.021,0.200
mag,162904,0.072,-0.111,0.187,0.021,-0.136,0.231,-0.082,-0.134,0.191,-0.136,-0.094,0.170,0.056,0.063,0.240,0.008,0.028,0.279,-0.073,0.037,0.256,-0.133,0.026,0.217
mag,162970,0.089,-0.114,0.199,0.033,-0.148,0.236,-0.058,-0.071,0.203,-0.060,-0.099,0.156,0.110,0.053,0.250,0.035,0.040,0.296,-0.027,0.010,0.271,-0.109,0.016,0.208
mag,163043,0.067,-0.106,0.195,0.011,-0.129,0.216,-0.041,-0.073,0.225,-0.085,-0.141,0.168,0.076,0.034,0.228,0.028,0.023,0.296,-0.046,-0.004,0.278,-0.087,-0.001,0.215
mag,163108,0.116,-0.124,0.173,0.038,-0.151,0.211,0.001,-0.095,0.201,-0.077,-0.126,0.170,0.093,-0.003,0.253,0.040,0.001,0.289,-0.051,0.037,0.295,-0.091,-0.008,0.230
mag,163179,0.102,-0.106,0.163,0.048,-0.160,0.211,-0.041,-0.125,0.203,-0.060,-0.104,0.153,0.120,0.014,0.245,0.052,0.016,0.294,-0.044,0.003,0.293,-0.121,0.011,0.239
mag,163249,0.099,-0.136,0.134,0.038,-0.124,0.199,-0.029,-0.129,0.205,-0.080,-0.119,0.180,0.112,-0.020,0.240,0.040,-0.023,0.298,-0.046,-0.021,0.283,-0.094,0.031,0.230
mag,163314,0.092,-0.099,0.131,0.060,-0.165,0.175,-0.036,-0.137,0.193,-0.060,-0.143,0.153,0.122,-0.005,0.211,0.082,-0.008,0.296,-0.022,-0.024,0.295,-0.089,0.011,0.256
mag,163383,0.106,-0.116,0.121,0.085,-0.131,0.165,0.013,-0.139,0.198,-0.082,-0.111,0.170,0.147,-0.005,0.209,0.089,-0.013,0.254,0.027,-0.009,0.288,-0.062,0.021,0.281
mag,163446,0.123,-0.084,0.107,0.065,-0.151,0.167,-0.012,-0.112,0.179,-0.053,-0.146,0.185,0.149,0.010,0.194,0.108,-0.013,0.272,0.005,-0.002,0.310,-0.084,0.029,0.286
mag,163516,0.114,-0.114,0.104,0.102,-0.116,0.182,-0.009,-0.147,0.191,-0.063,-0.158,0.180,0.147,-0.034,0.199,0.099,0.001,0.259,0.015,-0.029,0.300,-0.062,0.002,0.283
mag,163579,0.092,-0.077,0.104,0.099,-0.146,0.133,0.032,-0.137,0.186,-0.053,-0.138,0.173,0.108,0.022,0.177,0.121,-0.006,0.262,-0.015,-0.041,0.312,-0.038,0.014,0.310
mag,163653,0.111,-0.109,0.075,0.048,-0.151,0.138,0.076,-0.122,0.174,-0.053,-0.148,0.183,0.147,-0.012,0.155,0.145,-0.006,0.230,0.051,-0.026,0.302,-0.013,0.004,0.308
mag,163721,0.092,-0.082,0.090,0.058,-0.126,0.121,-0.009,-0.161,0.176,-0.021,-0.153,0.197,0.112,0.014,0.140,0.150,-0.023,0.211,0.061,-0.024,0.300,-0.004,0.009,0.308
mag,163790,0.133,-0.106,0.077,0.092,-0.129,0.116,0.037,-0.168,0.166,0.008,-0.151,0.175,0.130,0.019,0.138,0.145,-0.013,0.201,0.078,-0.004,0.295,-0.004,0.016,0.305
mag,163858,0.121,-0.080,0.077,0.082,-0.116,0.116,0.042,-0.139,0.166,-0.004,-0.160,0.187,0.139,0.022,0.123,0.152,-0.001,0.191,0.107,-0.031,0.263,-0.008,0.007,0.305
mag,163921,0.111,-0.048,0.068,0.112,-0.102,0.116,0.081,-0.122,0.174,-0.009,-0.121,0.207,0.117,-0.000,0.123,0.133,-0.011,0.169,0.132,-0.016,0.263,0.011,0.014,0.305
mag,163991,0.106,-0.072,0.065,0.138,-0.099,0.106,0.069,-0.144,0.169,0.047,-0.129,0.202,0.137,-0.012,0.099,0.138,0.001,0.169,0.107,-0.009,0.263,0.065,0.014,0.305
mag,164055,0.111,-0.092,0.046,0.121,-0.107,0.102,0.096,-0.134,0.176,0.040,-0.158,0.214,0.095,0.024,0.113,0.126,0.016,0.164,0.127,0.008,0.276,0.043,0.016,0.315
mag,164126,0.102,-0.065,0.058,0.124,-0.109,0.109,0.086,-0.132,0.186,0.040,-0.143,0.219,0.115,0.002,0.084,0.133,-0.023,0.147,0.127,0.030,0.254,0.043,-0.006,0.310
mag,164199,0.131,-0.082,0.055,0.102,-0.060,0.109,0.118,-0.149,0.169,0.028,-0.165,0.227,0.130,0.005,0.091,0.130,0.033,0.167,0.132,0.025,0.276,0.045,0.051,0.325
mag,164262,0.121,-0.055,0.070,0.153,-0.087,0.111,0.093,-0.151,0.223,0.042,-0.155,0.249,0.152,0.007,0.104,0.128,0.011,0.147,0.105,0.008,0.268,0.043,0.053,0.288
mag,164335,0.099,-0.031,0.077,0.136,-0.072,0.126,0.115,-0.105,0.232,0.020,-0.153,0.285,0.103,0.051,0.084,0.118,0.016,0.137,0.110,0.047,0.254,0.057,0.070,0.305
mag,164408,0.126,-0.036,0.073,0.146,-0.041,0.138,0.108,-0.120,0.252,0.062,-0.155,0.310,0.139,0.046,0.079,0.148,0.038,0.149,0.127,0.067,0.227,0.070,0.082,0.288
mag,164471,0.138,-0.038,0.070,0.153,-0.060,0.133,0.147,-0.081,0.262,0.089,-0.153,0.324,0.125,0.002,0.082,0.128,0.021,0.137,0.163,0.098,0.224,0.045,0.124,0.261
mag,164540,0.123,-0.026,0.075,0.168,-0.041,0.143,0.145,-0.073,0.259,0.096,-0.080,0.341,0.139,0.012,0.067,0.140,0.084,0.132,0.105,0.052,0.217,0.055,0.094,0.247
mag,164604,0.126,-0.009,0.070,0.158,-0.063,0.150,0.152,-0.054,0.274,0.074,-0.070,0.354,0.154,0.049,0.060,0.145,0.060,0.120,0.117,0.089,0.188,0.089,0.143,0.227
mag,164673,0.114,-0.001,0.077,0.143,-0.024,0.145,0.198,-0.032,0.276,0.093,-0.028,0.366,0.137,0.049,0.052,0.150,0.111,0.101,0.112,0.089,0.168,0.048,0.138,0.225
mag,164740,0.119,0.003,0.063,0.195,-0.031,0.158,0.142,-0.020,0.259,0.111,-0.065,0.351,0.110,0.046,0.057,0.123,0.050,0.098,0.112,0.120,0.156,0.092,0.138,0.181
mag,164808,0.202,0.011,0.065,0.190,-0.002,0.111,0.196,-0.015,0.281,0.106,-0.048,0.361,0.108,0.063,0.057,0.096,0.084,0.091,0.115,0.120,0.136,0.072,0.163,0.195
mag,164880,0.148,-0.014,0.058,0.158,-0.019,0.133,0.206,0.019,0.276,0.130,0.015,0.363,0.100,0.039,0.038,0.135,0.057,0.076,0.098,0.135,0.132,0.065,0.134,0.186
mag,164952,0.150,-0.001,0.063,0.185,0.015,0.143,0.174,0.010,0.276,0.106,0.013,0.393,0.108,0.024,0.038,0.099,0.072,0.069,0.129,0.130,0.122,0.072,0.134,0.181
mag,165025,0.175,0.030,0.082,0.190,0.011,0.138,0.196,0.037,0.303,0.111,0.040,0.400,0.078,0.036,0.038,0.116,0.082,0.062,0.132,0.113,0.124,0.053,0.158,0.169
mag,165092,0.167,0.028,0.068,0.187,0.011,0.155,0.194,0.049,0.301,0.135,0.013,0.405,0.098,0.063,0.028,0.138,0.070,0.062,0.127,0.093,0.132,0.055,0.151,0.142
mag,165155,0.172,0.016,0.080,0.180,0.023,0.167,0.176,0.044,0.310,0.115,0.035,0.432,0.073,0.049,0.023,0.094,0.062,0.066,0.083,0.125,0.117,0.053,0.146,0.171
mag,165226,0.167,0.055,0.085,0.190,0.028,0.160,0.179,0.054,0.340,0.091,0.086,0.427,0.091,0.066,0.047,0.074,0.079,0.071,0.076,0.132,0.136,0.082,0.109,0.154
mag,165298,0.145,0.040,0.087,0.199,0.052,0.175,0.164,0.083,0.350,0.108,0.052,0.449,0.095,0.034,0.047,0.106,0.118,0.088,0.085,0.142,0.114,0.031,0.143,0.149
mag,165366,0.163,0.025,0.082,0.204,0.094,0.177,0.145,0.081,0.362,0.037,0.072,0.441,0.108,0.061,0.050,0.086,0.101,0.088,0.098,0.154,0.139,0.082,0.170,0.149
mag,165437,0.189,0.023,0.102,0.209,0.035,0.211,0.154,0.090,0.371,0.030,0.103,0.451,0.112,0.058,0.045,0.096,0.109,0.088,0.102,0.123,0.129,0.028,0.195,0.149
mag,165514,0.148,0.050,0.121,0.182,0.064,0.241,0.135,0.098,0.386,0.032,0.089,0.444,0.117,0.088,0.052,0.077,0.121,0.103,0.039,0.142,0.127,0.031,0.143,0.127
mag,165577,0.199,0.038,0.138,0.192,0.069,0.243,0.093,0.127,0.406,-0.036,0.120,0.432,0.081,0.110,0.050,0.086,0.123,0.108,0.024,0.184,0.132,0.006,0.153,0.142
mag,165644,0.209,0.040,0.180,0.170,0.086,0.299,0.037,0.124,0.423,-0.068,0.125,0.424,0.081,0.117,0.065,0.084,0.114,0.113,0.015,0.164,0.136,-0.016,0.165,0.125
mag,165706,0.197,0.123,0.221,0.170,0.116,0.336,0.023,0.151,0.425,-0.097,0.128,0.415,0.071,0.117,0.060,0.113,0.155,0.098,-0.005,0.145,0.117,0.031,0.134,0.110
mag,165774,0.175,0.106,0.243,0.168,0.094,0.363,-0.026,0.142,0.440,-0.131,0.130,0.388,0.098,0.110,0.065,0.057,0.160,0.110,0.022,0.172,0.110,-0.023,0.173,0.115
mag,165838,0.197,0.106,0.251,0.129,0.135,0.382,-0.021,0.212,0.437,-0.129,0.162,0.366,0.098,0.124,0.082,0.043,0.155,0.113,0.015,0.120,0.136,-0.011,0.173,0.090
mag,165907,0.194,0.111,0.275,0.124,0.162,0.380,-0.058,0.149,0.425,-0.170,0.125,0.346,0.081,0.122,0.074,0.047,0.192,0.125,-0.012,0.157,0.132,-0.052,0.156,0.100
mag,165977,0.180,0.145,0.302,0.085,0.130,0.412,-0.068,0.144,0.437,-0.156,0.118,0.324,0.061,0.144,0.072,0.067,0.170,0.110,-0.042,0.167,0.117,-0.060,0.163,0.088
mag,166045,0.155,0.147,0.324,0.065,0.167,0.407,-0.117,0.137,0.381,-0.178,0.101,0.314,0.073,0.110,0.094,0.021,0.148,0.115,-0.007,0.147,0.129,-0.082,0.158,0.086
mag,166114,0.167,0.118,0.324,0.075,0.137,0.426,-0.109,0.127,0.423,-0.204,0.098,0.302,0.071,0.146,0.099,0.060,0.160,0.132,-0.039,0.132,0.114,-0.055,0.134,0.100
mag,166182,0.170,0.145,0.331,0.053,0.135,0.441,-0.141,0.137,0.389,-0.195,0.091,0.307,0.047,0.129,0.109,0.016,0.160,0.147,-0.037,0.132,0.119,-0.065,0.173,0.098
mag,166250,0.153,0.150,0.353,0.048,0.111,0.436,-0.138,0.120,0.403,-0.222,0.098,0.292,0.042,0.158,0.106,0.028,0.180,0.128,-0.022,0.162,0.110,-0.079,0.143,0.110
mag,166318,0.155,0.140,0.363,0.021,0.125,0.482,-0.129,0.124,0.393,-0.219,0.089,0.278,0.066,0.117,0.123,0.006,0.150,0.118,-0.027,0.137,0.127,-0.062,0.134,0.083
mag,166384,0.133,0.130,0.405,-0.013,0.084,0.443,-0.141,0.120,0.376,-0.197,0.064,0.261,0.010,0.163,0.113,0.021,0.167,0.142,-0.039,0.132,0.124,-0.087,0.124,0.103
mag,166454,0.102,0.108,0.402,-0.006,0.094,0.451,-0.153,0.090,0.354,-0.195,0.072,0.263,0.078,0.158,0.121,0.028,0.145,0.132,-0.051,0.137,0.139,-0.091,0.119,0.098
mag,166517,0.092,0.111,0.422,-0.052,0.089,0.448,-0.156,0.103,0.347,-0.200,0.059,0.229,0.051,0.173,0.145,-0.028,0.133,0.135,-0.066,0.128,0.122,-0.079,0.116,0.086
mag,166587,0.070,0.079,0.422,-0.050,0.076,0.451,-0.182,0.066,0.323,-0.202,0.052,0.200,0.047,0.171,0.126,-0.001,0.167,0.159,-0.039,0.120,0.114,-0.104,0.099,0.078
mag,166651,0.092,0.084,0.427,-0.074,0.050,0.436,-0.185,0.078,0.306,-0.187,0.042,0.195,0.032,0.161,0.155,-0.004,0.158,0.174,-0.068,0.135,0.124,-0.069,0.080,0.112
mag,166720,0.062,0.040,0.434,-0.084,0.040,0.426,-0.217,0.024,0.288,-0.192,0.003,0.195,0.042,0.168,0.184,-0.031,0.118,0.184,-0.086,0.125,0.117,-0.077,0.068,0.100
mag,166784,0.028,0.021,0.431,-0.101,0.006,0.421,-0.138,-0.007,0.281,-0.185,-0.014,0.168,0.010,0.166,0.167,-0.023,0.158,0.189,-0.086,0.132,0.136,-0.079,0.068,0.098
mag,166852,0.045,-0.031,0.436,-0.123,-0.014,0.402,-0.182,-0.022,0.279,-0.190,-0.011,0.178,0.008,0.154,0.218,-0.080,0.182,0.198,-0.100,0.118,0.154,-0.084,0.126,0.095
mag,166925,0.036,-0.014,0.412,-0.096,-0.036,0.404,-0.178,-0.032,0.276,-0.141,-0.004,0.148,0.020,0.136,0.214,-0.009,0.172,0.206,-0.095,0.113,0.146,-0.111,0.065,0.095
mag,166994,0.036,-0.028,0.387,-0.074,-0.053,0.387,-0.178,-0.051,0.249,-0.178,-0.021,0.156,0.010,0.151,0.214,-0.036,0.116,0.206,-0.115,0.101,0.161,-0.121,0.065,0.107
mag,167062,0.004,-0.033,0.387,-0.074,-0.043,0.365,-0.160,-0.015,0.235,-0.190,-0.016,0.146,-0.002,0.134,0.228,-0.062,0.118,0.223,-0.088,0.079,0.161,-0.104,0.085,0.103
mag,167126,0.028,-0.036,0.375,-0.076,-0.011,0.336,-0.129,-0.029,0.225,-0.173,-0.038,0.146,0.025,0.178,0.221,-0.050,0.131,0.225,-0.090,0.037,0.171,-0.128,0.073,0.105
mag,167197,0.040,-0.065,0.353,-0.072,-0.077,0.319,-0.158,-0.005,0.215,-0.151,-0.031,0.156,0.005,0.139,0.240,-0.040,0.101,0.208,-0.112,0.123,0.161,-0.138,0.070,0.142
mag,167268,0.031,-0.089,0.351,-0.072,-0.070,0.321,-0.148,-0.027,0.213,-0.126,-0.038,0.131,0.025,0.141,0.243,-0.023,0.114,0.233,-0.078,0.103,0.190,-0.133,0.082,0.125
mag,167335,0.026,-0.089,0.331,-0.116,-0.107,0.304,-0.141,-0.088,0.213,-0.119,-0.043,0.141,0.020,0.110,0.275,-0.062,0.106,0.250,-0.117,0.096,0.185,-0.121,0.070,0.103
mag,167405,0.040,-0.082,0.334,-0.089,-0.085,0.324,-0.146,-0.054,0.203,-0.156,-0.033,0.134,0.017,0.122,0.243,-0.058,0.062,0.242,-0.120,0.081,0.180,-0.150,0.053,0.105
mag,167475,0.058,-0.080,0.309,-0.067,-0.082,0.319,-0.102,-0.049,0.220,-0.139,-0.063,0.141,0.015,0.105,0.267,-0.055,0.062,0.259,-0.115,0.052,0.178,-0.128,0.058,0.122
mag,167544,0.077,-0.116,0.317,-0.057,-0.092,0.287,-0.126,-0.093,0.198,-0.170,-0.058,0.129,-0.005,0.122,0.279,-0.055,0.067,0.252,-0.086,0.062,0.188,-0.087,0.055,0.151
mag,167611,0.050,-0.116,0.290,-0.069,-0.094,0.289,-0.153,-0.129,0.201,-0.134,-0.080,0.129,0.025,0.073,0.270,-0.082,0.118,0.264,-0.093,0.076,0.200,-0.165,0.041,0.142
mag,167680,0.043,-0.109,0.253,-0.069,-0.136,0.277,-0.109,-0.107,0.191,-0.124,-0.070,0.131,0.000,0.058,0.275,-0.065,0.075,0.269,-0.088,0.054,0.185,-0.091,0.021,0.132
mag,167752,-0.003,-0.145,0.261,-0.084,-0.124,0.282,-0.138,-0.037,0.186,-0.099,-0.068,0.124,0.032,0.095,0.279,-0.050,0.089,0.272,-0.125,0.086,0.205,-0.131,0.038,0.120
mag,167817,0.014,-0.126,0.256,-0.040,-0.151,0.258,-0.131,-0.093,0.174,-0.099,-0.072,0.122,0.042,0.075,0.279,-0.075,0.082,0.267,-0.107,0.040,0.188,-0.121,0.011,0.142
mag,167887,0.019,-0.128,0.263,-0.059,-0.109,0.248,-0.119,-0.090,0.159,-0.112,-0.063,0.119,0.017,0.100,0.297,-0.053,0.097,0.294,-0.105,0.003,0.210,-0.145,0.011,0.110
mag,167951,-0.023,-0.126,0.273,-0.067,-0.129,0.260,-0.095,-0.103,0.149,-0.129,-0.077,0.112,0.000,0.063,0.316,-0.038,0.062,0.289,-0.142,0.028,0.212,-0.126,0.007,0.137
mag,168021,0.019,-0.119,0.248,-0.059,-0.129,0.246,-0.126,-0.117,0.166,-0.117,-0.082,0.095,0.012,0.078,0.311,-0.043,0.084,0.301,-0.122,0.025,0.217,-0.148,0.048,0.134
mag,168086,0.004,-0.128,0.248,-0.013,-0.155,0.250,-0.126,-0.100,0.181,-0.131,-0.080,0.109,0.032,0.058,0.316,-0.070,0.033,0.308,-0.115,0.047,0.219,-0.160,-0.008,0.139
mag,168155,0.058,-0.150,0.236,-0.081,-0.146,0.236,-0.112,-0.134,0.176,-0.141,-0.068,0.124,-0.005,0.039,0.331,-0.026,0.048,0.296,-0.088,0.032,0.232,-0.152,0.029,0.161
mag,168227,0.028,-0.167,0.212,-0.047,-0.165,0.228,-0.124,-0.112,0.162,-0.109,-0.068,0.109,0.012,0.024,0.326,-0.070,0.016,0.303,-0.120,0.028,0.237,-0.145,0.019,0.164
mag,168292,0.058,-0.158,0.219,-0.035,-0.138,0.211,-0.041,-0.095,0.171,-0.112,-0.107,0.117,0.083,0.039,0.309,0.003,0.038,0.323,-0.129,0.015,0.251,-0.145,0.004,0.171
mag,168362,0.038,-0.143,0.212,-0.020,-0.158,0.216,-0.099,-0.127,0.171,-0.085,-0.138,0.131,0.091,0.029,0.309,-0.023,0.011,0.328,-0.090,0.025,0.246,-0.104,0.021,0.176
mag,168431,0.072,-0.153,0.199,-0.015,-0.185,0.214,-0.102,-0.139,0.164,-0.112,-0.102,0.139,0.039,-0.003,0.316,-0.067,-0.016,0.337,-0.110,-0.014,0.259,-0.150,0.019,0.178
mag,168500,0.055,-0.158,0.165,-0.025,-0.138,0.187,-0.055,-0.151,0.164,-0.068,-0.116,0.109,0.051,0.019,0.306,-0.014,-0.001,0.323,-0.110,-0.002,0.263,-0.118,-0.008,0.205
mag,168564,0.065,-0.160,0.156,-0.023,-0.177,0.182,-0.095,-0.159,0.164,-0.090,-0.102,0.126,0.086,-0.003,0.297,-0.019,-0.008,0.320,-0.115,-0.031,0.278,-0.113,-0.008,0.203
mag,168633,0.058,-0.141,0.151,0.024,-0.141,0.167,-0.058,-0.161,0.159,-0.073,-0.104,0.124,0.091,-0.012,0.284,0.006,0.014,0.325,-0.056,-0.048,0.288,-0.135,-0.015,0.200
mag,168702,0.043,-0.158,0.129,0.041,-0.190,0.150,-0.038,-0.144,0.135,-0.104,-0.124,0.109,0.064,-0.032,0.301,0.021,-0.030,0.335,-0.093,-0.007,0.302,-0.109,-0.008,0.227
mag,168775,0.080,-0.119,0.124,0.016,-0.195,0.155,-0.075,-0.120,0.144,-0.097,-0.141,0.092,0.125,-0.012,0.282,0.018,-0.045,0.335,-0.059,-0.021,0.290,-0.140,-0.003,0.234
mag,168844,0.065,-0.121,0.112,0.007,-0.134,0.128,-0.002,-0.122,0.137,-0.056,-0.146,0.134,0.117,-0.025,0.260,0.072,-0.028,0.320,-0.059,-0.034,0.307,-0.138,-0.032,0.254
mag,168917,0.087,-0.136,0.107,0.053,-0.163,0.145,-0.012,-0.161,0.154,-0.060,-0.148,0.112,0.115,-0.025,0.248,0.086,-0.057,0.311,-0.039,-0.075,0.317,-0.087,-0.050,0.256
mag,168985,0.094,-0.109,0.104,0.055,-0.119,0.126,0.010,-0.166,0.159,-0.087,-0.138,0.122,0.152,-0.008,0.243,0.089,-0.077,0.303,0.007,-0.068,0.332,-0.104,-0.052,0.283
mag,169053,0.050,-0.109,0.070,0.075,-0.151,0.131,0.003,-0.161,0.144,-0.031,-0.148,0.124,0.120,-0.034,0.231,0.089,-0.065,0.296,0.002,-0.068,0.332,-0.104,-0.035,0.298
mag,169121,0.097,-0.062,0.065,0.082,-0.136,0.109,-0.004,-0.176,0.140,-0.021,-0.133,0.122,0.139,-0.047,0.204,0.133,-0.062,0.247,0.019,-0.063,0.339,-0.033,-0.035,0.327
mag,169200,0.089,-0.116,0.070,0.075,-0.129,0.119,0.037,-0.161,0.152,-0.009,-0.148,0.156,0.149,-0.061,0.170,0.126,-0.030,0.237,0.093,-0.058,0.334,-0.050,-0.072,0.337
mag,169273,0.104,-0.097,0.070,0.082,-0.129,0.099,0.045,-0.120,0.140,-0.031,-0.146,0.168,0.112,-0.042,0.143,0.128,-0.055,0.230,0.061,-0.063,0.317,-0.052,-0.030,0.332
mag,169351,0.089,-0.082,0.051,0.097,-0.124,0.104,0.030,-0.168,0.154,0.013,-0.129,0.170,0.154,-0.034,0.116,0.111,-0.052,0.213,0.095,-0.031,0.293,0.006,-0.052,0.327
mag,169414,0.077,-0.072,0.063,0.080,-0.114,0.089,0.035,-0.161,0.152,0.013,-0.175,0.158,0.137,-0.022,0.131,0.157,-0.018,0.198,0.095,-0.031,0.280,0.006,-0.047,0.330
mag,169494,0.104,-0.097,0.051,0.119,-0.092,0.111,0.057,-0.132,0.142,-0.009,-0.126,0.178,0.154,-0.017,0.096,0.162,-0.026,0.186,0.112,-0.007,0.293,0.028,-0.018,0.322
mag,169566,0.114,-0.087,0.058,0.082,-0.114,0.099,0.059,-0.129,0.152,0.010,-0.158,0.183,0.120,0.024,0.104,0.130,-0.023,0.181,0.132,-0.004,0.276,0.036,0.029,0.313
mag,169630,0.077,-0.060,0.063,0.114,-0.114,0.089,0.069,-0.127,0.169,0.023,-0.170,0.202,0.122,-0.005,0.109,0.140,-0.011,0.154,0.124,-0.007,0.263,0.048,-0.001,0.317
mag,169702,0.133,-0.031,0.043,0.163,-0.092,0.109,0.118,-0.107,0.183,0.042,-0.155,0.219,0.137,0.012,0.089,0.148,0.014,0.147,0.149,0.023,0.246,0.055,0.038,0.325
mag,169774,0.128,-0.065,0.051,0.107,-0.090,0.106,0.113,-0.125,0.193,0.049,-0.136,0.236,0.120,0.019,0.069,0.150,-0.016,0.162,0.134,0.045,0.232,0.060,0.077,0.308
mag,169842,0.138,-0.050,0.048,0.102,-0.058,0.097,0.106,-0.078,0.169,0.069,-0.133,0.231,0.159,0.010,0.065,0.157,0.033,0.110,0.124,-0.007,0.232,0.101,0.026,0.295
mag,169917,0.106,-0.048,0.048,0.163,-0.077,0.104,0.113,-0.105,0.191,0.079,-0.133,0.266,0.132,0.024,0.057,0.155,0.031,0.113,0.137,0.025,0.200,0.089,0.026,0.278
mag,169990,0.089,-0.006,0.043,0.112,-0.070,0.087,0.164,-0.081,0.191,0.057,-0.151,0.263,0.098,0.019,0.052,0.148,0.055,0.118,0.122,0.030,0.197,0.126,0.087,0.274
mag,170058,0.094,-0.045,0.053,0.151,-0.060,0.121,0.172,-0.088,0.208,0.098,-0.107,0.271,0.095,0.039,0.060,0.126,0.035,0.106,0.149,0.069,0.205,0.092,0.116,0.261
mag,170125,0.119,-0.009,0.053,0.165,-0.055,0.106,0.169,-0.051,0.225,0.123,-0.124,0.300,0.125,0.027,0.082,0.143,0.053,0.118,0.159,0.089,0.205,0.106,0.112,0.242
mag,170188,0.102,-0.070,0.055,0.155,-0.055,0.121,0.133,-0.034,0.242,0.111,-0.099,0.336,0.103,0.019,0.043,0.138,0.048,0.110,0.134,0.052,0.188,0.136,0.121,0.254
mag,170265,0.099,-0.014,0.065,0.173,-0.043,0.116,0.184,-0.081,0.249,0.113,-0.077,0.336,0.108,0.029,0.045,0.148,0.043,0.101,0.124,0.079,0.185,0.097,0.153,0.252
mag,170339,0.155,-0.031,0.058,0.170,-0.038,0.106,0.203,-0.032,0.269,0.093,-0.070,0.395,0.105,0.029,0.047,0.184,0.082,0.093,0.151,0.076,0.171,0.104,0.131,0.247
mag,170406,0.128,-0.023,0.048,0.187,-0.048,0.141,0.194,-0.037,0.284,0.098,-0.043,0.388,0.091,0.046,0.047,0.152,0.087,0.088,0.146,0.135,0.178,0.099,0.136,0.210
mag,170479,0.119,0.006,0.070,0.187,-0.038,0.141,0.184,-0.027,0.298,0.108,-0.026,0.422,0.130,0.039,0.045,0.145,0.062,0.088,0.142,0.098,0.161,0.089,0.153,0.212
mag,170553,0.131,-0.006,0.063,0.199,-0.009,0.150,0.206,-0.024,0.320,0.120,-0.021,0.434,0.149,0.063,0.047,0.135,0.084,0.088,0.134,0.123,0.183,0.084,0.158,0.198
mag,170620,0.182,0.003,0.075,0.207,-0.002,0.158,0.198,-0.012,0.342,0.120,0.011,0.454,0.105,0.063,0.052,0.133,0.072,0.079,0.107,0.137,0.166,0.070,0.185,0.217
mag,170692,0.177,0.003,0.075,0.217,-0.007,0.158,0.225,0.029,0.352,0.128,0.037,0.463,0.103,0.068,0.057,0.091,0.094,0.086,0.110,0.135,0.144,0.070,0.175,0.191
mag,170760,0.165,0.035,0.075,0.214,0.011,0.175,0.194,0.037,0.359,0.103,0.059,0.473,0.132,0.058,0.040,0.128,0.121,0.071,0.100,0.111,0.141,0.055,0.168,0.193
mag,170827,0.136,0.028,0.070,0.221,0.013,0.165,0.201,0.054,0.359,0.079,0.074,0.476,0.095,0.093,0.057,0.106,0.075,0.076,0.107,0.125,0.134,0.033,0.165,0.169
mag,170898,0.172,0.025,0.099,0.207,0.025,0.187,0.172,0.061,0.384,0.084,0.072,0.468,0.105,0.083,0.043,0.116,0.104,0.064,0.083,0.135,0.136,0.021,0.156,0.156
mag,170965,0.175,0.042,0.109,0.209,0.054,0.214,0.179,0.120,0.401,0.018,0.086,0.478,0.066,0.097,0.040,0.108,0.089,0.091,0.093,0.142,0.124,0.011,0.192,0.139
mag,171027,0.170,0.064,0.126,0.209,0.062,0.231,0.142,0.107,0.393,0.035,0.135,0.473,0.120,0.105,0.040,0.130,0.075,0.079,0.066,0.137,0.117,0.031,0.168,0.147
mag,171096,0.204,0.064,0.121,0.199,0.098,0.238,0.125,0.098,0.406,0.001,0.123,0.454,0.103,0.078,0.047,0.077,0.133,0.098,0.056,0.176,0.132,0.021,0.177,0.112
mag,171159,0.199,0.089,0.136,0.187,0.103,0.253,0.145,0.110,0.411,-0.016,0.135,0.451,0.100,0.105,0.060,0.074,0.128,0.071,0.044,0.186,0.119,0.001,0.175,0.144
mag,171227,0.197,0.099,0.146,0.241,0.108,0.255,0.079,0.129,0.420,-0.007,0.169,0.437,0.088,0.100,0.057,0.104,0.121,0.086,0.039,0.154,0.112,0.006,0.199,0.125
mag,171290,0.194,0.074,0.156,0.209,0.111,0.270,0.062,0.173,0.423,-0.043,0.160,0.446,0.086,0.119,0.057,0.116,0.126,0.093,0.041,0.152,0.117,-0.004,0.173,0.095
mag,171359,0.189,0.104,0.165,0.209,0.103,0.282,0.103,0.164,0.415,-0.099,0.152,0.432,0.088,0.088,0.055,0.074,0.143,0.081,0.027,0.135,0.100,-0.001,0.163,0.105
mag,171422,0.180,0.121,0.182,0.177,0.106,0.309,0.045,0.178,0.425,-0.073,0.162,0.434,0.095,0.083,0.043,0.060,0.136,0.093,0.044,0.132,0.110,-0.035,0.173,0.098
mag,171490,0.211,0.116,0.212,0.197,0.152,0.314,0.013,0.186,0.425,-0.114,0.194,0.407,0.091,0.127,0.060,0.074,0.126,0.071,0.041,0.128,0.110,-0.043,0.153,0.098
mag,171557,0.194,0.094,0.195,0.151,0.169,0.314,0.028,0.188,0.418,-0.117,0.179,0.393,0.073,0.112,0.040,0.055,0.104,0.049,0.034,0.145,0.088,-0.008,0.160,0.078
mag,171620,0.209,0.152,0.209,0.165,0.152,0.324,0.040,0.215,0.430,-0.117,0.164,0.393,0.088,0.080,0.045,0.047,0.123,0.076,0.012,0.123,0.097,-0.001,0.134,0.100
mag,171689,0.224,0.165,0.197,0.170,0.150,0.336,0.003,0.210,0.423,-0.095,0.179,0.375,0.091,0.132,0.040,0.045,0.148,0.081,0.027,0.137,0.110,-0.021,0.175,0.076
mag,171761,0.209,0.106,0.212,0.141,0.172,0.324,-0.014,0.210,0.403,-0.129,0.211,0.363,0.093,0.124,0.072,0.079,0.165,0.062,0.022,0.137,0.097,-0.004,0.146,0.088
mag,171830,0.177,0.126,0.209,0.116,0.199,0.324,-0.014,0.200,0.406,-0.146,0.189,0.358,0.059,0.093,0.060,0.052,0.123,0.091,-0.003,0.150,0.090,-0.033,0.153,0.078
mag,171899,0.182,0.182,0.231,0.129,0.201,0.336,-0.070,0.205,0.396,-0.153,0.196,0.354,0.054,0.129,0.045,0.072,0.153,0.076,0.002,0.152,0.068,-0.065,0.148,0.078
mag,171962,0.177,0.160,0.226,0.129,0.157,0.341,-0.036,0.237,0.406,-0.143,0.169,0.324,0.071,0.134,0.067,0.057,0.126,0.071,-0.017,0.172,0.090,-0.050,0.180,0.086
mag,172036,0.155,0.157,0.263,0.116,0.216,0.341,-0.043,0.247,0.381,-0.153,0.184,0.324,0.073,0.088,0.047,0.055,0.136,0.069,-0.005,0.162,0.088,-0.026,0.160,0.086
mag,172099,0.189,0.182,0.265,0.126,0.191,0.375,-0.065,0.247,0.379,-0.168,0.201,0.302,0.066,0.149,0.043,0.045,0.138,0.059,0.007,0.154,0.071,-0.016,0.146,0.068
mag,172168,0.202,0.187,0.275,0.102,0.223,0.363,-0.087,0.190,0.364,-0.139,0.191,0.305,0.051,0.110,0.040,0.045,0.126,0.084,-0.022,0.142,0.083,-0.021,0.138,0.073
mag,172241,0.145,0.221,0.287,0.053,0.201,0.373,-0.082,0.183,0.345,-0.192,0.177,0.275,0.069,0.132,0.047,0.060,0.116,0.069,-0.010,0.123,0.068,-0.084,0.129,0.061
mag,172309,0.136,0.187,0.285,0.043,0.211,0.382,-0.097,0.183,0.352,-0.182,0.138,0.271,0.056,0.132,0.057,0.025,0.133,0.064,-0.010,0.142,0.066,-0.065,0.175,0.093
mag,172378,0.158,0.184,0.300,0.019,0.199,0.375,-0.138,0.215,0.347,-0.178,0.167,0.271,0.056,0.093,0.091,0.045,0.155,0.081,-0.012,0.142,0.063,-0.013,0.151,0.056
mag,172446,0.177,0.177,0.319,0.058,0.238,0.392,-0.131,0.154,0.357,-0.175,0.138,0.246,0.051,0.154,0.074,0.011,0.118,0.093,-0.022,0.125,0.088,-0.057,0.134,0.061
mag,172525,0.119,0.187,0.344,0.055,0.196,0.392,-0.138,0.181,0.328,-0.178,0.133,0.231,0.037,0.139,0.055,0.038,0.140,0.088,-0.024,0.128,0.068,-0.043,0.087,0.061
mag,172598,0.106,0.204,0.348,0.016,0.181,0.407,-0.182,0.161,0.347,-0.209,0.125,0.231,0.044,0.146,0.067,-0.004,0.136,0.086,-0.012,0.169,0.088,-0.089,0.134,0.061
mag,172671,0.126,0.206,0.395,-0.040,0.189,0.436,-0.185,0.161,0.330,-0.190,0.123,0.234,0.054,0.141,0.099,0.003,0.197,0.079,-0.024,0.169,0.066,-0.060,0.131,0.056
mag,172734,0.082,0.226,0.397,-0.059,0.199,0.443,-0.190,0.139,0.298,-0.217,0.111,0.212,0.071,0.141,0.082,0.008,0.148,0.093,-0.037,0.135,0.085,-0.077,0.112,0.042
mag,172807,0.062,0.226,0.390,-0.094,0.196,0.434,-0.202,0.161,0.303,-0.178,0.096,0.178,0.022,0.149,0.101,-0.050,0.182,0.118,-0.056,0.142,0.080,-0.074,0.119,0.051
mag,172875,0.092,0.191,0.424,-0.074,0.203,0.416,-0.207,0.132,0.301,-0.175,0.106,0.163,0.049,0.173,0.094,0.008,0.153,0.091,-0.034,0.135,0.080,-0.087,0.099,0.068
mag,172947,0.028,0.196,0.453,-0.096,0.194,0.438,-0.229,0.132,0.293,-0.204,0.084,0.173,0.056,0.183,0.116,-0.016,0.162,0.081,-0.095,0.162,0.073,-0.079,0.119,0.059
mag,173015,0.001,0.145,0.456,-0.111,0.174,0.448,-0.229,0.115,0.276,-0.204,0.079,0.163,0.015,0.195,0.116,-0.045,0.184,0.118,-0.073,0.118,0.051,-0.069,0.107,0.059
mag,173082,0.011,0.223,0.470,-0.162,0.164,0.431,-0.236,0.124,0.249,-0.212,0.081,0.146,0.017,0.193,0.109,-0.026,0.182,0.110,-0.042,0.128,0.071,-0.062,0.102,0.073
mag,173150,-0.001,0.160,0.473,-0.159,0.137,0.416,-0.204,0.088,0.225,-0.197,0.072,0.151,0.015,0.219,0.121,-0.023,0.184,0.093,-0.068,0.128,0.073,-0.069,0.097,0.064
mag,173224,-0.050,0.184,0.470,-0.169,0.159,0.397,-0.268,0.105,0.220,-0.170,0.084,0.126,-0.012,0.156,0.091,-0.043,0.158,0.113,-0.061,0.118,0.075,-0.062,0.094,0.059
mag,173296,-0.099,0.228,0.483,-0.179,0.140,0.409,-0.229,0.127,0.198,-0.224,0.084,0.114,0.032,0.171,0.116,-0.021,0.158,0.076,-0.083,0.108,0.056,-0.050,0.109,0.042
mag,173369,-0.082,0.157,0.492,-0.184,0.120,0.397,-0.207,0.044,0.203,-0.170,0.047,0.117,-0.036,0.163,0.135,-0.084,0.177,0.091,-0.098,0.152,0.063,-0.050,0.082,0.037
mag,173441,-0.096,0.184,0.480,-0.223,0.137,0.377,-0.202,0.063,0.196,-0.178,0.064,0.090,-0.034,0.193,0.140,-0.028,0.150,0.081,-0.100,0.130,0.061,-0.050,0.082,0.037
mag,173513,-0.128,0.147,0.505,-0.206,0.120,0.363,-0.246,0.073,0.169,-0.170,-0.002,0.097,-0.010,0.190,0.150,-0.104,0.138,0.132,-0.076,0.135,0.061,-0.111,0.065,0.049
mag,173591,-0.179,0.099,0.502,-0.240,0.120,0.348,-0.202,0.078,0.147,-0.200,0.023,0.087,-0.029,0.198,0.131,-0.094,0.131,0.110,-0.103,0.103,0.044,-0.111,0.070,0.024
mag,173662,-0.160,0.116,0.483,-0.228,0.096,0.341,-0.192,0.044,0.157,-0.173,0.018,0.061,-0.034,0.156,0.126,-0.114,0.160,0.108,-0.095,0.108,0.073,-0.077,0.085,0.037
mag,173735,-0.196,0.099,0.480,-0.262,0.072,0.309,-0.190,0.002,0.142,-0.180,0.047,0.061,-0.051,0.180,0.143,-0.116,0.189,0.108,-0.120,0.071,0.063,-0.082,0.109,0.024
mag,173807,-0.201,0.047,0.478,-0.252,0.042,0.321,-0.207,0.002,0.147,-0.187,-0.009,0.068,-0.066,0.173,0.145,-0.121,0.145,0.118,-0.107,0.101,0.063,-0.094,0.094,0.049
mag,173874,-0.218,0.062,0.466,-0.247,0.052,0.314,-0.224,0.044,0.152,-0.178,0.013,0.095,-0.054,0.166,0.150,-0.133,0.199,0.106,-0.120,0.096,0.068,-0.118,0.055,0.032
mag,173952,-0.187,0.047,0.468,-0.250,0.023,0.314,-0.192,0.007,0.149,-0.156,-0.002,0.075,-0.063,0.195,0.184,-0.104,0.123,0.137,-0.076,0.074,0.046,-0.106,0.087,0.051
mag,174020,-0.201,0.006,0.461,-0.267,0.018,0.309,-0.190,0.022,0.140,-0.134,-0.014,0.058,-0.061,0.190,0.189,-0.104,0.138,0.137,-0.098,0.064,0.093,-0.106,0.058,0.029
mag,174092,-0.231,0.011,0.453,-0.262,0.001,0.292,-0.202,-0.002,0.120,-0.165,-0.006,0.046,-0.107,0.185,0.182,-0.141,0.148,0.149,-0.129,0.089,0.068,-0.072,0.077,0.032
mag,174170,-0.221,-0.023,0.451,-0.303,-0.016,0.275,-0.204,0.007,0.113,-0.163,-0.002,0.036,-0.085,0.188,0.199,-0.148,0.150,0.140,-0.139,0.093,0.058,-0.057,0.048,0.042
mag,174248,-0.209,-0.072,0.434,-0.240,-0.033,0.275,-0.182,-0.022,0.118,-0.175,-0.009,0.056,-0.100,0.190,0.235,-0.138,0.155,0.159,-0.161,0.098,0.073,-0.109,0.082,0.032
mag,174335,-0.209,-0.084,0.402,-0.233,-0.063,0.253,-0.180,-0.046,0.098,-0.190,0.013,0.043,-0.144,0.185,0.245,-0.141,0.143,0.174,-0.129,0.096,0.080,-0.135,0.007,0.054
mag,174403,-0.201,-0.102,0.373,-0.213,-0.063,0.231,-0.175,-0.056,0.105,-0.134,-0.014,0.061,-0.163,0.188,0.257,-0.158,0.126,0.191,-0.137,0.047,0.085,-0.126,0.033,0.051
mag,174486,-0.172,-0.160,0.336,-0.225,-0.107,0.250,-0.141,-0.051,0.098,-0.121,-0.031,0.043,-0.149,0.134,0.279,-0.143,0.136,0.198,-0.142,0.047,0.090,-0.113,0.024,0.059
mag,174557,-0.116,-0.148,0.329,-0.211,-0.114,0.206,-0.165,-0.073,0.115,-0.121,-0.009,0.048,-0.132,0.132,0.299,-0.160,0.043,0.193,-0.139,0.042,0.102,-0.118,0.019,0.051
mag,174624,-0.143,-0.172,0.307,-0.181,-0.141,0.204,-0.163,-0.093,0.118,-0.119,-0.046,0.051,-0.134,0.093,0.289,-0.192,0.094,0.196,-0.149,0.037,0.100,-0.118,0.031,0.061
mag,174706,-0.130,-0.165,0.295,-0.177,-0.131,0.199,-0.131,-0.088,0.096,-0.136,-0.053,0.034,-0.139,0.112,0.314,-0.153,0.104,0.235,-0.110,0.042,0.124,-0.131,0.033,0.068
mag,174773,-0.108,-0.158,0.287,-0.157,-0.126,0.177,-0.143,-0.110,0.110,-0.134,-0.046,0.053,-0.110,0.105,0.321,-0.180,0.126,0.220,-0.154,0.020,0.112,-0.155,0.036,0.068
mag,174856,-0.094,-0.148,0.261,-0.169,-0.121,0.175,-0.143,-0.068,0.096,-0.095,-0.072,0.043,-0.110,0.053,0.338,-0.192,0.060,0.228,-0.159,0.015,0.112,-0.133,0.014,0.068
mag,174933,-0.113,-0.182,0.253,-0.130,-0.129,0.175,-0.151,-0.093,0.083,-0.136,-0.048,0.048,-0.117,0.078,0.306,-0.167,0.035,0.237,-0.188,0.040,0.134,-0.140,0.036,0.078
mag,175006,-0.086,-0.182,0.224,-0.142,-0.134,0.155,-0.095,-0.083,0.091,-0.087,-0.055,0.034,-0.154,0.063,0.331,-0.197,0.057,0.252,-0.127,0.013,0.114,-0.145,-0.006,0.061
mag,175083,-0.065,-0.189,0.221,-0.116,-0.129,0.153,-0.112,-0.071,0.088,-0.099,-0.065,0.046,-0.137,0.029,0.340,-0.163,0.018,0.235,-0.129,0.015,0.112,-0.145,0.011,0.059
mag,175155,-0.055,-0.177,0.187,-0.152,-0.173,0.145,-0.109,-0.098,0.066,-0.104,-0.063,0.053,-0.161,-0.003,0.360,-0.141,0.006,0.250,-0.173,-0.012,0.141,-0.131,0.016,0.066
mag,175219,-0.065,-0.192,0.197,-0.116,-0.136,0.141,-0.097,-0.100,0.074,-0.158,-0.055,0.039,-0.151,-0.020,0.367,-0.209,0.014,0.272,-0.171,-0.004,0.149,-0.196,-0.035,0.086
mag,175288,-0.082,-0.180,0.168,-0.130,-0.143,0.138,-0.163,-0.078,0.081,-0.117,-0.075,0.039,-0.119,-0.005,0.384,-0.163,-0.016,0.276,-0.173,-0.031,0.141,-0.133,-0.008,0.083
mag,175363,-0.047,-0.204,0.173,-0.106,-0.151,0.131,-0.099,-0.132,0.064,-0.102,-0.119,0.031,-0.124,-0.015,0.399,-0.180,-0.023,0.281,-0.178,-0.019,0.154,-0.165,-0.008,0.083
mag,175427,-0.077,-0.221,0.180,-0.118,-0.175,0.138,-0.104,-0.127,0.071,-0.095,-0.065,0.041,-0.154,0.005,0.392,-0.180,-0.008,0.279,-0.173,-0.056,0.146,-0.204,-0.015,0.090
mag,175500,-0.035,-0.180,0.163,-0.081,-0.168,0.136,-0.092,-0.085,0.076,-0.087,-0.085,0.043,-0.100,-0.039,0.382,-0.206,-0.023,0.289,-0.181,-0.026,0.163,-0.174,-0.023,0.088
mag,175578,-0.062,-0.199,0.146,-0.084,-0.175,0.119,-0.075,-0.090,0.054,-0.090,-0.070,0.046,-0.100,-0.044,0.406,-0.204,-0.057,0.286,-0.151,-0.029,0.163,-0.145,-0.020,0.078
mag,175646,-0.016,-0.172,0.134,-0.098,-0.158,0.099,-0.082,-0.098,0.076,-0.080,-0.075,0.031,-0.097,-0.110,0.384,-0.136,-0.070,0.284,-0.151,-0.082,0.156,-0.165,-0.037,0.095
mag,175731,-0.018,-0.189,0.126,-0.064,-0.165,0.109,-0.087,-0.103,0.061,-0.092,-0.080,0.046,-0.083,-0.064,0.389,-0.148,-0.045,0.313,-0.178,-0.038,0.161,-0.126,-0.030,0.088
mag,175804,0.016,-0.165,0.131,-0.086,-0.177,0.106,-0.073,-0.093,0.061,-0.075,-0.097,0.051,-0.066,-0.051,0.387,-0.163,-0.111,0.303,-0.183,-0.058,0.168,-0.152,-0.006,0.095
mag,175872,0.023,-0.150,0.107,-0.042,-0.168,0.092,-0.065,-0.088,0.086,-0.082,-0.068,0.039,-0.068,-0.100,0.387,-0.123,-0.094,0.320,-0.149,-0.099,0.195,-0.150,-0.040,0.129
mag,175946,-0.008,-0.199,0.112,-0.062,-0.175,0.099,-0.073,-0.090,0.047,-0.102,-0.075,0.034,-0.012,-0.117,0.358,-0.116,-0.101,0.308,-0.154,-0.065,0.183,-0.123,-0.032,0.098
mag,176026,0.014,-0.197,0.099,-0.062,-0.143,0.087,-0.033,-0.095,0.047,-0.060,-0.077,0.036,-0.024,-0.122,0.345,-0.126,-0.116,0.306,-0.164,-0.063,0.200,-0.131,-0.072,0.115
mag,176107,0.009,-0.199,0.090,-0.047,-0.148,0.094,-0.051,-0.090,0.061,-0.068,-0.099,0.041,-0.024,-0.098,0.350,-0.111,-0.116,0.303,-0.154,-0.073,0.185,-0.118,-0.059,0.132
mag,176184,-0.011,-0.145,0.092,-0.033,-0.195,0.075,-0.070,-0.115,0.064,-0.065,-0.099,0.041,-0.019,-0.176,0.355,-0.102,-0.167,0.311,-0.132,-0.109,0.202,-0.157,-0.042,0.132
mag,176257,0.009,-0.148,0.058,-0.030,-0.121,0.089,-0.060,-0.120,0.066,-0.070,-0.080,0.031,-0.005,-0.125,0.338,-0.075,-0.128,0.311,-0.159,-0.075,0.200,-0.116,-0.047,0.142
mag,176330,0.006,-0.155,0.075,-0.045,-0.151,0.072,-0.051,-0.127,0.042,-0.036,-0.087,0.046,0.020,-0.169,0.326,-0.082,-0.148,0.284,-0.132,-0.104,0.193,-0.131,-0.064,0.149
mag,176406,0.009,-0.182,0.073,0.002,-0.148,0.055,-0.019,-0.090,0.064,-0.070,-0.089,0.029,0.044,-0.200,0.284,-0.036,-0.182,0.286,-0.098,-0.087,0.215,-0.155,-0.079,0.151
mag,176478,0.058,-0.150,0.065,-0.035,-0.104,0.072,-0.051,-0.142,0.042,-0.038,-0.116,0.056,0.032,-0.137,0.275,-0.006,-0.138,0.276,-0.110,-0.153,0.207,-0.128,-0.093,0.164
mag,176560,0.028,-0.158,0.051,-0.011,-0.146,0.053,-0.033,-0.154,0.042,-0.026,-0.102,0.036,0.061,-0.142,0.245,0.021,-0.174,0.257,-0.115,-0.151,0.222,-0.123,-0.103,0.173
mag,176641,0.038,-0.097,0.046,0.002,-0.146,0.058,-0.031,-0.122,0.047,-0.036,-0.099,0.056,0.071,-0.137,0.248,0.001,-0.160,0.279,-0.064,-0.148,0.227,-0.113,-0.130,0.166
mag,176720,0.026,-0.084,0.060,0.002,-0.129,0.080,-0.009,-0.142,0.064,-0.053,-0.104,0.070,0.091,-0.086,0.226,0.023,-0.138,0.250,-0.061,-0.136,0.232,-0.087,-0.106,0.188
mag,176789,0.053,-0.094,0.060,0.007,-0.134,0.058,-0.055,-0.093,0.069,-0.024,-0.121,0.053,0.112,-0.100,0.211,0.011,-0.155,0.240,-0.061,-0.141,0.215,-0.121,-0.115,0.193
mag,176860,0.040,-0.092,0.038,0.007,-0.102,0.050,-0.002,-0.147,0.057,-0.038,-0.133,0.053,0.125,-0.125,0.201,0.062,-0.138,0.254,-0.059,-0.151,0.244,-0.060,-0.145,0.198
mag,176927,0.075,-0.114,0.053,0.002,-0.107,0.060,-0.007,-0.134,0.064,-0.026,-0.119,0.043,0.103,-0.113,0.196,0.050,-0.126,0.254,-0.046,-0.158,0.246,-0.089,-0.115,0.220
mag,177000,0.028,-0.126,0.055,0.009,-0.148,0.062,-0.024,-0.110,0.079,-0.038,-0.116,0.061,0.103,-0.110,0.199,0.089,-0.113,0.257,-0.007,-0.187,0.256,-0.067,-0.142,0.225
mag,177081,0.060,-0.106,0.063,0.048,-0.102,0.058,0.010,-0.164,0.086,-0.056,-0.129,0.075,0.110,-0.100,0.199,0.084,-0.140,0.240,-0.007,-0.143,0.290,-0.074,-0.113,0.237
mag,177158,0.060,-0.136,0.060,0.051,-0.136,0.055,0.018,-0.142,0.086,-0.046,-0.136,0.078,0.139,-0.117,0.192,0.067,-0.121,0.267,0.017,-0.143,0.283,-0.082,-0.108,0.259
mag,177231,0.082,-0.070,0.036,0.046,-0.141,0.072,0.008,-0.122,0.076,-0.026,-0.124,0.090,0.105,-0.120,0.162,0.096,-0.079,0.225,0.002,-0.139,0.280,-0.072,-0.137,0.252
mag,177299,0.075,-0.124,0.029,0.041,-0.099,0.070,0.001,-0.144,0.076,-0.012,-0.141,0.080,0.139,-0.100,0.155,0.138,-0.104,0.233,0.012,-0.165,0.276,-0.047,-0.140,0.264
mag,177371,0.080,-0.102,0.029,0.063,-0.129,0.060,0.013,-0.125,0.069,-0.014,-0.124,0.083,0.139,-0.081,0.150,0.101,-0.111,0.208,0.049,-0.141,0.280,-0.030,-0.115,0.283
mag,177444,0.089,-0.099,0.053,0.092,-0.129,0.053,0.047,-0.147,0.086,0.015,-0.177,0.075,0.154,-0.066,0.131,0.108,-0.077,0.225,0.071,-0.117,0.271,-0.026,-0.128,0.325
mag,177512,0.084,-0.106,0.038,0.077,-0.114,0.053,0.047,-0.120,0.098,0.010,-0.146,0.102,0.120,-0.051,0.131,0.157,-0.128,0.191,0.080,-0.139,0.288,0.001,-0.137,0.310
mag,177579,0.050,-0.050,0.026,0.060,-0.114,0.072,0.071,-0.137,0.098,0.013,-0.160,0.102,0.144,-0.073,0.131,0.169,-0.067,0.198,0.112,-0.129,0.285,-0.008,-0.098,0.330
mag,177652,0.070,-0.102,0.041,0.090,-0.104,0.075,0.032,-0.144,0.108,0.018,-0.177,0.122,0.137,-0.064,0.109,0.174,-0.094,0.184,0.102,-0.119,0.285,-0.004,-0.106,0.342
mag,177719,0.080,-0.070,0.038,0.085,-0.136,0.077,0.067,-0.137,0.113,0.028,-0.141,0.119,0.120,-0.066,0.118,0.179,-0.043,0.189,0.122,-0.104,0.293,0.021,-0.089,0.354
mag,177792,0.099,-0.089,0.036,0.090,-0.087,0.072,0.076,-0.151,0.142,0.013,-0.165,0.129,0.149,-0.064,0.099,0.157,-0.067,0.193,0.134,-0.051,0.305,0.026,-0.067,0.371
mag,177865,0.119,-0.087,0.031,0.116,-0.104,0.082,0.047,-0.164,0.147,0.001,-0.173,0.161,0.161,-0.025,0.104,0.182,-0.023,0.193,0.146,-0.053,0.312,0.038,-0.052,0.386
mag,177928,0.099,-0.075,0.033,0.085,-0.126,0.092,0.096,-0.164,0.164,0.008,-0.194,0.185,0.134,-0.017,0.106,0.172,-0.004,0.174,0.173,-0.009,0.310,0.075,-0.003,0.374
mag,178005,0.128,-0.058,0.063,0.104,-0.087,0.089,0.079,-0.147,0.169,0.045,-0.180,0.195,0.154,-0.000,0.101,0.179,0.009,0.176,0.161,-0.031,0.280,0.043,0.016,0.359
mag,178078,0.119,-0.080,0.055,0.094,-0.099,0.119,0.113,-0.154,0.191,0.035,-0.173,0.234,0.166,-0.005,0.099,0.184,0.021,0.171,0.129,0.008,0.300,0.045,0.016,0.344
mag,178149,0.111,-0.055,0.055,0.121,-0.094,0.109,0.101,-0.142,0.203,0.052,-0.168,0.234,0.127,0.005,0.091,0.150,-0.006,0.157,0.134,0.028,0.278,0.094,0.055,0.339
mag,178226,0.114,-0.065,0.058,0.136,-0.065,0.111,0.098,-0.178,0.215,0.064,-0.153,0.278,0.127,0.034,0.091,0.155,0.021,0.149,0.142,0.035,0.278,0.050,0.073,0.313
mag,178302,0.170,-0.087,0.070,0.134,-0.087,0.133,0.128,-0.125,0.232,0.062,-0.163,0.280,0.152,0.017,0.082,0.152,0.031,0.154,0.137,0.064,0.249,0.087,0.073,0.332
mag,178374,0.143,-0.028,0.097,0.138,-0.092,0.133,0.125,-0.147,0.249,0.054,-0.202,0.305,0.117,0.032,0.094,0.150,0.040,0.140,0.139,0.069,0.268,0.082,0.085,0.322
mag,178436,0.177,-0.041,0.080,0.146,-0.082,0.141,0.120,-0.149,0.271,0.064,-0.143,0.317,0.152,0.061,0.084,0.165,0.057,0.147,0.139,0.042,0.249,0.057,0.085,0.322
mag,178509,0.163,-0.067,0.077,0.141,-0.053,0.141,0.133,-0.144,0.269,0.057,-0.080,0.334,0.137,0.029,0.087,0.162,0.077,0.164,0.117,0.096,0.263,0.070,0.119,0.320
mag,178585,0.143,-0.023,0.068,0.163,-0.065,0.172,0.150,-0.100,0.293,0.037,-0.155,0.358,0.132,0.034,0.082,0.174,0.070,0.154,0.090,0.071,0.237,0.055,0.134,0.327
mag,178656,0.172,-0.014,0.070,0.158,-0.087,0.163,0.145,-0.098,0.281,0.057,-0.131,0.349,0.127,0.029,0.077,0.157,0.067,0.149,0.156,0.093,0.244,0.070,0.094,0.295
mag,178733,0.175,-0.021,0.068,0.204,-0.060,0.180,0.164,-0.093,0.310,0.079,-0.107,0.383,0.115,0.034,0.072,0.157,0.062,0.130,0.146,0.098,0.229,0.065,0.168,0.286
mag,178806,0.192,-0.023,0.085,0.192,-0.072,0.172,0.152,-0.103,0.320,0.052,-0.092,0.393,0.127,0.010,0.079,0.113,0.094,0.142,0.122,0.128,0.229,0.060,0.158,0.278
mag,178873,0.131,-0.028,0.055,0.180,-0.063,0.163,0.179,-0.059,0.301,0.069,-0.087,0.388,0.139,0.039,0.079,0.130,0.075,0.115,0.100,0.111,0.222,0.062,0.151,0.259
mag,178950,0.172,-0.041,0.063,0.163,-0.031,0.141,0.167,-0.076,0.288,0.091,-0.060,0.388,0.098,0.051,0.057,0.150,0.062,0.098,0.112,0.098,0.193,0.055,0.116,0.239
mag,179027,0.141,-0.023,0.070,0.168,-0.014,0.141,0.186,-0.081,0.279,0.096,-0.085,0.368,0.130,0.058,0.047,0.138,0.055,0.096,0.117,0.120,0.176,0.072,0.138,0.242
mag,179095,0.160,-0.019,0.068,0.197,-0.016,0.128,0.154,-0.032,0.284,0.084,-0.087,0.375,0.100,0.014,0.040,0.145,0.079,0.079,0.088,0.125,0.180,0.079,0.143,0.198
mag,179162,0.150,-0.023,0.068,0.195,-0.038,0.138,0.179,-0.022,0.279,0.176,-0.070,0.383,0.091,0.044,0.030,0.138,0.072,0.084,0.112,0.079,0.141,0.087,0.143,0.205
mag,179230,0.167,0.008,0.075,0.197,-0.011,0.138,0.189,-0.032,0.306,0.103,-0.050,0.383,0.103,0.075,0.013,0.143,0.060,0.093,0.144,0.079,0.149,0.089,0.173,0.205
mag,179292,0.143,-0.004,0.063,0.197,-0.011,0.136,0.196,0.005,0.308,0.125,-0.016,0.388,0.071,0.053,0.030,0.140,0.067,0.086,0.093,0.098,0.154,0.101,0.158,0.195
mag,179359,0.187,-0.036,0.077,0.185,-0.011,0.150,0.194,0.024,0.293,0.106,0.001,0.405,0.110,0.063,0.033,0.116,0.094,0.086,0.112,0.108,0.146,0.050,0.151,0.188
mag,179436,0.170,0.016,0.058,0.219,0.008,0.133,0.194,0.019,0.323,0.123,0.011,0.432,0.103,0.066,0.030,0.101,0.094,0.071,0.098,0.123,0.129,0.060,0.182,0.173
mag,179504,0.204,0.025,0.070,0.195,0.042,0.170,0.216,0.061,0.306,0.137,0.045,0.434,0.098,0.075,0.030,0.116,0.055,0.086,0.100,0.135,0.129,0.026,0.190,0.159
mag,179570,0.128,0.028,0.090,0.212,0.013,0.155,0.198,0.061,0.347,0.086,0.045,0.437,0.093,0.073,0.028,0.091,0.084,0.079,0.107,0.140,0.146,0.084,0.156,0.147
mag,179647,0.167,0.021,0.097,0.187,0.030,0.187,0.186,0.049,0.357,0.042,0.028,0.449,0.105,0.066,0.043,0.118,0.062,0.079,0.105,0.115,0.129,0.036,0.165,0.147
mag,179709,0.192,0.018,0.087,0.214,0.050,0.192,0.140,0.066,0.386,0.047,0.138,0.485,0.105,0.088,0.045,0.094,0.097,0.086,0.088,0.181,0.112,0.045,0.173,0.156
mag,179776,0.167,0.055,0.082,0.256,0.025,0.216,0.194,0.100,0.374,0.084,0.096,0.480,0.125,0.075,0.045,0.101,0.082,0.091,0.061,0.115,0.129,0.053,0.173,0.132
mag,179844,0.219,0.030,0.094,0.241,0.054,0.209,0.135,0.110,0.374,0.057,0.106,0.478,0.091,0.061,0.030,0.118,0.106,0.066,0.085,0.181,0.110,0.062,0.165,0.122
mag,179916,0.192,0.064,0.112,0.197,0.116,0.231,0.159,0.117,0.413,0.025,0.123,0.478,0.103,0.063,0.030,0.089,0.121,0.093,0.059,0.132,0.117,0.031,0.165,0.120
mag,179987,0.211,0.047,0.116,0.214,0.106,0.243,0.133,0.161,0.389,0.013,0.184,0.461,0.064,0.071,0.040,0.118,0.114,0.057,0.029,0.147,0.110,0.006,0.202,0.117
mag,180055,0.209,0.086,0.151,0.199,0.111,0.263,0.145,0.171,0.418,-0.056,0.174,0.466,0.071,0.083,0.065,0.060,0.133,0.079,0.061,0.150,0.105,-0.001,0.173,0.115
mag,180123,0.219,0.072,0.143,0.226,0.128,0.246,0.101,0.200,0.406,-0.034,0.186,0.437,0.078,0.090,0.038,0.072,0.121,0.057,0.046,0.186,0.095,0.009,0.209,0.093
mag,180190,0.233,0.111,0.153,0.202,0.091,0.270,0.042,0.200,0.411,-0.056,0.157,0.422,0.103,0.107,0.060,0.089,0.118,0.076,0.041,0.120,0.105,0.001,0.160,0.098
mag,180253,0.199,0.113,0.153,0.187,0.150,0.285,0.079,0.183,0.398,-0.077,0.177,0.395,0.100,0.112,0.043,0.099,0.121,0.059,0.063,0.135,0.066,-0.004,0.143,0.090
mag,180321,0.189,0.123,0.170,0.155,0.184,0.294,0.025,0.234,0.386,-0.114,0.235,0.400,0.059,0.090,0.028,0.091,0.121,0.059,0.007,0.147,0.102,-0.008,0.153,0.098
mag,180389,0.202,0.143,0.199,0.131,0.181,0.311,-0.019,0.220,0.369,-0.107,0.230,0.339,0.098,0.115,0.035,0.038,0.126,0.066,0.010,0.152,0.068,0.001,0.131,0.071
mag,180457,0.177,0.160,0.219,0.153,0.199,0.326,-0.026,0.239,0.379,-0.136,0.196,0.354,0.095,0.112,0.055,0.072,0.155,0.047,0.022,0.142,0.090,-0.030,0.136,0.073
mag,180521,0.163,0.189,0.221,0.129,0.179,0.309,-0.053,0.251,0.359,-0.153,0.233,0.305,0.064,0.093,0.050,0.025,0.148,0.064,0.002,0.130,0.088,-0.013,0.131,0.066
mag,180590,0.158,0.199,0.224,0.090,0.216,0.341,-0.063,0.227,0.367,-0.160,0.169,0.273,0.078,0.134,0.047,0.069,0.153,0.054,-0.003,0.142,0.071,0.001,0.134,0.061
mag,180658,0.153,0.184,0.243,0.090,0.252,0.331,-0.077,0.242,0.342,-0.158,0.186,0.251,0.059,0.107,0.043,0.030,0.131,0.062,-0.010,0.135,0.066,-0.065,0.119,0.061
mag,180722,0.160,0.189,0.261,0.082,0.252,0.329,-0.117,0.171,0.315,-0.141,0.189,0.249,0.020,0.110,0.050,0.008,0.153,0.052,-0.022,0.189,0.056,-0.047,0.136,0.051
mag,180790,0.119,0.189,0.265,0.053,0.216,0.319,-0.117,0.220,0.293,-0.170,0.147,0.214,0.025,0.144,0.050,0.069,0.148,0.071,-0.000,0.152,0.071,-0.040,0.124,0.061
mag,180853,0.102,0.211,0.287,0.014,0.223,0.336,-0.134,0.217,0.293,-0.187,0.184,0.214,0.037,0.110,0.047,0.021,0.150,0.074,-0.024,0.125,0.063,-0.035,0.121,0.029
mag,180921,0.119,0.233,0.307,0.002,0.238,0.353,-0.129,0.188,0.288,-0.187,0.150,0.214,0.042,0.129,0.062,-0.014,0.145,0.057,-0.027,0.147,0.053,-0.026,0.090,0.046
mag,180984,0.077,0.228,0.317,-0.045,0.262,0.346,-0.107,0.225,0.257,-0.168,0.118,0.158,0.008,0.134,0.057,-0.026,0.133,0.066,-0.037,0.125,0.051,-0.065,0.082,0.049
mag,181059,0.062,0.248,0.322,-0.037,0.242,0.338,-0.160,0.181,0.247,-0.168,0.123,0.158,0.025,0.149,0.043,0.023,0.162,0.066,-0.037,0.118,0.058,-0.055,0.116,0.044
mag,181135,0.045,0.240,0.334,-0.089,0.191,0.316,-0.192,0.144,0.205,-0.146,0.094,0.139,0.042,0.136,0.072,-0.023,0.136,0.057,-0.039,0.123,0.053,-0.023,0.099,0.010
mag,181202,0.038,0.248,0.341,-0.062,0.218,0.319,-0.182,0.146,0.196,-0.168,0.084,0.122,0.037,0.127,0.065,-0.011,0.145,0.057,-0.049,0.113,0.046,-0.030,0.097,0.032
mag,181272,-0.013,0.206,0.324,-0.086,0.172,0.314,-0.148,0.110,0.176,-0.143,0.091,0.126,0.051,0.134,0.069,-0.026,0.155,0.064,-0.073,0.113,0.046,-0.052,0.080,0.027
mag,181347,-0.057,0.201,0.344,-0.120,0.184,0.280,-0.146,0.088,0.166,-0.168,0.067,0.104,-0.017,0.161,0.052,-0.065,0.128,0.066,-0.066,0.113,0.044,-0.052,0.070,0.044
mag,181424,-0.065,0.184,0.334,-0.113,0.150,0.265,-0.121,0.100,0.157,-0.163,0.015,0.090,0.017,0.154,0.079,-0.065,0.170,0.066,-0.059,0.123,0.036,-0.043,0.080,0.034
mag,181510,-0.072,0.147,0.331,-0.118,0.101,0.241,-0.138,0.095,0.140,-0.151,0.067,0.085,0.003,0.139,0.089,-0.048,0.099,0.071,-0.037,0.096,0.046,-0.062,0.070,0.032
mag,181582,-0.108,0.130,0.287,-0.123,0.118,0.248,-0.151,0.054,0.135,-0.136,0.067,0.080,-0.022,0.127,0.106,-0.050,0.123,0.086,-0.037,0.093,0.053,-0.062,0.046,0.017
mag,181657,-0.047,0.082,0.287,-0.118,0.067,0.204,-0.121,0.022,0.118,-0.087,0.028,0.073,-0.007,0.085,0.099,-0.055,0.092,0.084,-0.064,0.108,0.071,-0.052,0.063,0.034
mag,181721,-0.077,0.047,0.256,-0.123,0.020,0.216,-0.131,0.005,0.122,-0.099,0.015,0.068,-0.022,0.071,0.111,-0.023,0.089,0.093,-0.078,0.042,0.073,-0.060,0.070,0.054
mag,181797,-0.038,0.028,0.221,-0.074,0.042,0.175,-0.107,-0.020,0.115,-0.056,0.013,0.102,-0.039,0.085,0.096,-0.048,0.062,0.079,-0.051,0.079,0.056,-0.057,0.043,0.049
mag,181861,-0.050,0.013,0.192,-0.069,0.013,0.155,-0.075,0.044,0.086,-0.107,0.003,0.075,-0.029,0.097,0.121,-0.080,0.087,0.091,-0.088,0.049,0.056,-0.062,0.021,0.044
mag,181934,-0.060,-0.043,0.182,-0.084,-0.007,0.145,-0.065,0.012,0.088,-0.070,0.008,0.065,-0.046,0.073,0.104,-0.075,0.062,0.081,-0.061,0.054,0.063,-0.040,0.002,0.051
mag,181997,-0.043,-0.023,0.168,-0.064,0.003,0.119,-0.060,0.022,0.091,-0.073,-0.004,0.080,-0.032,0.053,0.118,-0.036,0.062,0.098,-0.078,0.020,0.066,-0.094,-0.001,0.037
mag,182071,-0.028,-0.031,0.160,-0.057,-0.014,0.138,-0.065,-0.010,0.088,-0.087,-0.038,0.048,-0.041,0.036,0.113,-0.077,0.077,0.106,-0.073,0.010,0.075,-0.038,-0.010,0.046
mag,182144,-0.050,-0.011,0.160,-0.035,-0.036,0.128,-0.060,-0.010,0.096,-0.107,-0.002,0.061,-0.027,0.034,0.123,-0.045,0.043,0.110,-0.073,0.008,0.073,-0.062,0.021,0.071
mag,182209,0.004,-0.016,0.129,-0.052,-0.051,0.158,-0.048,-0.032,0.105,-0.131,-0.028,0.068,-0.046,0.058,0.140,-0.062,0.031,0.108,-0.054,0.018,0.105,-0.065,0.004,0.078
mag,182286,-0.018,-0.043,0.146,-0.035,-0.031,0.121,-0.033,-0.046,0.105,-0.063,-0.016,0.075,-0.014,0.014,0.123,-0.038,0.021,0.115,-0.049,0.018,0.083,-0.057,0.009,0.059
mag,182351,-0.011,-0.050,0.112,-0.020,-0.043,0.123,-0.058,-0.012,0.110,-0.060,-0.033,0.080,-0.017,0.014,0.133,-0.028,0.021,0.128,-0.056,0.013,0.107,-0.035,-0.001,0.059
mag,182422,0.009,-0.014,0.124,-0.037,-0.046,0.109,-0.012,-0.037,0.083,-0.048,-0.028,0.075,0.008,0.014,0.138,0.003,0.038,0.128,-0.046,0.052,0.110,-0.065,0.016,0.098
mag,182487,0.011,-0.038,0.124,-0.011,-0.055,0.114,-0.031,-0.039,0.108,-0.029,-0.014,0.092,0.022,-0.010,0.133,-0.009,0.040,0.147,-0.042,0.035,0.107,-0.016,0.036,0.083
mag,182564,0.006,-0.077,0.109,-0.008,-0.046,0.111,-0.041,-0.054,0.108,-0.063,-0.060,0.080,0.012,0.010,0.138,0.028,-0.001,0.135,-0.015,-0.026,0.124,-0.026,-0.001,0.100
mag,182633,0.009,-0.055,0.102,0.007,-0.063,0.106,-0.055,-0.061,0.091,-0.058,-0.043,0.087,0.042,-0.003,0.121,0.001,-0.023,0.145,-0.010,0.001,0.107,-0.021,0.009,0.100
mag,182703,0.045,-0.043,0.102,-0.003,-0.046,0.102,-0.007,-0.024,0.098,-0.038,-0.075,0.102,0.059,0.027,0.106,0.018,0.001,0.115,-0.032,0.003,0.105,-0.028,-0.020,0.107
mag,182775,0.045,-0.048,0.070,0.016,-0.043,0.099,0.013,-0.037,0.110,-0.021,-0.041,0.083,0.037,-0.003,0.104,0.001,-0.028,0.118,0.024,-0.019,0.134,-0.050,-0.028,0.110
mag,182841,0.031,-0.028,0.080,0.046,-0.060,0.070,-0.019,-0.032,0.093,-0.031,-0.050,0.068,0.039,0.012,0.087,0.011,-0.021,0.123,-0.007,-0.026,0.100,-0.035,-0.018,0.107
mag,182915,0.048,-0.045,0.060,0.019,-0.046,0.077,0.020,-0.054,0.086,-0.009,-0.058,0.083,0.039,-0.003,0.084,0.040,-0.011,0.098,-0.000,0.015,0.117,-0.028,0.014,0.103
mag,182980,0.031,-0.050,0.065,0.024,-0.051,0.077,0.010,-0.054,0.083,-0.026,-0.058,0.087,0.047,0.010,0.055,0.003,-0.018,0.088,-0.005,-0.004,0.100,-0.011,0.014,0.115
mag,183051,0.048,-0.055,0.053,0.055,-0.026,0.048,0.010,-0.059,0.052,0.023,-0.053,0.078,0.042,0.012,0.062,0.047,-0.001,0.091,0.037,-0.002,0.110,0.001,-0.020,0.110
mag,183119,0.021,-0.001,0.046,0.011,-0.031,0.070,0.032,-0.046,0.076,-0.007,-0.026,0.073,0.042,-0.010,0.052,0.035,-0.006,0.081,0.022,-0.026,0.100,0.011,-0.010,0.090
mag,183184,0.033,-0.016,0.033,0.026,-0.016,0.065,-0.019,-0.002,0.074,-0.007,-0.033,0.068,0.049,-0.012,0.043,0.052,0.016,0.084,0.044,-0.016,0.088,0.014,-0.008,0.112
mag,183255,0.070,-0.009,0.031,0.019,-0.051,0.060,0.042,-0.059,0.086,0.008,-0.028,0.070,0.032,-0.005,0.052,0.028,-0.026,0.081,0.056,0.003,0.093,0.031,-0.008,0.098
mag,183323,0.048,-0.033,0.038,-0.006,-0.007,0.053,0.037,-0.054,0.069,-0.004,-0.043,0.073,0.044,0.012,0.045,0.060,0.004,0.057,0.039,-0.021,0.088,0.009,0.033,0.112
mag,183393,0.060,-0.014,0.033,0.033,-0.014,0.038,0.025,-0.046,0.066,-0.004,-0.024,0.061,0.047,-0.042,0.045,0.043,-0.016,0.059,0.041,-0.009,0.080,0.043,0.014,0.107
mag,183456,0.043,-0.021,0.014,0.033,-0.041,0.036,0.050,-0.029,0.052,0.028,-0.050,0.061,0.061,-0.017,0.045,0.079,-0.021,0.032,0.059,-0.016,0.085,0.011,-0.028,0.103
mag,183526,0.048,-0.023,0.029,0.048,-0.014,0.040,0.032,-0.042,0.052,0.001,-0.055,0.056,0.051,-0.003,0.033,0.069,-0.033,0.030,0.071,-0.009,0.078,0.036,-0.001,0.076
mag,183596,-0.001,-0.026,0.036,0.036,-0.029,0.031,0.035,-0.022,0.039,0.018,-0.006,0.068,0.061,-0.000,0.021,0.028,-0.004,0.032,0.049,0.030,0.049,0.036,0.009,0.068
mag,183664,0.016,0.016,0.029,0.038,-0.004,0.028,0.032,-0.015,0.039,0.040,-0.072,0.039,0.051,-0.003,0.035,0.047,-0.008,0.037,0.044,0.015,0.056,0.036,0.014,0.066
mag,183733,0.053,-0.014,0.009,0.043,-0.016,0.048,0.030,-0.012,0.049,0.064,-0.046,0.075,0.008,0.027,0.035,0.025,0.004,0.035,0.015,0.040,0.039,0.043,-0.008,0.061
mag,183801,0.043,0.008,0.043,0.021,-0.019,0.026,0.032,-0.007,0.049,0.006,-0.033,0.075,0.051,0.005,0.028,0.038,0.011,0.042,0.049,0.035,0.036,0.070,0.016,0.049
mag,183877,0.021,-0.001,0.024,0.043,-0.026,0.026,0.032,-0.037,0.044,0.030,-0.016,0.068,0.010,0.017,0.026,0.033,0.004,0.023,0.027,0.015,0.046,0.026,-0.008,0.061
mag,183956,0.038,-0.009,0.046,0.072,-0.011,0.038,0.025,0.010,0.044,0.023,-0.011,0.065,0.039,-0.000,0.021,0.043,0.016,0.032,0.034,0.013,0.034,0.048,0.016,0.071
mag,184034,0.038,0.028,0.026,0.029,0.013,0.023,0.030,-0.002,0.035,0.023,-0.021,0.053,0.029,0.027,0.008,0.052,0.011,0.025,0.019,0.020,0.044,0.057,0.004,0.051
mag,184111,0.045,0.001,0.019,0.036,0.011,0.026,0.032,0.005,0.064,0.042,-0.011,0.053,0.029,-0.022,0.038,0.038,0.001,0.030,0.039,-0.004,0.034,0.026,0.033,0.034
mag,184186,0.036,-0.019,0.026,0.048,-0.007,0.036,0.054,0.010,0.054,0.064,-0.004,0.058,0.037,-0.003,0.026,0.028,-0.001,0.023,0.019,0.003,0.044,0.026,0.021,0.046
mag,184264,0.040,0.006,0.014,0.058,-0.004,0.036,0.057,-0.015,0.052,0.049,-0.004,0.080,0.037,-0.020,0.030,0.033,0.026,0.015,0.019,0.023,0.027,0.050,0.033,0.042
mag,184342,0.014,0.028,0.033,0.033,0.011,0.028,0.047,0.010,0.049,0.030,-0.021,0.068,0.029,-0.003,0.026,0.030,0.011,0.015,0.039,0.030,0.024,0.045,0.021,0.027
mag,184420,0.009,-0.016,0.033,0.038,-0.033,0.048,0.062,0.002,0.032,0.049,-0.033,0.075,-0.002,0.010,0.011,0.033,0.018,0.045,0.049,0.020,0.036,0.038,0.014,0.046
mag,184498,0.021,-0.004,0.021,0.031,-0.014,0.028,0.067,-0.020,0.042,0.047,-0.031,0.065,0.008,0.027,0.006,0.043,-0.004,0.025,0.034,-0.024,0.039,-0.004,0.038,0.061
mag,184576,0.038,0.023,0.016,0.041,-0.014,0.038,0.064,-0.012,0.037,0.049,-0.016,0.075,0.039,0.007,0.023,0.025,0.018,0.013,0.029,0.035,0.027,0.062,0.026,0.059
mag,184654,0.028,-0.011,0.009,0.060,-0.016,0.033,0.059,0.010,0.057,0.064,0.003,0.070,0.003,-0.003,0.016,0.030,0.033,0.040,0.039,0.025,0.049,0.033,0.016,0.051
mag,184766,0.023,0.030,0.014,0.058,-0.011,0.019,0.047,0.015,0.061,0.054,0.008,0.061,0.017,0.041,0.008,0.023,-0.028,0.032,0.015,0.018,0.044,0.045,0.041,0.066
mag,184829,0.048,-0.028,0.026,0.036,0.001,0.036,0.032,0.012,0.039,0.030,-0.002,0.080,0.076,0.019,0.004,0.038,0.009,0.027,0.012,0.003,0.034,0.043,0.026,0.037
mag,184897,0.033,0.006,0.026,0.026,-0.004,0.031,0.054,0.022,0.039,0.049,0.023,0.078,0.020,0.034,0.008,0.045,0.028,0.013,-0.007,-0.014,0.046,0.043,0.053,0.039
mag,184961,0.045,0.006,0.026,0.043,0.025,0.021,0.040,0.005,0.052,0.045,0.018,0.085,0.020,0.014,0.006,0.055,-0.001,0.030,0.037,0.032,0.027,0.028,-0.001,0.034
mag,185031,0.040,-0.011,0.026,0.029,0.003,0.028,0.054,0.007,0.052,0.064,0.030,0.075,-0.002,0.007,0.016,0.001,0.011,0.001,0.037,0.010,0.046,0.009,0.080,0.044
mag,185102,0.045,0.003,0.031,0.036,-0.019,0.031,0.037,-0.007,0.059,0.067,0.003,0.068,0.037,0.032,0.001,0.035,0.014,0.027,0.039,0.015,0.019,0.036,0.036,0.037
mag,185170,0.045,-0.011,0.021,0.046,-0.014,0.033,0.084,0.027,0.049,0.010,0.006,0.090,0.003,0.010,0.026,0.025,0.026,0.023,0.051,-0.004,0.024,0.043,0.033,0.024
mag,185241,0.038,0.035,0.011,0.072,-0.004,0.026,0.057,0.012,0.057,0.059,-0.019,0.058,0.015,0.034,0.008,0.057,0.018,0.013,0.019,0.020,0.022,0.050,0.036,0.034
mag,185304,0.033,0.030,0.024,0.043,-0.004,0.028,0.040,0.022,0.059,0.037,0.057,0.090,0.044,0.010,0.004,0.052,-0.013,0.035,0.032,0.032,0.051,0.050,0.019,0.049
mag,185374,0.038,0.018,0.009,0.060,0.006,0.033,0.069,0.027,0.047,0.054,0.030,0.090,0.051,0.022,-0.006,0.069,0.011,0.018,0.019,0.028,0.029,0.028,0.019,0.029
mag,185453,0.043,0.035,0.011,0.085,-0.007,0.036,0.113,0.059,0.079,0.098,0.025,0.100,0.027,-0.015,0.004,0.033,0.018,0.013,0.054,0.045,0.022,0.026,0.048,0.042
mag,185516,0.045,-0.011,0.026,0.085,0.033,0.043,0.071,0.046,0.066,0.054,0.037,0.095,0.034,0.014,0.006,0.035,0.033,0.008,0.061,0.054,0.027,0.033,0.055,0.044
mag,185594,0.043,0.033,0.031,0.087,0.035,0.055,0.125,0.034,0.066,0.142,0.025,0.134,0.064,0.022,-0.001,0.069,-0.006,0.023,0.063,0.049,0.027,0.077,0.080,0.029
mag,185667,0.097,0.038,0.004,0.102,0.037,0.050,0.133,0.066,0.093,0.140,0.120,0.163,0.029,0.022,-0.009,0.047,0.026,0.018,0.076,0.059,0.009,0.040,0.104,0.032
mag,185729,0.080,0.023,0.014,0.094,0.076,0.040,0.135,0.078,0.105,0.130,0.098,0.170,0.061,0.073,0.006,0.043,0.040,-0.017,0.093,0.059,0.031,0.043,0.097,0.054
mag,185798,0.084,0.023,0.011,0.114,0.030,0.040,0.159,0.083,0.118,0.186,0.140,0.202,0.010,0.022,-0.009,0.065,0.045,0.003,0.085,0.086,0.039,0.072,0.119,0.054
mag,185870,0.092,0.033,0.009,0.138,0.033,0.045,0.181,0.100,0.118,0.189,0.138,0.222,0.064,0.024,-0.006,0.067,0.065,0.010,0.095,0.059,0.039,0.043,0.102,0.054
mag,185953,0.097,0.028,0.026,0.134,0.067,0.045,0.186,0.083,0.132,0.186,0.160,0.256,0.049,0.049,-0.009,0.055,0.055,0.001,0.078,0.074,0.036,0.060,0.116,0.027
mag,186020,0.106,0.062,0.026,0.165,0.062,0.038,0.211,0.117,0.130,0.196,0.167,0.236,0.064,0.051,-0.009,0.082,0.048,0.025,0.085,0.071,-0.003,0.036,0.129,0.044
mag,186094,0.138,0.040,0.016,0.173,0.052,0.040,0.228,0.181,0.127,0.247,0.177,0.268,0.051,0.027,-0.021,0.069,0.055,0.015,0.080,0.091,0.014,0.062,0.107,0.046
mag,186165,0.123,0.023,-0.001,0.146,0.079,0.038,0.220,0.183,0.137,0.218,0.221,0.244,0.078,0.053,-0.011,0.079,0.031,0.003,0.073,0.118,0.027,0.038,0.143,0.049
mag,186246,0.121,0.045,-0.008,0.146,0.084,0.019,0.220,0.181,0.113,0.228,0.260,0.241,0.032,0.066,-0.021,0.045,0.057,-0.004,0.051,0.128,0.007,0.045,0.131,0.037
mag,186323,0.114,0.011,-0.023,0.165,0.069,0.040,0.211,0.190,0.100,0.259,0.279,0.236,0.059,0.041,-0.016,0.055,0.055,-0.009,0.061,0.079,-0.003,0.070,0.131,0.020
mag,186398,0.121,0.028,-0.003,0.165,0.074,0.009,0.245,0.178,0.108,0.237,0.267,0.205,0.044,0.017,-0.036,0.101,0.060,-0.007,0.049,0.120,-0.000,0.045,0.114,0.000
mag,186482,0.102,0.035,0.002,0.158,0.052,0.026,0.252,0.193,0.118,0.294,0.274,0.217,0.054,0.053,-0.006,0.062,0.079,0.001,0.071,0.057,0.012,0.048,0.109,0.022
mag,186558,0.111,0.047,-0.015,0.143,0.067,0.019,0.242,0.156,0.098,0.264,0.279,0.236,0.029,0.024,-0.014,0.067,0.043,-0.004,0.083,0.096,0.007,0.048,0.124,0.029
mag,186638,0.145,0.069,-0.001,0.155,0.081,0.023,0.233,0.178,0.113,0.257,0.272,0.227,0.049,0.061,-0.006,0.086,0.072,-0.009,0.100,0.076,-0.008,0.062,0.153,0.017
mag,186711,0.106,0.025,-0.010,0.165,0.081,0.021,0.255,0.188,0.125,0.294,0.284,0.234,0.047,0.041,0.006,0.057,0.028,-0.002,0.061,0.128,0.005,0.075,0.114,0.017
mag,186773,0.138,0.069,-0.018,0.197,0.081,0.031,0.262,0.178,0.100,0.274,0.338,0.263,0.071,0.017,-0.023,0.033,0.070,-0.002,0.063,0.103,-0.008,0.038,0.129,0.005
mag,186851,0.136,0.069,0.004,0.217,0.113,0.040,0.284,0.205,0.125,0.277,0.352,0.312,0.049,0.039,-0.021,0.045,0.055,-0.009,0.056,0.101,-0.005,0.031,0.163,0.027
mag,186935,0.150,0.050,-0.006,0.221,0.137,0.014,0.321,0.259,0.164,0.313,0.396,0.341,0.059,0.044,-0.023,0.101,0.082,-0.012,0.095,0.118,-0.000,0.079,0.170,0.015
mag,187015,0.126,0.072,0.002,0.246,0.140,0.019,0.347,0.295,0.183,0.342,0.411,0.373,0.064,0.075,-0.016,0.096,0.084,-0.026,0.068,0.150,-0.012,0.062,0.182,0.007
mag,187099,0.209,0.108,0.007,0.238,0.133,0.036,0.338,0.303,0.196,0.318,0.482,0.397,0.054,0.049,-0.009,0.074,0.079,-0.012,0.078,0.142,0.012,0.060,0.146,0.017
mag,187184,0.165,0.101,-0.018,0.270,0.106,0.050,0.369,0.312,0.203,0.357,0.474,0.424,0.061,0.066,-0.016,0.084,0.060,-0.012,0.120,0.118,-0.000,0.065,0.192,0.022
mag,187269,0.187,0.072,-0.006,0.278,0.103,0.033,0.369,0.325,0.191,0.372,0.484,0.422,0.069,0.056,-0.004,0.082,0.104,-0.026,0.085,0.135,0.009,0.038,0.199,-0.007
mag,187344,0.189,0.072,-0.025,0.265,0.120,0.006,0.418,0.366,0.225,0.423,0.570,0.456,0.061,0.061,-0.038,0.082,0.097,-0.019,0.080,0.125,0.005,0.045,0.173,0.034
mag,187427,0.177,0.057,-0.003,0.300,0.130,0.016,0.433,0.369,0.223,0.399,0.584,0.480,0.076,0.053,-0.038,0.067,0.060,-0.029,0.098,0.145,0.002,0.077,0.209,-0.002
mag,187508,0.180,0.084,-0.023,0.282,0.116,0.016,0.428,0.378,0.213,0.413,0.640,0.493,0.081,0.063,-0.026,0.082,0.094,-0.017,0.105,0.164,-0.003,0.053,0.219,-0.002
mag,187591,0.182,0.079,-0.018,0.312,0.130,0.023,0.467,0.361,0.227,0.433,0.623,0.507,0.064,0.066,-0.031,0.096,0.094,-0.038,0.107,0.140,-0.003,0.060,0.207,0.010
mag,187672,0.194,0.104,-0.025,0.282,0.133,0.033,0.430,0.381,0.232,0.421,0.684,0.524,0.093,0.083,-0.018,0.104,0.082,-0.017,0.117,0.181,-0.000,0.067,0.207,0.000
mag,187749,0.192,0.072,-0.023,0.341,0.142,0.040,0.506,0.413,0.247,0.440,0.653,0.568,0.086,0.024,-0.026,0.113,0.099,-0.019,0.083,0.152,-0.010,0.050,0.209,0.012
mag,187833,0.224,0.121,-0.008,0.312,0.162,0.043,0.513,0.430,0.284,0.479,0.706,0.590,0.078,0.061,-0.023,0.130,0.128,-0.024,0.132,0.147,0.005,0.094,0.243,0.000
mag,187914,0.187,0.072,-0.028,0.312,0.152,0.036,0.567,0.452,0.308,0.499,0.753,0.666,0.056,0.073,-0.026,0.104,0.065,-0.021,0.112,0.162,0.009,0.062,0.241,0.015
mag,187986,0.180,0.089,-0.025,0.353,0.157,0.045,0.543,0.449,0.337,0.455,0.763,0.717,0.073,0.095,-0.028,0.099,0.099,-0.019,0.090,0.203,0.005,0.101,0.241,0.020
mag,188059,0.241,0.084,-0.006,0.378,0.155,0.040,0.574,0.486,0.354,0.479,0.794,0.778,0.098,0.063,-0.023,0.111,0.104,-0.024,0.110,0.191,0.014,0.075,0.287,0.042
mag,188137,0.243,0.062,0.007,0.395,0.164,0.065,0.582,0.439,0.425,0.484,0.770,0.866,0.047,0.066,-0.011,0.126,0.099,-0.004,0.115,0.220,0.002,0.036,0.268,0.032
mag,188212,0.272,0.094,-0.028,0.436,0.194,0.106,0.638,0.527,0.506,0.504,0.850,0.998,0.110,0.083,-0.026,0.126,0.106,-0.012,0.117,0.230,0.009,0.079,0.300,0.056
mag,188288,0.292,0.055,-0.018,0.463,0.194,0.126,0.723,0.603,0.620,0.472,0.919,1.193,0.115,0.090,-0.028,0.182,0.155,-0.021,0.112,0.225,0.036,0.084,0.307,0.042
mag,188365,0.331,0.091,0.002,0.563,0.179,0.163,0.775,0.615,0.801,0.433,0.960,1.445,0.110,0.117,-0.014,0.135,0.184,-0.002,0.137,0.274,0.031,0.072,0.331,0.059
mag,188449,0.390,0.086,0.007,0.629,0.220,0.226,0.911,0.735,1.016,0.340,1.048,1.794,0.122,0.119,-0.014,0.191,0.204,0.008,0.154,0.333,0.056,0.050,0.412,0.076
mag,188526,0.412,0.099,-0.008,0.768,0.179,0.226,1.126,0.713,1.272,0.406,1.104,2.329,0.134,0.117,-0.016,0.182,0.204,0.020,0.139,0.369,0.058,0.075,0.453,0.093
mag,188600,0.458,0.050,-0.020,0.829,0.118,0.231,1.529,0.574,1.617,0.655,0.965,3.249,0.203,0.139,-0.033,0.184,0.231,0.008,0.229,0.425,0.095,0.089,0.571,0.147
mag,188671,0.507,0.057,-0.050,0.934,0.074,0.219,1.859,0.422,1.866,0.814,0.692,4.011,0.188,0.151,-0.038,0.248,0.241,0.008,0.290,0.533,0.114,0.094,0.668,0.173
mag,188747,0.480,-0.028,-0.052,0.949,-0.038,0.187,2.110,0.017,2.002,0.960,-0.036,4.636,0.237,0.127,-0.023,0.345,0.258,0.003,0.349,0.560,0.156,0.167,0.795,0.232
mag,188815,0.485,-0.043,-0.086,1.010,-0.170,0.138,2.383,-0.625,2.076,1.102,-1.310,5.078,0.271,0.136,-0.055,0.421,0.304,0.005,0.466,0.745,0.234,0.202,1.030,0.369
mag,188899,0.436,-0.138,-0.106,0.905,-0.322,0.060,2.091,-1.370,1.512,0.938,-2.704,3.662,0.347,0.173,-0.060,0.545,0.314,0.023,0.776,0.985,0.449,0.375,1.498,0.801
mag,188976,0.407,-0.167,-0.106,0.741,-0.414,-0.011,1.495,-1.436,0.933,0.650,-2.616,2.089,0.393,0.105,-0.065,0.690,0.253,0.076,1.077,1.060,0.722,0.499,1.808,1.331
mag,189061,0.304,-0.204,-0.113,0.541,-0.424,-0.072,0.865,-1.257,0.308,0.372,-1.952,0.729,0.427,0.051,-0.055,0.848,0.214,0.142,1.619,0.958,1.259,0.932,2.050,2.732
mag,189141,0.248,-0.189,-0.113,0.419,-0.365,-0.116,0.562,-0.984,0.076,0.230,-1.415,0.258,0.479,0.012,-0.043,0.917,0.082,0.140,1.985,0.643,1.626,1.205,1.584,3.970
mag,189220,0.189,-0.170,-0.120,0.275,-0.356,-0.133,0.301,-0.681,-0.080,0.128,-0.961,-0.005,0.442,-0.022,-0.065,0.941,-0.087,0.140,2.163,-0.163,1.760,1.466,0.063,4.817
mag,189299,0.165,-0.180,-0.098,0.202,-0.290,-0.091,0.233,-0.586,-0.078,0.081,-0.754,-0.052,0.454,-0.042,-0.045,0.926,-0.167,0.167,1.970,-0.480,1.665,1.261,-0.618,4.387
mag,189385,0.148,-0.165,-0.106,0.241,-0.317,-0.116,0.169,-0.574,-0.107,0.064,-0.705,-0.069,0.479,-0.117,-0.053,0.965,-0.253,0.189,2.053,-0.739,1.843,1.022,-1.080,4.566
mag,189473,0.163,-0.182,-0.108,0.212,-0.314,-0.106,0.196,-0.588,-0.102,0.037,-0.734,-0.066,0.513,-0.103,-0.053,0.978,-0.209,0.189,2.009,-0.634,1.838,1.032,-0.955,4.526
mag,189562,0.189,-0.194,-0.101,0.238,-0.339,-0.111,0.223,-0.669,-0.070,0.064,-0.795,-0.054,0.513,-0.059,-0.038,0.982,-0.174,0.220,2.185,-0.488,2.058,0.936,-0.640,4.912
mag,189651,0.219,-0.214,-0.133,0.341,-0.409,-0.121,0.291,-0.852,-0.044,0.028,-0.990,-0.005,0.598,-0.059,-0.011,1.197,-0.096,0.308,2.483,-0.073,2.763,0.382,0.273,5.596
mag,189724,0.292,-0.253,-0.142,0.426,-0.514,-0.106,0.401,-1.152,0.096,-0.060,-1.327,0.136,0.674,0.027,0.008,1.341,0.111,0.406,2.390,0.889,3.286,-0.375,1.701,5.090
mag,189799,0.475,-0.338,-0.159,0.815,-0.820,0.011,0.567,-2.087,0.662,-0.449,-2.135,0.615,0.777,0.156,0.011,1.439,0.551,0.523,1.509,2.264,2.864,-0.943,2.524,2.918
mag,189874,0.797,-0.399,-0.098,1.449,-1.288,0.363,0.633,-3.342,2.149,-1.364,-2.646,1.462,0.764,0.307,0.028,1.229,0.910,0.484,0.586,2.391,1.733,-0.868,2.031,1.301
mag,189937,1.115,-0.478,-0.069,2.126,-1.593,0.822,0.213,-4.387,4.085,-2.331,-2.677,2.009,0.735,0.415,0.013,1.031,1.076,0.357,0.232,2.210,1.093,-0.773,1.698,0.701
mag,190009,1.469,-0.404,0.024,3.146,-1.581,1.698,-0.585,-4.365,7.193,-3.427,-2.182,2.683,0.606,0.444,-0.011,0.743,1.027,0.206,0.090,1.732,0.578,-0.560,1.313,0.332
mag,190074,1.635,-0.265,0.109,3.659,-1.149,2.262,-1.159,-3.032,9.002,-3.864,-1.457,3.068,0.532,0.442,-0.028,0.611,0.924,0.140,-0.005,1.426,0.329,-0.428,1.054,0.186
mag,190147,1.828,0.025,0.190,4.174,-0.007,2.919,-1.994,0.251,10.328,-4.243,-0.087,3.159,0.369,0.451,-0.065,0.399,0.768,0.025,-0.051,1.055,0.132,-0.301,0.781,0.037
mag,190210,1.998,0.304,0.214,4.572,1.195,3.358,-3.022,3.101,9.837,-4.199,0.877,2.604,0.303,0.425,-0.079,0.287,0.673,-0.036,-0.061,0.882,0.019,-0.248,0.661,-0.015
mag,190289,2.143,0.775,0.212,4.379,2.970,3.300,-3.630,5.266,6.814,-3.561,1.566,1.484,0.215,0.344,-0.114,0.216,0.546,-0.082,-0.039,0.648,-0.074,-0.157,0.495,-0.085
mag,190363,2.147,1.080,0.136,3.793,3.992,2.838,-3.473,5.461,4.417,-3.014,1.690,0.810,0.174,0.342,-0.106,0.182,0.487,-0.109,-0.049,0.540,-0.095,-0.152,0.407,-0.093
mag,190448,2.091,1.144,0.141,3.542,4.039,2.672,-3.268,5.254,3.904,-2.824,1.629,0.722,0.191,0.342,-0.116,0.148,0.472,-0.104,-0.034,0.530,-0.093,-0.152,0.409,-0.107
mag,190536,2.199,1.141,0.163,3.818,4.183,2.943,-3.581,5.371,4.275,-2.971,1.627,0.732,0.200,0.329,-0.121,0.140,0.497,-0.119,-0.049,0.562,-0.095,-0.179,0.409,-0.115
mag,190614,2.169,1.078,0.158,4.001,3.980,3.065,-3.644,5.410,4.771,-3.112,1.629,0.861,0.205,0.349,-0.111,0.167,0.509,-0.121,-0.039,0.557,-0.093,-0.174,0.419,-0.095
mag,190691,2.255,0.841,0.199,4.521,3.297,3.454,-3.940,5.478,6.617,-3.537,1.573,1.330,0.274,0.393,-0.111,0.213,0.536,-0.104,-0.081,0.643,-0.064,-0.170,0.490,-0.076
mag,190769,2.179,0.526,0.263,4.616,2.008,3.607,-3.571,4.145,8.662,-3.918,1.212,2.062,0.276,0.381,-0.099,0.255,0.612,-0.043,-0.046,0.757,-0.039,-0.218,0.602,-0.059
mag,190838,2.106,0.304,0.314,4.443,1.134,3.693,-3.232,2.576,9.034,-3.906,0.711,2.321,0.352,0.412,-0.079,0.323,0.700,-0.029,-0.056,0.858,0.046,-0.223,0.644,-0.010
mag,190901,2.091,0.128,0.412,4.262,0.387,3.847,-3.027,0.764,8.675,-3.708,0.116,2.292,0.386,0.464,-0.067,0.318,0.756,0.037,-0.042,1.004,0.132,-0.328,0.673,0.024
mag,190973,2.035,-0.163,0.414,3.827,-0.815,3.634,-2.634,-1.428,7.681,-3.325,-0.651,2.126,0.474,0.483,0.006,0.484,0.946,0.125,-0.098,1.224,0.285,-0.404,0.842,0.103
mag,191038,1.779,-0.373,0.390,3.061,-1.481,2.924,-1.887,-2.454,5.970,-2.780,-1.088,1.862,0.581,0.552,0.047,0.536,1.044,0.308,-0.144,1.373,0.461,-0.509,0.949,0.252
mag,191110,1.520,-0.504,0.300,2.358,-1.657,2.108,-1.193,-2.830,4.410,-2.197,-1.393,1.591,0.652,0.552,0.106,0.721,1.149,0.457,-0.149,1.600,0.776,-0.616,1.088,0.398
mag,191182,1.183,-0.687,0.182,1.586,-1.864,1.286,-0.803,-2.883,2.276,-1.484,-1.515,0.864,0.899,0.578,0.235,1.075,1.344,0.904,-0.276,2.037,1.506,-0.997,1.227,0.742
mag,191250,0.936,-0.712,0.097,1.032,-1.706,0.714,-0.527,-2.251,1.180,-0.969,-1.271,0.419,1.143,0.554,0.428,1.410,1.415,1.475,-0.566,2.134,2.395,-1.312,1.205,1.074
mag,191325,0.727,-0.719,0.011,0.646,-1.503,0.424,-0.368,-1.675,0.550,-0.681,-1.007,0.166,1.404,0.500,0.629,1.734,1.354,2.274,-1.013,1.866,3.261,-1.644,0.907,1.270
mag,191403,0.539,-0.661,-0.015,0.407,-1.217,0.165,-0.287,-1.250,0.188,-0.514,-0.773,-0.005,1.687,0.305,0.912,2.076,0.953,3.179,-1.545,1.216,4.021,-1.901,0.536,1.362
mag,191467,0.409,-0.597,-0.076,0.270,-0.968,0.060,-0.204,-1.001,0.071,-0.341,-0.651,-0.066,1.760,0.068,1.053,2.088,0.265,3.526,-1.658,0.338,4.172,-1.947,0.160,1.397
mag,191537,0.241,-0.460,-0.108,0.116,-0.697,-0.062,-0.126,-0.669,-0.068,-0.224,-0.439,-0.110,1.709,-0.474,1.117,1.803,-0.978,3.514,-1.724,-0.991,3.713,-1.818,-0.413,1.213
mag,191623,0.136,-0.404,-0.128,0.090,-0.519,-0.101,-0.107,-0.530,-0.097,-0.168,-0.370,-0.113,1.489,-0.845,1.070,1.207,-1.656,2.891,-1.445,-1.562,2.512,-1.459,-0.675,0.828
mag,191695,0.126,-0.338,-0.115,0.055,-0.431,-0.116,-0.090,-0.364,-0.095,-0.168,-0.290,-0.127,1.304,-1.035,0.990,0.858,-1.986,2.403,-1.309,-1.660,1.836,-1.254,-0.740,0.593
mag,191777,0.097,-0.299,-0.123,0.036,-0.409,-0.133,-0.046,-0.344,-0.124,-0.092,-0.251,-0.123,1.157,-1.114,0.919,0.716,-1.923,2.037,-1.155,-1.628,1.504,-1.127,-0.721,0.508
mag,191861,0.097,-0.302,-0.140,0.029,-0.361,-0.113,-0.048,-0.364,-0.119,-0.085,-0.260,-0.130,1.094,-1.089,0.777,0.699,-1.896,1.807,-1.067,-1.618,1.384,-1.090,-0.797,0.479
mag,191950,0.116,-0.341,-0.125,0.016,-0.407,-0.113,-0.080,-0.425,-0.109,-0.146,-0.309,-0.132,1.260,-1.072,0.914,0.899,-1.945,2.169,-1.187,-1.657,1.689,-1.224,-0.758,0.562
mag,192040,0.145,-0.392,-0.115,0.029,-0.514,-0.108,-0.099,-0.466,-0.100,-0.153,-0.348,-0.118,1.580,-1.006,1.266,1.039,-1.901,3.074,-1.602,-1.515,2.177,-1.359,-0.655,0.632
mag,192114,0.172,-0.482,-0.115,0.070,-0.612,-0.094,-0.107,-0.549,-0.122,-0.180,-0.375,-0.142,1.824,-0.821,1.549,1.178,-1.566,3.958,-1.956,-1.191,2.602,-1.527,-0.482,0.715
mag,192190,0.260,-0.644,-0.103,0.094,-0.863,-0.055,-0.202,-0.706,-0.075,-0.248,-0.465,-0.115,2.178,-0.384,1.905,1.341,-0.729,4.925,-2.297,-0.541,2.981,-1.630,-0.172,0.725
mag,192254,0.397,-0.758,-0.045,0.102,-1.108,0.021,-0.317,-0.881,-0.019,-0.356,-0.527,-0.098,2.300,0.202,2.049,1.329,0.624,5.284,-2.439,0.289,2.944,-1.617,0.073,0.674
mag,192326,0.556,-0.988,0.043,0.153,-1.486,0.253,-0.485,-1.099,0.091,-0.466,-0.563,-0.066,2.168,0.764,1.920,1.041,1.720,4.625,-2.219,0.958,2.466,-1.461,0.353,0.564
mag,192398,0.841,-1.293,0.221,0.158,-2.048,0.587,-0.727,-1.274,0.227,-0.571,-0.629,-0.059,1.931,1.252,1.710,0.724,2.499,3.733,-1.929,1.346,1.838,-1.266,0.466,0.403
mag,192477,1.378,-1.806,0.680,0.063,-3.002,1.498,-1.225,-1.509,0.454,-0.817,-0.634,-0.025,1.511,1.633,1.251,0.265,2.804,2.357,-1.489,1.439,1.023,-0.975,0.529,0.188
mag,192552,2.260,-2.514,1.535,-0.277,-4.240,3.246,-1.843,-1.543,0.677,-1.008,-0.536,-0.054,1.104,1.662,0.812,0.074,2.487,1.321,-1.111,1.265,0.527,-0.785,0.539,0.051
mag,192615,3.563,-2.892,2.746,-0.809,-5.173,5.790,-2.516,-1.497,0.896,-1.179,-0.453,-0.079,0.781,1.538,0.438,0.021,2.111,0.694,-0.823,1.116,0.251,-0.619,0.495,-0.039
mag,192689,5.875,-2.472,4.770,-1.917,-5.304,11.574,-3.486,-1.147,1.114,-1.376,-0.348,-0.105,0.537,1.260,0.126,-0.004,1.618,0.223,-0.603,0.936,0.044,-0.480,0.448,-0.088
mag,192765,8.148,0.057,6.574,-3.336,-0.483,18.063,-4.225,-0.342,1.170,-1.496,-0.146,-0.176,0.352,0.969,-0.055,-0.004,1.207,-0.026,-0.396,0.770,-0.091,-0.389,0.390,-0.124
mag,192849,9.264,4.476,7.314,-5.504,8.216,18.180,-4.106,0.613,0.652,-1.430,0.074,-0.271,0.235,0.744,-0.138,-0.006,0.878,-0.131,-0.283,0.604,-0.144,-0.299,0.341,-0.137
mag,192927,5.187,6.346,4.379,-3.541,8.751,7.411,-2.985,1.177,0.274,-1.225,0.279,-0.274,0.139,0.544,-0.133,-0.014,0.631,-0.143,-0.169,0.435,-0.144,-0.177,0.256,-0.134
mag,193007,2.831,5.836,2.302,-2.366,6.529,2.951,-2.084,1.230,-0.039,-0.983,0.343,-0.271,0.078,0.434,-0.150,-0.050,0.455,-0.156,-0.151,0.338,-0.135,-0.148,0.204,-0.112
mag,193082,1.496,4.688,1.171,-1.619,4.686,1.269,-1.547,1.077,-0.161,-0.827,0.360,-0.247,0.061,0.361,-0.145,-0.040,0.380,-0.165,-0.105,0.267,-0.147,-0.140,0.180,-0.100
mag,193162,1.085,4.132,0.666,-1.300,3.983,0.714,-1.335,1.016,-0.214,-0.705,0.323,-0.264,0.051,0.288,-0.131,-0.038,0.341,-0.143,-0.117,0.247,-0.132,-0.128,0.175,-0.127
mag,193246,1.093,4.159,0.690,-1.346,4.000,0.734,-1.374,1.025,-0.197,-0.744,0.335,-0.269,0.020,0.351,-0.114,-0.043,0.358,-0.131,-0.110,0.259,-0.115,-0.099,0.177,-0.120
mag,193335,1.144,4.230,0.929,-1.436,3.978,0.946,-1.420,1.011,-0.136,-0.732,0.323,-0.240,0.022,0.303,-0.133,-0.028,0.370,-0.119,-0.115,0.218,-0.127,-0.091,0.168,-0.100
mag,193424,1.317,4.684,1.559,-1.746,4.259,1.454,-1.498,0.984,-0.088,-0.805,0.340,-0.230,0.034,0.376,-0.128,-0.023,0.389,-0.146,-0.117,0.299,-0.115,-0.106,0.190,-0.095
mag,193500,2.023,5.758,3.180,-2.696,5.045,2.853,-1.779,0.920,0.071,-0.861,0.279,-0.215,0.098,0.464,-0.101,-0.021,0.472,-0.114,-0.156,0.318,-0.108,-0.131,0.180,-0.085
mag,193585,2.162,5.973,5.387,-3.538,4.549,4.079,-1.869,0.666,0.176,-0.839,0.191,-0.162,0.076,0.537,-0.092,-0.128,0.568,-0.082,-0.198,0.357,-0.103,-0.167,0.241,-0.090
mag,193658,2.570,5.416,7.997,-4.447,3.678,5.436,-1.960,0.461,0.242,-0.868,0.140,-0.147,0.117,0.659,-0.050,-0.104,0.675,-0.070,-0.220,0.411,-0.074,-0.226,0.221,-0.093
mag,193738,2.777,3.216,9.677,-4.796,1.944,6.200,-1.943,0.144,0.340,-0.881,0.015,-0.115,0.127,0.830,-0.004,-0.170,0.807,-0.012,-0.266,0.452,-0.064,-0.257,0.253,-0.093
mag,193826,1.215,1.065,10.229,-4.600,0.452,4.894,-1.664,0.007,0.208,-0.759,-0.031,-0.113,0.088,0.976,0.077,-0.238,0.910,0.037,-0.354,0.445,-0.061,-0.250,0.224,-0.085
mag,193911,-0.065,-2.001,9.330,-4.058,-0.995,3.498,-1.401,-0.252,0.096,-0.632,-0.109,-0.130,0.059,1.208,0.223,-0.382,1.036,0.120,-0.442,0.447,-0.049,-0.333,0.202,-0.085
mag,193974,-0.245,-3.742,6.225,-3.096,-1.816,2.431,-1.176,-0.366,0.047,-0.546,-0.187,-0.140,0.027,1.567,0.524,-0.614,1.273,0.313,-0.576,0.447,0.019,-0.392,0.197,-0.085
mag,194045,-0.201,-3.468,3.671,-2.095,-1.860,1.593,-0.964,-0.469,0.047,-0.490,-0.175,-0.113,-0.024,1.826,0.965,-0.797,1.383,0.587,-0.667,0.474,0.068,-0.389,0.177,-0.059
mag,194112,-0.067,-2.885,2.084,-1.419,-1.691,0.988,-0.844,-0.498,0.044,-0.449,-0.236,-0.101,-0.029,2.055,1.544,-1.076,1.483,0.984,-0.796,0.440,0.149,-0.436,0.165,-0.027
mag,194189,-0.062,-2.233,1.095,-0.943,-1.447,0.519,-0.632,-0.469,-0.022,-0.358,-0.216,-0.088,-0.134,2.219,2.486,-1.456,1.473,1.409,-0.894,0.352,0.193,-0.497,0.116,-0.027
mag,194270,0.014,-1.632,0.434,-0.604,-1.193,0.221,-0.522,-0.488,-0.073,-0.292,-0.231,-0.123,-0.171,2.024,3.868,-1.876,1.249,2.073,-1.077,0.235,0.261,-0.558,0.070,-0.007
mag,194355,0.006,-1.159,0.112,-0.355,-0.881,0.045,-0.351,-0.386,-0.105,-0.236,-0.214,-0.125,-0.259,0.937,4.974,-2.228,0.541,2.554,-1.150,0.059,0.288,-0.555,-0.008,-0.010
mag,194446,-0.018,-0.817,-0.032,-0.225,-0.646,-0.052,-0.234,-0.298,-0.100,-0.153,-0.226,-0.113,-0.464,-0.540,4.757,-2.125,-0.326,2.371,-1.101,-0.156,0.283,-0.575,-0.062,-0.002
mag,194533,-0.001,-0.609,-0.079,-0.157,-0.483,-0.082,-0.156,-0.256,-0.102,-0.099,-0.146,-0.113,-0.657,-1.377,3.788,-1.732,-0.790,1.739,-0.923,-0.253,0.195,-0.497,-0.130,-0.010
mag,194615,-0.040,-0.478,-0.089,-0.130,-0.373,-0.096,-0.163,-0.230,-0.100,-0.097,-0.129,-0.101,-0.686,-1.660,2.735,-1.393,-0.985,1.255,-0.767,-0.334,0.141,-0.460,-0.133,-0.037
mag,194704,-0.011,-0.404,-0.093,-0.086,-0.304,-0.091,-0.124,-0.193,-0.095,-0.077,-0.126,-0.081,-0.635,-1.631,2.128,-1.159,-0.975,0.997,-0.676,-0.341,0.119,-0.384,-0.155,-0.046
mag,194794,-0.035,-0.358,-0.101,-0.089,-0.300,-0.118,-0.112,-0.181,-0.097,-0.073,-0.099,-0.093,-0.608,-1.602,1.756,-1.019,-0.926,0.806,-0.610,-0.339,0.083,-0.387,-0.177,-0.017
mag,194883,-0.045,-0.346,-0.091,-0.079,-0.256,-0.084,-0.112,-0.166,-0.095,-0.092,-0.119,-0.093,-0.652,-1.568,1.608,-1.027,-0.931,0.696,-0.581,-0.322,0.073,-0.358,-0.162,-0.041
mag,194960,-0.018,-0.333,-0.076,-0.081,-0.268,-0.106,-0.102,-0.171,-0.078,-0.085,-0.089,-0.069,-0.666,-1.514,1.554,-0.978,-0.902,0.684,-0.586,-0.292,0.049,-0.353,-0.164,-0.049
mag,195049,-0.043,-0.373,-0.091,-0.101,-0.324,-0.091,-0.112,-0.181,-0.083,-0.053,-0.116,-0.076,-0.700,-1.548,1.866,-1.088,-0.890,0.809,-0.635,-0.300,0.088,-0.323,-0.162,-0.046
mag,195137,-0.055,-0.421,-0.103,-0.135,-0.383,-0.104,-0.104,-0.178,-0.109,-0.070,-0.136,-0.091,-0.976,-1.524,2.381,-1.356,-0.821,0.928,-0.693,-0.275,0.083,-0.370,-0.150,-0.039
mag,195222,-0.108,-0.575,-0.062,-0.181,-0.417,-0.094,-0.178,-0.232,-0.107,-0.129,-0.146,-0.101,-1.313,-1.157,3.129,-1.640,-0.590,1.138,-0.730,-0.195,0.085,-0.421,-0.098,-0.049
mag,195305,-0.094,-0.678,-0.045,-0.213,-0.497,-0.091,-0.212,-0.261,-0.112,-0.158,-0.119,-0.103,-1.450,-0.803,3.744,-1.830,-0.421,1.331,-0.825,-0.160,0.112,-0.419,-0.076,-0.059
mag,195384,-0.084,-0.866,0.011,-0.311,-0.617,-0.069,-0.236,-0.266,-0.102,-0.178,-0.126,-0.096,-1.494,-0.017,4.095,-1.979,-0.065,1.441,-0.845,-0.070,0.093,-0.406,-0.042,-0.049
mag,195462,-0.270,-1.244,0.177,-0.511,-0.751,-0.006,-0.324,-0.293,-0.127,-0.158,-0.143,-0.125,-1.650,1.323,3.592,-1.867,0.519,1.155,-0.786,0.071,0.066,-0.421,0.004,-0.056
mag,195540,-0.433,-1.540,0.334,-0.616,-0.844,0.028,-0.366,-0.271,-0.119,-0.239,-0.165,-0.110,-1.548,1.719,2.626,-1.618,0.712,0.828,-0.701,0.115,0.022,-0.372,0.046,-0.078
mag,195628,-0.887,-1.959,0.639,-0.882,-0.871,0.070,-0.427,-0.254,-0.131,-0.224,-0.119,-0.132,-1.345,1.821,1.637,-1.334,0.778,0.447,-0.591,0.179,-0.034,-0.309,0.046,-0.085
mag,195718,-1.654,-2.313,0.983,-1.195,-0.793,0.014,-0.458,-0.222,-0.158,-0.258,-0.107,-0.147,-1.067,1.667,0.807,-1.063,0.741,0.157,-0.471,0.147,-0.083,-0.267,0.063,-0.071
mag,195790,-2.601,-2.252,1.381,-1.356,-0.619,0.011,-0.453,-0.164,-0.190,-0.256,-0.065,-0.149,-0.798,1.272,0.336,-0.736,0.592,-0.017,-0.371,0.154,-0.100,-0.204,0.051,-0.090
mag,195869,-3.473,-1.593,1.381,-1.383,-0.426,-0.079,-0.427,-0.110,-0.175,-0.229,-0.109,-0.162,-0.564,0.937,0.045,-0.556,0.468,-0.114,-0.325,0.142,-0.093,-0.174,0.077,-0.095
mag,195950,-3.636,-0.551,0.871,-1.258,-0.119,-0.201,-0.375,-0.076,-0.197,-0.197,-0.055,-0.149,-0.405,0.693,-0.097,-0.380,0.375,-0.129,-0.232,0.123,-0.103,-0.148,0.033,-0.098
mag,196034,-3.009,0.301,0.505,-1.092,0.054,-0.211,-0.336,-0.046,-0.166,-0.207,-0.016,-0.140,-0.249,0.481,-0.109,-0.265,0.265,-0.141,-0.139,0.091,-0.120,-0.106,0.048,-0.073
mag,196123,-2.403,0.724,0.087,-0.907,0.181,-0.250,-0.312,0.012,-0.190,-0.121,-0.006,-0.135,-0.176,0.342,-0.131,-0.192,0.204,-0.131,-0.164,0.089,-0.115,-0.096,0.021,-0.071
mag,196201,-1.935,0.790,-0.140,-0.802,0.177,-0.292,-0.263,0.024,-0.183,-0.131,-0.021,-0.120,-0.166,0.276,-0.133,-0.119,0.201,-0.129,-0.073,0.098,-0.100,-0.079,0.011,-0.066
mag,196291,-1.566,0.719,-0.267,-0.638,0.252,-0.296,-0.195,0.029,-0.183,-0.109,0.011,-0.125,-0.129,0.246,-0.145,-0.143,0.150,-0.134,-0.073,0.054,-0.086,-0.077,0.038,-0.061
mag,196379,-1.376,0.682,-0.321,-0.601,0.218,-0.289,-0.236,0.015,-0.185,-0.143,0.020,-0.125,-0.132,0.222,-0.123,-0.116,0.131,-0.119,-0.095,0.052,-0.071,-0.030,0.060,-0.061
mag,196468,-1.441,0.733,-0.299,-0.653,0.223,-0.287,-0.229,0.039,-0.166,-0.129,-0.004,-0.113,-0.122,0.224,-0.121,-0.136,0.126,-0.129,-0.076,0.084,-0.088,-0.074,0.041,-0.071
mag,196557,-1.683,0.824,-0.206,-0.723,0.269,-0.284,-0.239,0.029,-0.173,-0.131,0.025,-0.120,-0.122,0.266,-0.131,-0.165,0.165,-0.129,-0.086,0.059,-0.091,-0.082,0.043,-0.068
mag,196645,-2.389,0.987,0.090,-0.963,0.235,-0.265,-0.297,0.046,-0.212,-0.170,0.033,-0.140,-0.159,0.354,-0.123,-0.175,0.197,-0.126,-0.107,0.086,-0.103,-0.111,0.036,-0.076
mag,196722,-3.490,0.960,0.903,-1.295,0.235,-0.162,-0.422,0.007,-0.200,-0.202,0.001,-0.142,-0.195,0.471,-0.128,-0.241,0.316,-0.129,-0.159,0.089,-0.103,-0.106,0.075,-0.068
mag,196811,-4.623,-0.253,2.450,-1.754,-0.053,0.021,-0.524,-0.054,-0.188,-0.236,-0.043,-0.140,-0.339,0.747,-0.023,-0.390,0.424,-0.107,-0.244,0.162,-0.117,-0.150,0.090,-0.068
mag,196895,-4.046,-2.196,2.712,-1.807,-0.539,0.128,-0.534,-0.139,-0.188,-0.256,-0.070,-0.142,-0.493,1.120,0.145,-0.604,0.631,-0.046,-0.313,0.132,-0.110,-0.206,0.099,-0.093
mag,196979,-2.655,-3.009,1.803,-1.536,-0.893,0.067,-0.505,-0.220,-0.190,-0.270,-0.063,-0.159,-0.849,1.606,0.521,-0.900,0.765,0.064,-0.449,0.194,-0.108,-0.245,0.114,-0.100
mag,197054,-1.571,-2.982,0.981,-1.263,-1.020,-0.003,-0.478,-0.278,-0.188,-0.292,-0.131,-0.171,-1.279,2.292,1.161,-1.264,0.993,0.220,-0.537,0.203,-0.120,-0.326,0.085,-0.134
mag,197139,-0.521,-2.130,0.204,-0.809,-1.091,-0.128,-0.422,-0.332,-0.200,-0.234,-0.163,-0.154,-1.919,3.186,3.639,-2.267,1.220,0.948,-0.869,0.201,-0.071,-0.421,0.033,-0.129
mag,197219,-0.152,-1.283,-0.145,-0.430,-0.881,-0.204,-0.309,-0.327,-0.219,-0.212,-0.238,-0.169,-2.007,2.041,7.609,-3.478,0.639,2.232,-1.145,0.003,0.022,-0.541,-0.020,-0.115
mag,197309,0.001,-0.763,-0.208,-0.211,-0.627,-0.226,-0.226,-0.291,-0.195,-0.104,-0.185,-0.164,-0.718,-1.875,8.397,-3.676,-1.041,3.148,-1.367,-0.246,0.112,-0.599,-0.103,-0.139
mag,197397,-0.021,-0.543,-0.235,-0.118,-0.463,-0.226,-0.148,-0.271,-0.188,-0.126,-0.155,-0.167,-0.244,-4.024,6.102,-3.060,-2.162,2.571,-1.257,-0.505,0.034,-0.594,-0.194,-0.154
mag,197486,-0.040,-0.460,-0.225,-0.108,-0.405,-0.216,-0.121,-0.276,-0.188,-0.092,-0.173,-0.162,0.474,-4.038,4.718,-2.509,-2.714,2.603,-1.314,-0.651,0.090,-0.641,-0.233,-0.127
mag,197575,-0.008,-0.470,-0.242,-0.089,-0.453,-0.235,-0.148,-0.254,-0.205,-0.058,-0.160,-0.157,1.077,-4.109,4.437,-2.423,-3.148,3.072,-1.484,-0.781,0.151,-0.712,-0.311,-0.144
mag,197663,0.053,-0.607,-0.262,-0.089,-0.612,-0.248,-0.151,-0.339,-0.214,-0.141,-0.214,-0.188,2.322,-3.653,7.147,-3.568,-3.024,5.494,-1.929,-0.681,0.349,-0.890,-0.203,-0.124
mag,197752,0.123,-0.919,-0.264,-0.162,-0.885,-0.277,-0.224,-0.493,-0.275,-0.187,-0.248,-0.218,3.501,-0.454,8.985,-4.259,-0.433,7.801,-2.307,-0.275,0.527,-0.936,-0.091,-0.105
mag,197825,0.219,-1.303,-0.211,-0.299,-1.247,-0.235,-0.392,-0.596,-0.246,-0.261,-0.295,-0.240,3.316,2.246,8.107,-3.986,2.123,7.166,-2.278,0.213,0.527,-0.956,0.026,-0.098
mag,197905,0.414,-2.001,-0.006,-0.555,-1.926,-0.030,-0.612,-0.742,-0.280,-0.361,-0.295,-0.240,2.410,3.930,5.316,-2.902,3.766,4.866,-1.973,0.589,0.427,-0.870,0.146,-0.073
mag,197988,1.063,-3.322,0.707,-1.075,-3.298,0.697,-1.005,-1.006,-0.190,-0.554,-0.380,-0.257,1.572,3.489,2.347,-1.466,3.773,2.476,-1.580,0.902,0.290,-0.792,0.300,-0.107
mag,198063,2.367,-4.552,1.884,-1.793,-5.112,2.218,-1.586,-1.243,-0.073,-0.746,-0.429,-0.279,1.148,2.666,1.058,-0.722,3.197,1.248,-1.277,1.053,0.144,-0.692,0.358,-0.120
mag,198126,4.149,-5.192,3.254,-2.733,-7.216,5.116,-2.221,-1.365,0.052,-0.922,-0.431,-0.303,0.864,2.104,0.470,-0.343,2.631,0.628,-1.033,1.087,0.053,-0.641,0.400,-0.137
mag,198199,7.162,-4.201,5.734,-4.056,-7.880,12.887,-3.337,-1.243,0.476,-1.240,-0.351,-0.298,0.576,1.474,0.099,-0.106,1.837,0.171,-0.671,0.960,-0.061,-0.526,0.409,-0.146
mag,198268,8.705,-0.675,6.706,-3.797,-2.201,19.550,-4.306,-0.603,0.977,-1.476,-0.197,-0.228,0.440,1.054,-0.045,-0.026,1.317,-0.012,-0.471,0.826,-0.100,-0.365,0.412,-0.151
mag,198349,6.784,2.899,4.599,-1.146,6.785,15.453,-4.511,0.884,1.397,-1.660,0.103,-0.145,0.261,0.698,-0.094,0.025,0.846,-0.097,-0.315,0.616,-0.110,-0.250,0.361,-0.122
mag,198438,4.467,3.541,2.309,0.322,8.214,8.114,-3.906,1.975,1.221,-1.662,0.457,-0.127,0.178,0.476,-0.128,0.035,0.619,-0.102,-0.169,0.472,-0.120,-0.201,0.295,-0.142
mag,198523,2.946,3.397,1.037,0.268,6.849,3.524,-2.880,2.217,0.555,-1.428,0.601,-0.215,0.127,0.388,-0.119,0.011,0.475,-0.131,-0.115,0.369,-0.125,-0.148,0.278,-0.129
mag,198598,2.140,2.989,0.517,0.241,5.477,1.894,-2.260,2.141,0.262,-1.274,0.682,-0.250,0.100,0.310,-0.109,0.006,0.407,-0.126,-0.100,0.320,-0.127,-0.133,0.212,-0.120
mag,198687,2.055,2.945,0.344,0.278,5.389,1.515,-2.160,2.148,0.135,-1.215,0.665,-0.269,0.103,0.322,-0.136,-0.001,0.404,-0.126,-0.076,0.333,-0.137,-0.126,0.214,-0.127
mag,198776,2.233,3.109,0.500,0.236,5.799,1.977,-2.328,2.148,0.220,-1.274,0.658,-0.274,0.105,0.342,-0.116,0.008,0.397,-0.139,-0.093,0.350,-0.142,-0.104,0.204,-0.129
mag,198865,2.970,3.465,0.969,0.304,7.181,3.607,-2.907,2.268,0.520,-1.430,0.609,-0.242,0.122,0.407,-0.133,0.055,0.482,-0.141,-0.122,0.421,-0.122,-0.177,0.231,-0.129
mag,198951,4.567,3.565,1.965,0.778,9.078,8.019,-4.108,2.217,1.194,-1.694,0.460,-0.169,0.191,0.473,-0.143,0.025,0.609,-0.148,-0.215,0.506,-0.115,-0.211,0.309,-0.137
mag,199034,5.294,2.870,2.883,1.003,7.625,11.620,-4.616,1.648,1.858,-1.813,0.318,-0.042,0.242,0.549,-0.099,0.043,0.736,-0.092,-0.210,0.638,-0.108,-0.277,0.361,-0.110
mag,199125,6.415,0.533,3.088,3.202,1.341,18.002,-5.912,-0.037,2.864,-2.097,-0.104,-0.015,0.401,0.810,-0.079,0.111,1.078,-0.014,-0.381,0.840,-0.064,-0.389,0.473,-0.115
mag,199189,5.434,-0.910,2.299,4.001,-4.023,14.530,-5.690,-1.509,3.179,-2.165,-0.439,0.046,0.513,0.957,-0.040,0.226,1.408,0.106,-0.459,1.148,0.017,-0.470,0.568,-0.093
mag,199262,3.383,-1.286,1.235,3.127,-4.455,6.942,-4.067,-2.671,3.345,-2.062,-0.768,0.319,0.725,0.976,0.101,0.467,1.647,0.396,-0.610,1.446,0.312,-0.629,0.741,0.032
mag,199327,1.984,-1.139,0.556,1.962,-3.373,2.794,-2.184,-2.959,2.393,-1.672,-1.117,0.400,0.991,0.928,0.311,0.846,1.886,0.943,-0.796,1.900,0.923,-0.951,0.947,0.286
mag,199404,1.068,-0.868,0.175,1.005,-2.009,0.900,-0.768,-2.295,1.155,-1.047,-1.181,0.319,1.221,0.730,0.477,1.393,1.722,1.656,-0.857,2.178,2.214,-1.346,1.093,0.835
mag,199479,0.653,-0.644,0.038,0.578,-1.291,0.382,-0.312,-1.594,0.547,-0.639,-1.020,0.219,1.279,0.412,0.580,1.720,1.071,2.051,-0.745,1.649,3.320,-1.590,0.925,1.455
mag,199552,0.394,-0.460,-0.030,0.368,-0.839,0.114,-0.075,-1.050,0.213,-0.319,-0.758,0.070,1.240,0.068,0.550,1.747,0.211,2.032,-0.422,0.511,3.938,-1.681,0.363,2.014
mag,199623,0.233,-0.326,-0.052,0.234,-0.575,-0.021,-0.012,-0.689,0.049,-0.160,-0.585,-0.003,1.026,-0.181,0.428,1.410,-0.441,1.500,0.041,-0.781,3.318,-1.412,-0.496,2.170
mag,199687,0.180,-0.304,-0.062,0.124,-0.429,-0.030,0.035,-0.486,-0.012,-0.104,-0.463,-0.022,0.777,-0.293,0.348,1.085,-0.641,1.085,0.142,-1.157,2.322,-1.026,-0.838,1.797
mag,199764,0.136,-0.209,-0.054,0.155,-0.292,-0.043,0.018,-0.425,-0.012,-0.070,-0.373,-0.027,0.625,-0.315,0.248,0.773,-0.670,0.743,0.210,-1.161,1.596,-0.658,-0.972,1.353
mag,199850,0.082,-0.199,-0.040,0.102,-0.258,-0.047,-0.009,-0.322,-0.031,-0.060,-0.307,-0.069,0.501,-0.344,0.209,0.636,-0.643,0.535,0.178,-1.083,1.128,-0.463,-0.987,1.035
mag,199936,0.087,-0.180,-0.052,0.107,-0.265,-0.035,0.010,-0.330,-0.024,-0.041,-0.270,-0.049,0.513,-0.366,0.194,0.638,-0.680,0.565,0.163,-1.139,1.145,-0.524,-0.972,1.023
mag,200015,0.121,-0.163,-0.072,0.119,-0.275,-0.038,0.006,-0.342,-0.039,-0.068,-0.304,-0.037,0.557,-0.364,0.216,0.716,-0.658,0.650,0.171,-1.108,1.340,-0.570,-0.960,1.152
mag,200088,0.136,-0.224,-0.054,0.075,-0.319,-0.035,0.015,-0.386,-0.009,-0.073,-0.387,-0.027,0.625,-0.310,0.233,0.794,-0.641,0.765,0.190,-1.113,1.611,-0.658,-0.931,1.401
mag,200169,0.167,-0.253,-0.035,0.153,-0.392,-0.011,0.030,-0.510,0.039,-0.104,-0.492,0.029,0.735,-0.247,0.299,0.956,-0.521,0.941,0.342,-0.932,2.180,-0.843,-0.718,1.863
mag,200241,0.233,-0.304,-0.018,0.246,-0.509,0.040,0.028,-0.679,0.135,-0.151,-0.636,0.102,0.747,-0.098,0.321,1.129,-0.192,1.043,0.461,-0.370,2.614,-0.873,-0.245,2.241
mag,200304,0.333,-0.292,-0.015,0.334,-0.568,0.097,0.152,-0.879,0.276,-0.185,-0.807,0.239,0.696,0.007,0.260,1.183,0.040,0.941,0.618,0.215,2.654,-0.809,0.319,2.439
mag,200379,0.380,-0.314,0.021,0.541,-0.636,0.206,0.284,-1.147,0.581,-0.273,-1.166,0.539,0.650,0.107,0.189,1.083,0.321,0.716,0.754,0.845,2.231,-0.592,0.969,2.236
mag,200449,0.507,-0.287,0.014,0.766,-0.693,0.285,0.567,-1.494,1.099,-0.412,-1.584,1.093,0.593,0.168,0.101,0.946,0.487,0.501,0.774,1.214,1.640,-0.365,1.359,1.738
mag,200518,0.580,-0.224,0.002,1.020,-0.617,0.416,0.960,-1.670,1.883,-0.549,-1.916,2.084,0.474,0.215,0.050,0.731,0.504,0.320,0.625,1.238,1.037,-0.182,1.359,1.108
mag,200589,0.727,-0.141,0.046,1.364,-0.448,0.580,1.575,-1.570,3.250,-0.983,-1.816,3.808,0.391,0.195,0.004,0.565,0.509,0.186,0.422,1.126,0.564,-0.113,1.200,0.613
mag,200652,0.739,-0.077,0.033,1.569,-0.231,0.568,2.095,-0.833,3.933,-1.042,-1.137,5.087,0.347,0.215,-0.009,0.423,0.460,0.096,0.347,0.948,0.346,-0.030,1.056,0.354
mag,200728,0.802,-0.006,-0.015,1.645,-0.048,0.499,2.842,0.027,4.605,-1.254,-0.124,6.721,0.296,0.207,-0.048,0.387,0.411,0.020,0.295,0.843,0.163,-0.021,0.942,0.188
mag,200818,0.700,0.052,-0.072,1.569,0.223,0.331,3.287,1.499,4.183,-0.844,2.225,7.497,0.254,0.163,-0.067,0.311,0.348,-0.031,0.210,0.660,0.039,0.004,0.749,0.056
mag,200906,0.661,0.116,-0.086,1.440,0.362,0.170,3.074,2.371,3.133,-0.344,4.105,6.362,0.176,0.146,-0.075,0.191,0.331,-0.075,0.190,0.550,-0.037,0.021,0.590,-0.024
mag,200994,0.617,0.157,-0.155,1.347,0.465,0.033,2.916,2.969,2.220,-0.099,5.474,5.134,0.176,0.129,-0.094,0.179,0.245,-0.090,0.168,0.455,-0.088,-0.004,0.507,-0.085
mag,201077,0.565,0.204,-0.177,1.178,0.523,-0.074,2.488,3.018,1.446,0.096,5.514,3.608,0.149,0.168,-0.087,0.201,0.258,-0.112,0.134,0.401,-0.095,0.018,0.431,-0.085
mag,201159,0.517,0.189,-0.208,1.122,0.521,-0.126,2.501,3.044,1.160,0.147,5.755,3.178,0.130,0.124,-0.094,0.152,0.241,-0.092,0.144,0.384,-0.093,0.018,0.446,-0.107
mag,201248,0.512,0.165,-0.177,1.139,0.545,-0.116,2.469,2.949,1.282,0.223,5.557,3.374,0.120,0.161,-0.099,0.165,0.253,-0.100,0.115,0.399,-0.105,0.021,0.419,-0.102
mag,201336,0.553,0.155,-0.155,1.161,0.435,-0.040,2.608,2.700,1.575,0.416,5.274,4.201,0.125,0.132,-0.079,0.213,0.250,-0.097,0.154,0.428,-0.083,0.053,0.468,-0.088
mag,201419,0.517,0.106,-0.111,1.120,0.308,0.038,2.779,1.846,1.988,1.048,3.922,5.466,0.159,0.151,-0.070,0.221,0.226,-0.053,0.181,0.452,-0.044,0.077,0.544,-0.041
mag,201502,0.521,0.040,-0.101,1.066,0.098,0.089,2.747,0.745,2.061,1.688,1.693,6.142,0.215,0.149,-0.065,0.272,0.241,-0.029,0.310,0.550,0.024,0.119,0.729,0.056
mag,201592,0.492,-0.016,-0.072,0.968,-0.070,0.111,2.405,-0.000,1.941,1.512,-0.050,5.310,0.244,0.122,-0.050,0.318,0.270,-0.017,0.373,0.621,0.129,0.167,0.856,0.225
mag,201664,0.416,-0.045,-0.059,0.812,-0.180,0.106,1.844,-0.574,1.433,1.312,-1.276,3.676,0.264,0.102,-0.038,0.367,0.265,0.015,0.510,0.660,0.261,0.270,1.030,0.430
mag,201743,0.353,-0.102,-0.050,0.663,-0.256,0.070,1.331,-0.784,0.933,1.004,-1.581,2.238,0.276,0.100,-0.038,0.477,0.236,0.045,0.662,0.657,0.412,0.468,1.125,0.740
mag,201822,0.297,-0.082,-0.052,0.505,-0.282,0.033,0.921,-0.769,0.530,0.667,-1.327,1.193,0.298,0.046,-0.031,0.470,0.165,0.093,0.815,0.591,0.561,0.653,1.000,1.121
mag,201906,0.202,-0.104,-0.069,0.361,-0.253,0.004,0.560,-0.649,0.262,0.423,-1.083,0.563,0.288,0.044,0.013,0.582,0.060,0.135,0.974,0.384,0.725,0.907,0.761,1.672
mag,201986,0.182,-0.102,-0.064,0.275,-0.258,-0.033,0.377,-0.552,0.103,0.233,-0.817,0.251,0.330,0.007,0.006,0.585,-0.016,0.132,1.055,0.089,0.835,0.941,0.290,1.995
mag,202063,0.158,-0.131,-0.052,0.221,-0.241,-0.050,0.247,-0.454,0.015,0.125,-0.614,0.095,0.318,-0.071,0.001,0.587,-0.113,0.145,1.057,-0.246,0.884,0.951,-0.264,2.085
mag,202149,0.121,-0.087,-0.062,0.151,-0.207,-0.047,0.130,-0.317,-0.022,0.054,-0.409,-0.013,0.269,-0.098,-0.014,0.514,-0.155,0.106,0.857,-0.436,0.610,0.744,-0.782,1.460
mag,202227,0.092,-0.094,-0.057,0.080,-0.119,-0.040,0.123,-0.227,-0.039,0.067,-0.312,-0.018,0.191,-0.108,-0.004,0.406,-0.245,0.052,0.635,-0.490,0.361,0.582,-0.804,0.923
mag,202310,0.060,-0.104,-0.050,0.097,-0.146,-0.062,0.074,-0.215,-0.056,0.064,-0.275,-0.030,0.178,-0.098,-0.004,0.323,-0.201,0.037,0.544,-0.451,0.305,0.480,-0.772,0.728
mag,202384,0.050,-0.092,-0.062,0.092,-0.136,-0.060,0.101,-0.208,-0.029,0.067,-0.243,-0.037,0.205,-0.132,-0.023,0.304,-0.182,0.047,0.510,-0.427,0.271,0.485,-0.687,0.667
mag,202470,0.058,-0.106,-0.045,0.063,-0.102,-0.067,0.101,-0.164,-0.058,0.113,-0.246,-0.035,0.147,-0.100,-0.031,0.274,-0.214,0.032,0.471,-0.400,0.254,0.514,-0.706,0.608
mag,202560,0.045,-0.116,-0.045,0.033,-0.126,-0.047,0.096,-0.230,-0.048,0.067,-0.258,-0.037,0.208,-0.091,-0.023,0.296,-0.138,0.037,0.474,-0.361,0.210,0.516,-0.638,0.591
mag,202637,0.060,-0.075,-0.040,0.097,-0.109,-0.057,0.111,-0.222,-0.034,0.084,-0.275,-0.015,0.178,-0.039,-0.045,0.260,-0.177,0.030,0.491,-0.324,0.244,0.538,-0.584,0.623
mag,202721,0.084,-0.072,-0.040,0.099,-0.109,-0.028,0.135,-0.186,-0.014,0.150,-0.307,-0.010,0.154,-0.044,-0.038,0.289,-0.113,0.047,0.547,-0.275,0.273,0.668,-0.452,0.713
mag,202801,0.119,-0.080,-0.057,0.124,-0.138,-0.030,0.174,-0.256,-0.024,0.198,-0.392,0.029,0.205,-0.049,-0.031,0.333,-0.104,0.023,0.605,-0.175,0.332,0.827,-0.330,0.901
mag,202880,0.099,-0.089,-0.059,0.199,-0.190,-0.057,0.281,-0.366,0.022,0.228,-0.546,0.109,0.252,-0.015,-0.036,0.406,-0.026,0.042,0.842,-0.073,0.459,1.061,-0.052,1.321
mag,202956,0.202,-0.080,-0.059,0.300,-0.214,-0.025,0.511,-0.562,0.130,0.423,-0.937,0.361,0.327,0.010,-0.014,0.516,0.028,0.081,1.016,0.250,0.593,1.127,0.612,1.585
mag,203045,0.282,-0.097,-0.079,0.500,-0.285,-0.052,0.943,-0.879,0.376,0.760,-1.659,1.057,0.322,0.058,-0.043,0.592,0.155,0.049,1.067,0.606,0.603,0.900,1.369,1.453
mag,203121,0.380,-0.060,-0.091,0.729,-0.275,-0.016,1.600,-0.972,0.838,1.365,-2.145,2.526,0.300,0.071,-0.050,0.502,0.241,0.003,0.769,0.787,0.346,0.592,1.388,0.769
mag,203206,0.392,-0.084,-0.142,0.893,-0.246,-0.052,2.508,-1.047,1.250,2.225,-2.858,4.672,0.274,0.146,-0.079,0.467,0.272,-0.051,0.671,0.855,0.185,0.438,1.379,0.442
mag,203280,0.456,-0.058,-0.155,1.015,-0.153,-0.094,3.428,-0.679,1.709,3.331,-2.113,7.773,0.247,0.124,-0.101,0.414,0.272,-0.090,0.527,0.770,0.039,0.282,1.193,0.173
mag,203369,0.446,-0.014,-0.167,1.120,0.072,-0.118,3.914,0.549,1.917,3.841,1.827,9.497,0.174,0.124,-0.099,0.333,0.241,-0.119,0.354,0.606,-0.059,0.221,0.846,-0.010
mag,203458,0.499,0.064,-0.216,1.164,0.194,-0.162,4.168,2.007,1.817,2.996,6.324,8.879,0.161,0.122,-0.106,0.211,0.223,-0.124,0.261,0.504,-0.103,0.101,0.639,-0.098
mag,203546,0.487,0.121,-0.223,1.095,0.345,-0.243,3.236,2.603,1.004,1.744,6.954,4.904,0.125,0.124,-0.092,0.194,0.206,-0.114,0.173,0.430,-0.142,0.043,0.536,-0.134
mag,203634,0.438,0.172,-0.272,1.054,0.477,-0.318,2.716,3.086,0.445,0.745,6.920,2.585,0.110,0.127,-0.116,0.140,0.167,-0.129,0.122,0.338,-0.149,0.036,0.427,-0.151
mag,203721,0.438,0.147,-0.257,1.064,0.484,-0.323,2.847,3.108,0.550,0.806,7.113,2.897,0.110,0.136,-0.092,0.165,0.192,-0.139,0.124,0.394,-0.159,0.050,0.385,-0.146
mag,203808,0.519,0.189,-0.247,1.152,0.504,-0.265,2.821,3.306,0.943,0.328,6.695,3.278,0.127,0.110,-0.114,0.140,0.189,-0.114,0.122,0.374,-0.137,0.045,0.422,-0.132
mag,203896,0.607,0.204,-0.230,1.435,0.658,-0.138,2.938,4.019,1.858,-0.810,6.515,3.979,0.154,0.168,-0.092,0.182,0.253,-0.104,0.124,0.411,-0.127,0.021,0.461,-0.134
mag,203983,0.773,0.233,-0.203,1.833,0.689,0.045,3.770,4.895,4.124,-2.470,6.536,6.452,0.181,0.168,-0.114,0.218,0.314,-0.112,0.173,0.535,-0.125,-0.028,0.534,-0.093
mag,204072,1.071,0.152,-0.191,2.763,0.582,0.485,4.427,5.029,9.610,-5.546,4.122,8.593,0.242,0.224,-0.119,0.333,0.465,-0.104,0.105,0.740,-0.071,-0.067,0.766,-0.076
mag,204146,1.229,0.060,-0.115,3.210,0.174,0.993,2.906,1.487,11.700,-5.563,0.807,7.424,0.322,0.268,-0.094,0.389,0.531,-0.073,0.137,0.985,0.027,-0.150,0.910,0.005
mag,204213,1.317,-0.102,-0.047,3.246,-0.544,1.349,1.361,-2.029,10.393,-4.677,-1.423,5.368,0.425,0.366,-0.087,0.521,0.739,0.013,0.159,1.290,0.227,-0.272,1.122,0.142
mag,204284,1.327,-0.202,0.068,2.731,-0.824,1.481,0.399,-2.583,7.061,-3.220,-1.684,3.652,0.459,0.381,-0.016,0.611,0.800,0.135,0.142,1.385,0.425,-0.353,1.161,0.295
mag,204349,1.151,-0.370,0.119,2.052,-1.147,1.249,0.084,-2.869,4.368,-2.077,-1.852,2.368,0.586,0.398,0.047,0.765,0.861,0.328,0.142,1.607,0.815,-0.555,1.279,0.588
mag,204425,0.841,-0.395,0.090,1.269,-1.100,0.753,0.147,-2.300,2.129,-1.127,-1.654,1.330,0.730,0.398,0.131,0.992,0.878,0.648,0.232,1.739,1.555,-0.741,1.408,1.087
mag,204500,0.653,-0.453,0.058,0.810,-0.976,0.458,0.042,-1.672,1.111,-0.678,-1.293,0.727,0.821,0.268,0.275,1.180,0.746,0.980,0.210,1.475,2.253,-0.902,1.169,1.558
mag,204580,0.458,-0.426,0.038,0.470,-0.802,0.280,-0.007,-1.152,0.550,-0.375,-0.934,0.356,0.918,0.168,0.404,1.241,0.392,1.302,0.100,0.855,2.746,-1.088,0.673,1.848
mag,204652,0.348,-0.373,0.031,0.307,-0.607,0.141,-0.002,-0.857,0.296,-0.273,-0.717,0.192,0.869,0.012,0.485,1.153,0.023,1.390,0.010,0.142,2.649,-1.029,0.187,1.829
mag,204722,0.228,-0.321,-0.013,0.185,-0.495,0.089,-0.004,-0.613,0.140,-0.170,-0.527,0.092,0.877,-0.181,0.494,1.061,-0.319,1.375,-0.117,-0.434,2.368,-0.985,-0.289,1.582
mag,204786,0.197,-0.292,-0.010,0.143,-0.414,0.040,-0.012,-0.464,0.083,-0.129,-0.412,0.039,0.740,-0.279,0.494,0.865,-0.536,1.243,-0.127,-0.715,1.899,-0.851,-0.501,1.294
mag,204868,0.145,-0.229,-0.013,0.102,-0.363,0.014,0.003,-0.413,0.037,-0.085,-0.331,0.031,0.652,-0.335,0.448,0.685,-0.580,1.006,-0.171,-0.795,1.443,-0.682,-0.552,0.994
mag,204954,0.160,-0.241,-0.020,0.085,-0.309,-0.006,-0.009,-0.342,0.013,-0.090,-0.295,-0.008,0.567,-0.384,0.431,0.545,-0.641,0.919,-0.137,-0.812,1.179,-0.572,-0.562,0.820
mag,205035,0.114,-0.185,-0.013,0.114,-0.300,-0.001,-0.031,-0.332,0.030,-0.070,-0.268,-0.020,0.530,-0.396,0.428,0.472,-0.629,0.865,-0.193,-0.803,1.086,-0.558,-0.557,0.757
mag,205114,0.136,-0.268,-0.010,0.080,-0.341,0.023,-0.033,-0.339,0.030,-0.075,-0.295,0.009,0.571,-0.386,0.492,0.472,-0.616,0.953,-0.237,-0.737,1.186,-0.575,-0.511,0.820
mag,205200,0.182,-0.292,0.009,0.104,-0.380,0.050,-0.055,-0.410,0.069,-0.139,-0.317,0.043,0.645,-0.288,0.589,0.543,-0.492,1.163,-0.295,-0.600,1.391,-0.668,-0.352,0.899
mag,205263,0.199,-0.321,0.048,0.121,-0.483,0.119,-0.095,-0.493,0.120,-0.173,-0.378,0.073,0.701,-0.210,0.660,0.558,-0.345,1.304,-0.337,-0.441,1.511,-0.675,-0.208,0.945
mag,205334,0.248,-0.395,0.092,0.153,-0.531,0.204,-0.112,-0.588,0.232,-0.265,-0.453,0.151,0.767,-0.049,0.697,0.621,-0.131,1.419,-0.366,-0.134,1.631,-0.734,-0.091,0.979
mag,205406,0.365,-0.429,0.199,0.256,-0.673,0.380,-0.180,-0.693,0.408,-0.341,-0.509,0.241,0.747,0.115,0.721,0.589,0.253,1.397,-0.388,0.255,1.589,-0.712,0.175,0.901
mag,205483,0.524,-0.519,0.317,0.334,-0.881,0.668,-0.278,-0.825,0.672,-0.478,-0.570,0.375,0.752,0.307,0.680,0.548,0.587,1.307,-0.413,0.584,1.372,-0.677,0.414,0.791
mag,205554,0.722,-0.583,0.541,0.441,-0.993,1.124,-0.488,-0.930,1.033,-0.693,-0.575,0.517,0.662,0.483,0.582,0.462,0.805,1.077,-0.396,0.784,1.096,-0.594,0.483,0.571
mag,205618,0.990,-0.607,0.768,0.553,-1.159,1.674,-0.781,-0.974,1.390,-0.868,-0.544,0.588,0.613,0.615,0.519,0.357,0.990,0.916,-0.422,0.902,0.852,-0.572,0.568,0.425
mag,205690,1.283,-0.539,1.103,0.661,-1.105,2.404,-1.137,-0.867,1.805,-1.078,-0.431,0.654,0.520,0.642,0.387,0.289,0.953,0.677,-0.337,0.850,0.603,-0.492,0.497,0.293
mag,205754,1.666,-0.431,1.493,0.702,-0.981,3.390,-1.567,-0.667,2.066,-1.262,-0.331,0.642,0.440,0.642,0.309,0.187,0.973,0.521,-0.361,0.845,0.410,-0.436,0.502,0.169
mag,205829,2.030,0.069,2.057,0.541,-0.046,4.425,-1.950,-0.073,2.146,-1.318,-0.058,0.578,0.318,0.642,0.167,0.096,0.834,0.254,-0.264,0.706,0.205,-0.323,0.419,0.066
mag,205896,2.028,0.775,2.082,0.405,1.231,4.332,-1.967,0.598,1.971,-1.337,0.196,0.515,0.220,0.512,0.084,0.079,0.682,0.128,-0.195,0.545,0.102,-0.257,0.365,0.032
mag,205968,1.808,1.432,1.818,0.270,2.254,3.595,-1.799,1.113,1.597,-1.252,0.416,0.412,0.166,0.447,0.011,0.055,0.541,0.027,-0.103,0.443,0.012,-0.165,0.314,-0.024
mag,206039,1.388,1.668,1.225,0.180,2.447,2.291,-1.428,1.301,1.028,-1.052,0.557,0.275,0.127,0.342,-0.031,0.006,0.372,-0.007,-0.107,0.338,-0.017,-0.145,0.265,-0.037
mag,206111,1.142,1.888,0.934,-0.025,2.662,1.625,-1.281,1.389,0.620,-0.895,0.555,0.104,0.086,0.310,-0.060,0.018,0.316,-0.058,-0.078,0.316,-0.049,-0.113,0.226,-0.041
mag,206191,0.868,1.783,0.790,-0.116,2.281,1.242,-1.083,1.147,0.435,-0.783,0.501,0.058,0.091,0.273,-0.045,-0.023,0.304,-0.063,-0.086,0.277,-0.044,-0.099,0.229,-0.068
mag,206274,0.863,2.044,1.161,-0.418,2.320,1.554,-1.171,0.981,0.472,-0.773,0.472,0.061,0.049,0.329,-0.040,0.023,0.355,-0.046,-0.054,0.267,-0.034,-0.118,0.187,-0.041
mag,206348,1.002,2.101,1.752,-0.660,2.286,2.057,-1.254,0.869,0.586,-0.803,0.367,0.117,0.093,0.376,-0.028,0.008,0.436,-0.012,-0.125,0.306,-0.037,-0.155,0.229,-0.044
mag,206419,0.929,1.971,2.153,-0.821,2.008,2.348,-1.249,0.698,0.623,-0.783,0.277,0.119,0.095,0.415,0.001,-0.033,0.448,-0.002,-0.093,0.338,-0.012,-0.170,0.226,-0.059
mag,206499,0.905,1.649,2.551,-0.919,1.544,2.575,-1.249,0.527,0.699,-0.761,0.191,0.168,0.061,0.451,0.062,-0.048,0.465,0.049,-0.164,0.347,-0.003,-0.179,0.231,-0.010
mag,206569,1.002,1.166,2.990,-1.046,1.031,2.912,-1.279,0.312,0.755,-0.776,0.116,0.178,0.139,0.542,0.113,-0.065,0.570,0.101,-0.232,0.386,0.053,-0.209,0.209,0.000
mag,206633,0.758,0.660,3.163,-1.173,0.482,2.802,-1.203,0.127,0.716,-0.710,0.052,0.180,0.112,0.654,0.189,-0.116,0.595,0.174,-0.244,0.396,0.088,-0.218,0.248,0.005
mag,206705,0.546,-0.087,2.941,-1.112,-0.114,2.438,-1.061,-0.071,0.628,-0.641,-0.031,0.173,0.108,0.737,0.311,-0.167,0.690,0.303,-0.325,0.401,0.141,-0.282,0.234,0.037
mag,206769,0.360,-0.507,2.468,-0.928,-0.446,1.981,-0.895,-0.168,0.552,-0.597,-0.099,0.153,0.134,0.786,0.467,-0.228,0.751,0.440,-0.403,0.384,0.188,-0.323,0.209,0.071
mag,206846,0.187,-0.744,1.847,-0.755,-0.602,1.442,-0.705,-0.222,0.428,-0.466,-0.089,0.124,0.105,0.752,0.643,-0.289,0.692,0.555,-0.408,0.347,0.237,-0.309,0.143,0.090
mag,206917,0.116,-0.810,1.330,-0.548,-0.693,1.056,-0.580,-0.298,0.330,-0.407,-0.199,0.107,0.071,0.700,0.853,-0.363,0.653,0.718,-0.462,0.294,0.300,-0.340,0.138,0.105
mag,206980,0.080,-0.807,0.954,-0.421,-0.661,0.741,-0.461,-0.322,0.245,-0.363,-0.180,0.085,0.064,0.642,1.073,-0.419,0.577,0.884,-0.491,0.237,0.361,-0.372,0.112,0.127
mag,207060,0.043,-0.766,0.666,-0.345,-0.602,0.495,-0.370,-0.303,0.183,-0.246,-0.155,0.056,-0.019,0.505,1.258,-0.492,0.411,0.965,-0.523,0.174,0.368,-0.384,0.060,0.142
mag,207132,0.021,-0.617,0.436,-0.250,-0.534,0.341,-0.285,-0.298,0.132,-0.207,-0.180,0.048,-0.073,0.283,1.368,-0.504,0.226,1.002,-0.537,0.052,0.376,-0.394,0.011,0.151
mag,207217,0.006,-0.543,0.300,-0.228,-0.470,0.258,-0.234,-0.239,0.096,-0.187,-0.155,0.024,-0.102,0.075,1.317,-0.490,0.079,0.958,-0.454,0.001,0.368,-0.355,-0.010,0.134
mag,207290,0.019,-0.497,0.261,-0.177,-0.412,0.231,-0.192,-0.247,0.081,-0.180,-0.187,0.039,-0.124,0.024,1.251,-0.495,0.031,0.904,-0.501,-0.014,0.344,-0.340,0.002,0.139
mag,207369,-0.033,-0.529,0.275,-0.199,-0.439,0.226,-0.221,-0.256,0.113,-0.175,-0.170,0.017,-0.097,0.041,1.232,-0.492,0.050,0.911,-0.457,0.001,0.342,-0.338,-0.001,0.115
mag,207449,0.040,-0.507,0.348,-0.201,-0.439,0.265,-0.246,-0.264,0.120,-0.180,-0.173,0.043,-0.071,0.105,1.219,-0.453,0.089,0.914,-0.464,-0.009,0.359,-0.297,0.004,0.149
mag,207529,0.006,-0.612,0.502,-0.286,-0.456,0.385,-0.297,-0.281,0.147,-0.246,-0.187,0.065,-0.093,0.310,1.134,-0.446,0.263,0.845,-0.474,0.106,0.349,-0.318,0.055,0.139
mag,207601,-0.023,-0.644,0.710,-0.352,-0.509,0.539,-0.363,-0.230,0.213,-0.287,-0.153,0.061,-0.058,0.454,1.019,-0.441,0.368,0.750,-0.440,0.159,0.310,-0.328,0.060,0.120
mag,207682,-0.191,-0.595,1.147,-0.567,-0.436,0.746,-0.466,-0.203,0.235,-0.297,-0.119,0.083,-0.078,0.578,0.692,-0.382,0.487,0.501,-0.349,0.237,0.190,-0.248,0.097,0.083
mag,207758,-0.262,-0.319,1.515,-0.721,-0.212,0.939,-0.527,-0.105,0.279,-0.383,-0.050,0.078,-0.097,0.559,0.428,-0.258,0.433,0.318,-0.305,0.208,0.110,-0.187,0.175,0.051
mag,207835,-0.384,0.104,1.701,-0.777,0.059,0.971,-0.568,-0.012,0.281,-0.361,-0.033,0.070,-0.051,0.473,0.260,-0.209,0.389,0.181,-0.230,0.184,0.093,-0.172,0.102,0.029
mag,207907,-0.458,0.477,1.484,-0.723,0.296,0.817,-0.497,0.112,0.223,-0.319,0.040,0.065,-0.034,0.390,0.131,-0.116,0.336,0.110,-0.178,0.194,0.036,-0.143,0.102,0.007
mag,207987,-0.350,0.628,1.237,-0.611,0.396,0.744,-0.488,0.139,0.225,-0.353,0.067,0.058,-0.005,0.329,0.094,-0.087,0.292,0.076,-0.137,0.167,0.041,-0.128,0.112,0.007
mag,208067,-0.099,0.428,1.022,-0.440,0.308,0.744,-0.473,0.139,0.303,-0.344,0.091,0.139,0.010,0.303,0.126,-0.092,0.299,0.108,-0.127,0.174,0.053,-0.087,0.151,0.034
mag,208142,0.126,0.150,0.502,-0.052,0.111,0.546,-0.200,0.083,0.398,-0.251,0.047,0.251,0.032,0.176,0.138,-0.014,0.187,0.157,-0.071,0.169,0.139,-0.111,0.153,0.112
mag,208205,0.111,0.018,0.190,0.075,-0.016,0.253,0.010,0.015,0.271,-0.063,0.035,0.249,0.037,0.107,0.106,0.043,0.077,0.125,-0.000,0.067,0.119,-0.082,0.092,0.144
mag,208276,0.065,-0.009,0.065,0.036,0.003,0.080,0.052,0.015,0.108,0.042,0.008,0.148,0.044,0.014,0.050,0.038,0.033,0.074,0.005,0.042,0.093,0.023,0.033,0.100
mag,208339,0.038,-0.050,0.004,0.016,-0.048,0.036,-0.002,-0.020,0.035,0.003,-0.028,0.063,0.003,-0.020,0.026,0.001,0.023,0.020,0.056,-0.009,0.041,-0.004,-0.010,0.032
mag,208415,0.004,-0.019,-0.008,0.014,0.006,0.026,0.035,0.010,0.008,-0.002,0.015,0.019,0.003,-0.022,0.026,0.001,-0.028,0.003,-0.000,-0.031,0.017,0.011,-0.020,0.029
mag,208493,0.009,-0.004,-0.013,-0.006,-0.004,0.011,0.003,-0.020,-0.012,-0.012,0.006,0.004,0.008,-0.015,0.001,-0.011,-0.030,0.003,0.017,-0.021,0.002,-0.006,-0.032,0.000
mag,208564,-0.003,-0.009,0.004,-0.033,0.006,0.004,-0.002,-0.002,0.013,-0.007,-0.026,0.004,-0.012,-0.003,-0.016,-0.023,-0.016,0.003,0.037,-0.036,0.002,-0.016,-0.010,0.003
mag,208646,0.014,0.008,0.002,0.014,0.011,0.009,-0.007,0.002,-0.009,0.008,0.003,-0.000,0.012,-0.003,0.006,-0.021,0.018,-0.004,0.010,0.003,0.009,0.009,-0.001,-0.002
mag,208727,-0.016,0.021,-0.015,-0.013,-0.016,-0.001,0.003,-0.007,0.008,0.013,-0.031,0.002,0.005,-0.020,-0.006,0.025,-0.038,-0.002,-0.012,0.001,0.005,-0.001,0.016,0.003
mag,208808,-0.011,-0.036,-0.010,-0.003,0.045,-0.008,0.001,0.007,-0.005,-0.034,-0.004,0.004,-0.005,0.014,0.001,0.006,0.014,-0.014,-0.000,-0.021,-0.012,-0.008,-0.030,0.015
mag,208889,-0.013,-0.041,-0.001,-0.020,-0.029,0.011,-0.029,0.002,-0.012,-0.019,0.003,-0.018,-0.005,-0.054,-0.001,-0.014,0.001,0.001,-0.000,0.035,0.014,-0.023,0.007,-0.005
mag,208971,0.001,-0.016,0.002,-0.001,-0.016,-0.006,0.006,-0.020,-0.005,-0.029,0.006,0.017,0.008,-0.034,0.006,0.013,-0.043,-0.024,-0.022,0.020,-0.000,-0.006,-0.006,0.005
mag,209052,0.011,-0.014,-0.010,0.011,-0.002,0.004,0.015,-0.010,-0.007,-0.007,-0.019,0.012,0.005,0.002,-0.016,0.023,-0.040,-0.009,-0.003,-0.014,-0.012,-0.018,-0.006,-0.017
mag,209134,-0.025,0.013,0.004,-0.011,0.008,0.009,0.003,-0.012,-0.019,0.003,-0.026,0.009,-0.005,0.024,0.006,0.001,0.006,-0.009,-0.000,-0.024,-0.000,0.033,0.021,-0.005
mag,209215,-0.006,-0.021,0.009,-0.001,-0.026,0.004,0.018,0.010,0.005,-0.012,-0.002,-0.018,0.012,0.005,-0.009,-0.006,0.009,0.008,-0.005,0.006,-0.000,0.006,-0.042,-0.005
mag,209296,-0.018,-0.006,-0.006,0.004,0.015,0.011,-0.014,-0.017,0.015,0.006,0.028,-0.005,0.003,-0.003,0.004,0.016,-0.030,-0.004,0.037,-0.002,-0.008,-0.016,0.011,0.010
mag,209377,0.009,-0.006,-0.001,-0.015,0.013,-0.008,0.032,0.005,-0.019,-0.016,0.001,-0.008,-0.044,-0.027,-0.011,-0.016,-0.026,-0.009,-0.027,0.008,-0.003,0.001,0.033,-0.005
mag,209458,0.004,-0.048,0.004,0.011,-0.021,0.014,0.010,-0.015,-0.009,0.008,-0.016,-0.005,0.020,-0.017,-0.004,0.006,0.035,0.013,0.010,-0.004,-0.003,-0.033,-0.028,-0.012
mag,209539,0.016,-0.004,-0.008,0.016,-0.014,-0.006,-0.009,-0.017,0.013,-0.026,0.008,-0.000,0.022,0.007,-0.009,-0.021,-0.026,-0.017,0.027,-0.002,-0.008,0.016,0.029,-0.002
mag,209619,0.004,0.001,-0.010,0.041,-0.016,0.011,0.028,-0.029,-0.017,-0.007,-0.014,0.012,-0.007,-0.015,0.004,0.003,-0.016,-0.014,0.017,0.010,-0.005,-0.030,-0.028,0.010
mag,209700,-0.030,-0.006,-0.003,-0.013,-0.021,-0.011,-0.041,0.007,0.000,-0.024,-0.011,0.007,-0.002,0.010,0.006,-0.001,0.004,0.003,0.005,-0.021,-0.005,0.016,-0.001,0.003
mag,209780,-0.055,0.011,0.007,0.014,0.001,0.004,0.001,0.027,0.005,0.023,-0.036,0.009,0.008,0.014,0.004,0.013,0.009,0.003,-0.017,-0.014,0.005,0.011,0.004,0.000
mag,209860,0.021,0.003,-0.008,0.004,0.015,0.006,0.023,-0.010,0.010,0.023,0.008,-0.010,-0.019,0.041,0.011,-0.006,-0.004,0.015,0.017,-0.034,0.002,0.028,-0.003,0.003
mag,209940,-0.008,-0.004,0.002,-0.003,-0.007,0.001,0.040,0.002,0.010,0.006,0.008,0.012,-0.002,-0.010,-0.014,0.011,0.006,0.001,0.007,-0.014,-0.008,0.026,-0.020,0.017
mag,210020,0.009,0.006,-0.020,-0.008,-0.021,-0.001,0.006,0.002,0.000,0.006,0.023,-0.000,-0.005,-0.017,-0.011,-0.014,0.009,0.018,0.005,-0.016,-0.008,0.028,0.007,0.003
mag,210100,0.001,-0.009,-0.001,0.016,-0.009,-0.001,0.018,-0.010,0.008,-0.004,-0.004,0.012,-0.002,-0.017,-0.004,0.006,0.014,-0.002,-0.020,-0.014,0.002,0.021,-0.023,0.017
mag,210180,0.021,-0.006,0.007,0.002,-0.009,-0.001,-0.031,-0.000,-0.012,0.037,-0.004,0.017,0.022,-0.003,-0.006,0.008,0.001,-0.009,-0.003,-0.009,0.022,0.009,-0.035,0.029
mag,210260,0.019,0.001,0.007,0.024,-0.007,0.004,0.010,0.019,0.008,-0.031,-0.043,0.004,0.022,-0.003,0.008,-0.006,-0.004,-0.002,-0.017,-0.019,-0.010,-0.006,-0.001,0.007
mag,210341,-0.003,0.011,0.004,-0.047,0.003,0.001,0.010,-0.024,0.013,0.030,0.008,0.007,-0.014,0.029,-0.011,-0.016,0.011,0.001,0.010,-0.012,-0.000,-0.011,0.009,-0.007
mag,210421,-0.001,0.006,-0.001,0.011,-0.019,0.004,0.006,-0.000,0.010,-0.021,-0.006,-0.005,-0.034,0.019,-0.009,-0.006,0.006,0.003,-0.000,0.023,0.007,0.011,-0.006,0.003
mag,210500,0.011,-0.001,0.011,-0.008,-0.002,-0.003,0.008,0.012,-0.005,0.001,-0.043,-0.005,-0.010,-0.000,-0.004,0.013,-0.004,-0.012,0.017,0.023,0.009,0.009,0.002,-0.005
mag,210580,0.014,-0.009,-0.001,0.002,-0.011,0.006,0.001,0.010,0.000,-0.026,0.030,-0.010,0.005,-0.003,-0.001,0.011,0.009,-0.007,0.019,-0.007,-0.005,-0.016,0.019,-0.002
mag,210660,-0.023,-0.019,-0.001,-0.013,0.003,0.014,-0.007,-0.002,0.010,-0.007,0.020,0.009,0.000,-0.020,-0.016,0.013,-0.013,0.003,-0.022,-0.009,-0.015,0.004,-0.006,-0.010
mag,210741,0.004,0.011,-0.010,0.009,-0.014,0.004,-0.016,-0.017,0.017,-0.012,-0.002,0.014,0.015,0.002,0.001,0.021,-0.018,-0.012,-0.020,-0.002,-0.000,0.014,0.029,0.022
mag,210821,-0.006,-0.011,0.004,0.007,-0.036,0.001,-0.041,-0.024,-0.005,0.010,0.013,-0.015,-0.019,0.005,-0.004,-0.001,-0.011,-0.009,0.007,-0.016,0.009,-0.016,-0.030,0.017
mag,210901,0.001,-0.006,0.002,-0.003,-0.024,0.001,-0.007,-0.010,0.022,-0.012,-0.004,0.009,0.025,0.034,0.006,0.035,0.026,-0.004,0.007,-0.021,-0.003,0.006,0.031,-0.005
mag,210982,0.009,-0.014,0.026,-0.015,0.001,-0.003,-0.012,-0.032,-0.005,0.015,-0.036,-0.020,-0.002,-0.005,-0.001,-0.001,-0.026,-0.002,-0.000,0.025,-0.010,-0.004,-0.003,0.010
mag,211062,-0.018,0.001,-0.015,0.002,0.011,0.001,0.015,-0.020,0.013,-0.029,0.008,0.002,-0.007,-0.010,0.001,0.001,-0.040,0.013,0.022,0.010,0.005,0.006,-0.006,-0.005
mag,211143,0.009,0.006,-0.003,0.021,-0.007,-0.030,0.008,0.007,0.005,0.020,-0.002,0.002,-0.007,-0.005,0.001,0.008,0.009,-0.004,0.037,-0.004,0.014,-0.013,-0.018,0.017
mag,211223,0.006,-0.026,0.002,0.004,-0.002,0.004,-0.002,-0.007,0.015,0.001,0.003,0.007,-0.027,-0.008,0.001,0.001,0.004,0.005,0.005,0.003,0.007,-0.011,-0.001,-0.005
mag,211303,-0.018,0.016,-0.008,0.004,0.015,0.009,-0.014,-0.017,0.000,-0.007,-0.014,-0.005,-0.029,-0.027,0.021,0.023,-0.016,0.001,-0.022,-0.024,0.002,-0.013,-0.001,0.000
mag,211383,-0.018,0.008,0.007,-0.020,-0.033,-0.003,0.018,-0.012,-0.002,-0.004,0.018,-0.003,-0.034,0.044,0.004,0.003,0.016,0.015,-0.000,-0.019,-0.010,-0.026,-0.003,-0.007
mag,211464,0.001,-0.014,0.007,-0.011,-0.011,-0.011,-0.012,-0.000,-0.012,-0.007,-0.016,0.014,0.010,-0.000,0.018,0.006,0.043,0.008,-0.000,0.006,0.014,-0.035,-0.010,0.003
mag,211544,0.026,0.003,-0.008,-0.008,-0.004,0.009,-0.007,-0.007,-0.007,0.008,-0.016,-0.005,0.029,0.027,-0.016,-0.011,-0.016,0.010,-0.029,-0.007,-0.010,0.021,-0.013,0.005
mag,211625,0.014,0.011,0.004,0.009,0.006,-0.006,0.025,0.012,0.008,-0.007,0.001,-0.020,-0.005,0.005,-0.009,-0.019,-0.006,0.013,-0.024,-0.014,0.014,-0.030,0.004,0.005
mag,211705,-0.013,-0.001,-0.003,-0.008,-0.007,-0.006,0.032,0.015,0.005,0.008,-0.021,-0.018,0.015,0.024,-0.004,0.018,0.011,0.001,0.017,-0.041,-0.008,-0.001,0.011,0.012
mag,211785,0.001,-0.001,-0.003,-0.003,-0.004,-0.003,0.028,0.005,0.000,0.008,0.025,0.009,0.000,0.022,0.011,0.021,-0.006,0.003,0.015,-0.016,-0.003,0.004,-0.006,-0.017
mag,211865,0.011,-0.006,0.004,0.014,-0.029,-0.001,0.003,-0.022,0.000,-0.002,-0.024,0.007,0.008,0.017,0.004,-0.001,0.021,0.005,-0.000,0.018,-0.003,0.016,0.009,0.003
mag,211945,0.004,-0.004,0.002,-0.008,0.015,-0.008,0.013,-0.000,-0.005,0.001,-0.019,-0.013,-0.014,-0.020,0.001,0.008,0.004,-0.019,-0.015,-0.029,-0.005,-0.021,-0.023,-0.007
mag,212026,-0.001,0.003,0.014,-0.003,-0.009,0.004,0.025,0.017,0.015,0.008,0.006,-0.010,-0.019,-0.008,0.013,-0.031,0.009,-0.012,0.017,0.003,0.002,0.009,-0.003,0.003
mag,212105,0.004,-0.011,-0.010,0.019,-0.007,0.016,0.010,-0.005,0.013,-0.016,0.001,0.012,0.000,-0.008,-0.001,-0.031,-0.026,0.018,0.007,0.018,0.002,-0.013,0.026,0.005
mag,212185,-0.016,-0.001,0.004,-0.013,0.003,0.001,0.006,0.010,0.000,0.015,-0.028,0.004,-0.034,0.010,-0.021,-0.014,-0.013,0.003,-0.000,-0.016,-0.003,0.014,0.024,-0.005
mag,212265,0.006,-0.026,-0.010,-0.003,0.023,0.006,-0.014,-0.017,0.010,0.003,-0.002,0.021,-0.054,-0.039,-0.021,-0.031,-0.028,-0.034,0.019,-0.021,-0.015,0.001,0.004,0.012
mag,212344,-0.001,0.023,0.004,-0.008,-0.055,-0.003,0.001,-0.005,-0.005,0.001,-0.031,0.002,0.015,-0.034,-0.004,-0.009,0.001,0.008,0.005,-0.009,-0.008,-0.013,0.036,-0.005
mag,212424,0.009,0.018,0.002,0.007,-0.016,0.004,-0.021,-0.005,0.020,-0.014,-0.031,0.002,0.015,-0.012,0.006,0.001,0.011,-0.012,0.002,-0.021,0.009,0.023,0.002,-0.017
mag,212503,0.001,-0.001,0.007,-0.011,-0.016,0.019,0.010,0.015,0.010,0.045,0.018,0.002,-0.014,0.005,-0.009,0.011,0.018,-0.024,-0.017,-0.016,0.007,0.009,0.016,-0.002
mag,212582,0.001,-0.028,0.009,-0.008,-0.016,-0.003,-0.007,0.022,0.005,0.054,-0.026,0.009,-0.007,0.017,-0.001,0.003,-0.006,0.010,0.019,-0.029,0.009,-0.013,-0.030,0.012
mag,212662,0.009,-0.004,0.019,-0.033,-0.019,0.004,0.003,-0.044,0.015,-0.004,0.015,-0.005,0.044,0.027,0.004,0.018,0.014,-0.012,0.010,-0.009,0.002,-0.011,0.024,0.003
mag,212741,0.011,0.013,-0.015,-0.013,-0.004,0.004,-0.009,0.002,-0.002,0.032,0.023,-0.000,-0.034,-0.020,-0.004,-0.014,-0.001,0.001,-0.022,0.006,0.007,-0.023,-0.010,0.003
mag,212820,0.026,-0.021,-0.018,-0.025,-0.011,-0.011,-0.021,0.007,-0.002,0.013,0.006,-0.008,-0.034,-0.008,0.004,0.013,-0.038,-0.002,-0.003,0.010,-0.003,-0.038,-0.006,0.012
mag,212900,0.033,-0.004,-0.023,0.009,-0.021,0.016,0.032,-0.012,0.010,-0.009,-0.026,0.002,-0.010,0.010,-0.006,-0.033,0.001,0.008,0.012,-0.029,0.017,-0.023,-0.010,0.003
mag,212979,0.009,-0.023,-0.003,0.026,0.015,0.004,-0.002,0.002,0.017,0.032,-0.024,-0.003,-0.024,0.002,0.008,0.011,-0.006,0.003,-0.000,0.010,-0.000,-0.028,-0.010,0.005
mag,213058,-0.001,0.025,0.002,0.029,0.008,-0.003,-0.026,-0.002,-0.002,0.003,0.018,0.004,0.022,-0.010,-0.004,-0.004,0.023,-0.009,-0.010,-0.024,-0.000,-0.004,0.029,-0.005
mag,213137,-0.008,0.001,0.019,0.021,-0.002,0.006,0.013,-0.002,-0.002,0.006,-0.002,0.004,0.015,0.010,0.011,0.035,0.001,-0.014,0.032,0.010,0.002,0.001,-0.006,-0.024
mag,213216,-0.013,-0.006,0.007,-0.001,-0.011,0.004,0.042,-0.005,0.010,0.040,-0.014,0.004,0.015,0.022,0.018,-0.011,-0.016,0.005,0.029,0.006,-0.003,0.016,-0.025,0.005
mag,213294,0.016,0.008,0.004,-0.006,0.008,-0.006,0.015,0.019,-0.007,-0.026,0.003,0.007,0.017,0.005,0.013,-0.006,-0.013,-0.007,0.007,0.001,0.014,-0.023,0.002,0.000
mag,213373,-0.018,-0.036,-0.008,-0.008,-0.031,-0.008,-0.014,0.007,0.005,0.010,0.025,-0.000,-0.014,-0.015,-0.009,-0.011,-0.018,0.003,0.015,-0.009,-0.012,-0.016,0.014,-0.007
mag,213452,-0.001,-0.019,-0.001,0.007,0.040,-0.011,0.006,-0.000,0.003,-0.007,-0.038,-0.003,0.022,0.002,-0.001,-0.001,-0.033,-0.004,0.027,-0.021,0.007,-0.011,0.024,0.007
mag,213531,-0.013,-0.016,0.002,-0.003,-0.014,-0.018,0.030,-0.017,-0.002,0.020,0.003,-0.003,0.005,-0.010,0.013,-0.001,0.016,0.005,0.032,-0.009,0.005,0.031,-0.010,-0.005
mag,213610,0.014,0.008,0.002,-0.015,0.008,0.014,0.006,0.010,-0.012,-0.016,-0.009,0.002,-0.014,-0.012,0.011,-0.016,-0.001,0.005,-0.020,-0.016,-0.008,0.026,0.021,-0.019
mag,213689,0.009,0.045,0.011,-0.015,-0.014,0.001,-0.009,0.015,-0.002,0.003,-0.019,0.002,0.017,-0.020,0.008,0.008,0.028,0.008,-0.010,0.003,-0.008,0.023,-0.003,0.000
mag,213768,0.009,0.011,0.007,-0.001,0.001,-0.001,0.001,-0.032,0.000,-0.004,-0.033,0.014,0.003,0.017,-0.016,-0.006,0.016,0.013,0.015,0.003,-0.005,-0.006,-0.018,0.000
mag,213847,0.001,-0.028,-0.003,-0.011,-0.007,0.001,0.003,-0.017,-0.007,-0.019,0.013,0.007,-0.014,-0.017,-0.006,-0.006,0.016,-0.007,-0.034,0.003,0.005,-0.021,0.019,-0.002
mag,213926,-0.003,0.003,-0.028,0.016,-0.021,-0.008,-0.007,0.005,-0.007,-0.024,-0.009,0.007,-0.005,-0.008,-0.004,0.003,-0.018,0.010,-0.017,-0.021,-0.008,0.001,-0.001,-0.007
mag,214005,-0.013,0.003,0.011,0.016,-0.019,0.014,-0.012,0.007,0.013,0.025,-0.002,-0.015,0.015,0.002,-0.006,0.011,-0.013,0.008,-0.003,-0.012,0.019,-0.016,-0.006,0.015
mag,214084,-0.008,0.013,-0.001,-0.006,0.018,0.004,0.003,-0.005,-0.007,0.013,0.011,-0.008,-0.002,-0.010,-0.001,0.003,-0.033,0.008,0.005,0.018,0.005,-0.021,-0.015,0.003
mag,214163,0.004,-0.019,-0.003,-0.001,0.015,0.006,-0.002,0.012,-0.007,-0.012,-0.019,-0.010,-0.014,0.017,0.004,-0.001,-0.048,0.001,0.017,-0.016,-0.005,-0.030,-0.025,0.007
mag,214243,-0.001,0.023,-0.001,-0.015,0.008,0.006,0.023,-0.007,0.003,-0.031,-0.011,0.017,-0.010,0.010,-0.001,-0.001,-0.013,-0.009,-0.034,0.035,-0.005,0.006,0.002,0.027
mag,214322,-0.030,0.001,-0.013,-0.015,0.018,-0.003,-0.014,0.024,-0.009,-0.038,0.020,0.002,0.005,0.019,0.004,0.013,0.018,-0.014,-0.003,0.015,0.017,-0.016,-0.003,0.005
mag,214401,0.011,0.016,0.002,-0.008,-0.007,0.009,-0.002,0.017,0.005,-0.021,0.008,-0.008,-0.010,0.012,0.001,0.016,-0.006,0.003,0.012,0.003,-0.005,0.031,0.002,0.007
mag,214479,0.016,-0.009,0.002,0.036,-0.004,0.019,-0.009,-0.005,0.008,0.015,0.001,-0.000,-0.007,0.012,-0.004,0.006,0.031,-0.002,-0.007,-0.004,-0.000,-0.035,0.011,-0.015
mag,214558,-0.030,-0.006,0.004,-0.025,-0.014,-0.001,-0.002,-0.020,0.005,-0.024,-0.002,-0.022,-0.010,-0.015,0.008,0.003,-0.016,-0.007,0.034,0.018,0.014,-0.023,0.021,-0.022
mag,214638,0.021,-0.014,-0.003,-0.008,0.008,0.019,-0.019,-0.051,-0.009,0.006,0.001,-0.018,0.008,-0.025,-0.009,-0.011,-0.001,-0.002,-0.010,-0.016,0.017,-0.006,-0.032,-0.022
mag,214717,0.004,0.001,0.004,0.014,-0.014,0.004,0.032,-0.017,0.005,-0.016,0.013,-0.008,-0.017,0.005,0.001,0.001,0.004,-0.014,0.027,-0.002,0.007,0.028,-0.003,0.005
mag,214796,0.019,0.018,0.007,-0.001,0.013,0.006,0.015,0.022,0.000,-0.012,-0.014,-0.000,-0.014,0.007,-0.021,0.025,-0.023,-0.004,-0.012,-0.031,0.002,0.014,-0.030,0.020
mag,214875,0.011,-0.001,0.014,-0.025,-0.002,-0.013,-0.016,0.017,0.000,0.020,0.003,-0.005,-0.002,0.002,0.004,-0.016,-0.016,-0.002,0.032,0.028,0.002,0.036,0.002,-0.015
mag,214954,-0.003,-0.045,0.014,0.038,-0.036,-0.006,-0.004,-0.000,0.005,0.006,-0.011,0.002,0.010,-0.022,-0.009,0.006,-0.023,0.008,0.012,-0.007,-0.008,-0.021,-0.008,0.000
mag,215033,0.014,-0.031,0.011,-0.013,-0.011,0.006,-0.002,-0.024,0.000,-0.014,-0.009,0.004,-0.019,0.010,0.018,0.016,-0.018,-0.007,0.002,-0.029,0.005,-0.004,-0.023,-0.017
mag,215112,-0.025,-0.014,0.016,-0.045,0.003,-0.001,-0.012,0.002,0.005,0.006,-0.031,0.014,0.003,-0.008,0.013,-0.040,-0.026,0.003,0.015,0.006,-0.010,-0.028,-0.018,-0.010
mag,215191,0.009,0.021,-0.003,-0.020,-0.016,0.009,0.025,0.015,-0.005,-0.012,0.015,0.012,0.000,-0.015,-0.018,-0.009,-0.035,-0.012,-0.015,-0.012,0.012,-0.016,0.011,-0.012
mag,215270,0.006,-0.014,-0.010,0.021,-0.002,-0.006,-0.009,0.044,0.000,0.008,-0.011,0.014,-0.005,0.017,-0.004,0.003,-0.021,-0.017,0.010,-0.024,0.002,-0.013,-0.020,0.010
mag,215349,-0.003,0.008,0.011,-0.008,0.001,-0.001,-0.016,0.007,0.005,-0.014,0.001,-0.000,0.012,-0.022,0.013,-0.026,-0.011,0.005,-0.000,0.015,0.019,-0.013,-0.010,0.007
mag,215428,-0.008,-0.001,-0.010,-0.008,0.015,0.006,-0.007,0.029,-0.005,-0.007,0.025,-0.005,0.027,0.005,-0.006,-0.019,-0.028,0.010,0.012,0.006,-0.000,-0.004,0.004,0.017
mag,215507,-0.001,0.001,0.002,-0.008,0.001,0.011,0.008,0.007,0.003,-0.021,0.001,0.004,-0.005,0.005,0.011,0.045,-0.026,-0.007,-0.024,-0.031,0.007,0.006,0.051,0.015
mag,215586,0.001,0.003,0.007,-0.020,-0.004,0.014,0.006,-0.007,0.015,-0.012,-0.033,-0.008,0.005,0.014,-0.006,-0.001,-0.004,0.001,0.032,-0.041,-0.010,0.004,-0.020,-0.005
mag,215665,-0.003,-0.004,-0.003,-0.008,0.023,-0.006,-0.004,0.002,0.015,0.001,-0.006,0.014,-0.007,-0.008,-0.004,-0.021,0.014,-0.024,-0.012,-0.009,0.002,-0.004,-0.001,0.003
mag,215744,-0.021,-0.019,-0.006,0.007,0.003,-0.016,0.010,0.029,0.000,-0.036,-0.004,-0.005,-0.007,0.017,0.001,-0.009,0.016,0.008,0.019,-0.034,0.002,0.028,-0.001,0.003
mag,215823,-0.013,-0.009,0.002,-0.008,0.008,-0.011,-0.009,0.010,-0.005,0.001,0.028,0.012,-0.027,-0.010,-0.004,-0.011,-0.013,0.005,0.002,-0.009,-0.017,-0.038,-0.018,0.007
mag,215902,-0.018,0.011,-0.001,0.002,-0.004,0.009,-0.004,-0.005,-0.002,0.003,-0.014,0.002,0.020,-0.005,-0.006,-0.006,-0.011,0.003,-0.024,-0.019,-0.003,-0.016,-0.032,0.017
mag,215981,-0.006,0.001,-0.003,0.007,0.003,0.019,-0.031,0.017,0.013,0.008,0.011,0.012,0.020,0.012,-0.014,0.013,-0.006,0.003,0.010,-0.009,-0.000,0.023,0.024,-0.002
mag,216060,0.036,0.018,0.004,-0.001,-0.029,-0.008,0.003,0.005,0.008,0.010,0.028,-0.008,0.008,0.007,-0.009,-0.001,0.011,0.008,-0.032,0.032,-0.020,-0.008,0.024,0.007
mag,216138,-0.021,-0.009,0.011,0.014,-0.002,0.006,0.008,0.012,0.008,-0.004,0.008,0.009,-0.005,-0.025,0.013,-0.006,-0.016,-0.012,0.012,-0.024,-0.000,0.026,-0.018,0.007
mag,216218,0.001,0.021,-0.006,0.004,-0.031,-0.013,-0.007,0.015,-0.017,-0.019,-0.024,0.002,-0.010,-0.025,-0.004,0.011,0.009,-0.009,0.032,-0.019,0.007,0.009,0.021,-0.015
mag,216297,0.011,0.001,-0.013,0.004,-0.019,0.009,0.001,-0.017,-0.002,0.015,-0.009,0.014,0.032,-0.015,-0.006,-0.016,0.006,0.001,-0.022,-0.012,0.017,-0.026,0.002,-0.002
mag,216376,-0.013,-0.014,0.002,0.002,-0.002,0.004,-0.033,-0.012,0.005,0.028,-0.019,-0.003,-0.022,-0.010,-0.004,0.016,-0.018,-0.012,-0.017,-0.021,-0.000,0.004,0.007,-0.002
mag,216456,0.001,-0.033,0.009,-0.003,-0.038,0.019,-0.009,0.029,-0.007,-0.007,0.011,0.004,-0.022,-0.003,-0.006,-0.036,-0.013,0.005,0.010,-0.036,0.007,-0.016,-0.032,-0.005
mag,216536,-0.016,0.001,-0.013,-0.020,-0.007,0.006,-0.004,-0.015,-0.005,0.001,-0.002,-0.013,0.012,-0.030,0.004,-0.011,-0.001,-0.007,0.012,0.025,0.005,0.006,-0.023,0.003
mag,216615,-0.023,0.018,-0.008,-0.013,-0.043,0.016,0.013,-0.010,0.003,-0.031,0.013,0.004,0.034,-0.005,0.013,0.001,0.011,-0.004,0.002,-0.019,0.007,-0.018,-0.006,-0.005
mag,216694,-0.025,-0.006,-0.001,-0.006,0.011,0.006,0.023,-0.002,0.000,0.010,-0.004,0.014,-0.002,-0.022,-0.011,0.038,-0.001,0.005,0.007,0.006,-0.005,-0.018,-0.013,-0.005
mag,216772,0.006,-0.021,0.014,0.002,0.006,0.009,-0.016,0.041,-0.007,0.010,-0.026,-0.000,0.005,0.007,0.006,0.013,-0.008,0.013,-0.000,-0.012,0.009,0.006,0.014,0.024
mag,216851,-0.011,-0.011,-0.010,0.004,-0.011,-0.021,-0.004,-0.000,0.013,-0.024,-0.006,0.004,0.000,0.005,-0.009,-0.031,-0.028,0.023,0.010,-0.034,0.009,0.009,-0.015,0.012
mag,216931,0.006,-0.004,-0.001,-0.011,-0.004,0.001,0.023,0.017,-0.009,-0.004,-0.004,-0.003,-0.022,0.002,-0.001,-0.014,0.031,0.015,0.002,-0.026,-0.012,-0.008,-0.010,-0.002
mag,217011,0.009,0.008,-0.006,0.007,0.011,-0.006,-0.009,0.007,-0.007,0.006,-0.006,0.004,-0.027,0.007,-0.004,0.018,0.021,0.005,0.005,0.006,-0.008,-0.004,0.004,-0.002
mag,217091,-0.013,0.001,-0.006,-0.020,0.018,-0.008,0.006,0.017,0.005,-0.026,-0.004,0.002,-0.007,-0.005,-0.014,-0.004,0.016,0.018,0.010,-0.021,-0.008,-0.011,-0.003,-0.012
mag,217170,0.023,-0.028,0.007,-0.035,-0.026,-0.021,0.018,0.019,0.027,-0.012,-0.004,0.014,-0.012,-0.015,0.004,-0.014,0.014,0.008,0.002,-0.009,-0.010,0.006,-0.020,0.010
mag,217250,0.004,-0.009,-0.001,-0.011,-0.016,-0.021,-0.012,-0.002,0.025,0.020,-0.014,0.007,-0.007,-0.039,0.013,-0.023,-0.028,0.020,0.015,-0.026,-0.020,-0.004,-0.003,-0.005
mag,217330,-0.018,0.006,0.002,0.007,-0.021,0.011,-0.009,0.034,0.003,-0.009,0.003,0.007,-0.019,0.007,0.011,-0.023,0.011,-0.007,0.002,0.001,-0.003,-0.011,-0.003,0.017
mag,217410,-0.001,-0.004,0.016,0.029,-0.038,-0.003,-0.002,0.015,-0.002,-0.009,-0.031,0.014,0.005,-0.015,0.006,-0.011,0.011,-0.002,0.022,0.013,-0.000,0.011,-0.020,0.005
mag,217489,-0.023,0.001,-0.006,-0.013,0.001,-0.011,0.023,-0.017,-0.005,0.003,-0.043,0.007,0.005,-0.005,0.004,-0.045,0.021,-0.014,0.005,0.001,0.007,-0.018,-0.006,-0.002
mag,217569,-0.016,0.008,0.009,-0.023,-0.004,0.001,-0.024,-0.015,-0.005,0.008,-0.014,-0.000,0.008,-0.003,-0.009,0.018,-0.006,-0.007,0.027,-0.004,-0.005,0.009,0.009,-0.007
mag,217649,0.004,-0.004,-0.006,-0.020,0.008,-0.003,0.015,0.002,0.005,-0.026,0.013,0.024,-0.029,0.002,-0.018,-0.011,-0.008,-0.004,-0.032,0.006,0.017,-0.008,-0.028,0.005
mag,217729,-0.001,0.033,-0.003,0.009,-0.019,0.001,-0.024,-0.017,0.017,0.013,0.023,0.004,-0.010,-0.034,-0.001,0.006,0.011,0.010,-0.000,-0.007,-0.025,0.009,-0.015,-0.012
mag,217808,0.001,0.006,-0.015,0.026,-0.036,-0.016,-0.007,-0.032,-0.014,-0.031,-0.004,0.004,-0.012,-0.003,0.006,-0.014,-0.004,-0.029,-0.000,-0.014,-0.000,-0.008,-0.010,-0.010
mag,217889,-0.030,0.001,0.021,-0.025,-0.014,-0.001,0.001,-0.015,0.005,0.010,-0.014,0.002,-0.007,-0.010,0.001,0.023,-0.001,0.015,0.015,-0.007,0.005,0.016,0.007,0.005
mag,217968,-0.011,0.013,-0.013,-0.045,-0.024,0.023,0.025,-0.000,-0.002,0.015,0.013,-0.015,-0.012,-0.003,0.018,0.006,0.011,0.010,-0.015,-0.014,-0.000,-0.023,-0.023,-0.007
mag,218048,0.004,-0.004,0.002,-0.013,0.013,-0.006,0.006,-0.017,-0.002,-0.016,-0.019,0.009,0.012,0.005,0.001,0.023,-0.013,0.010,-0.007,-0.007,0.014,0.006,0.004,-0.012
mag,218127,0.001,-0.016,0.021,-0.018,-0.011,0.006,0.015,0.002,-0.009,-0.014,-0.009,0.002,-0.022,0.014,-0.001,-0.031,0.026,0.003,0.039,-0.009,-0.015,0.009,-0.020,-0.017
mag,218207,0.004,-0.014,-0.010,-0.013,0.008,0.001,-0.009,-0.007,0.003,-0.002,-0.002,-0.000,0.025,0.024,0.018,-0.023,-0.006,0.003,-0.012,-0.007,-0.003,0.004,-0.015,0.000
mag,218287,0.021,-0.004,0.004,0.004,-0.019,0.009,-0.007,-0.002,-0.002,0.015,0.011,-0.005,-0.005,0.005,-0.018,0.011,0.018,0.001,-0.000,-0.009,-0.000,0.021,-0.015,-0.015
mag,218366,0.016,-0.004,0.014,-0.035,-0.004,-0.003,-0.007,0.015,0.010,-0.002,-0.006,0.007,-0.012,0.002,0.008,0.035,-0.006,-0.021,0.029,-0.004,0.007,0.016,0.004,0.022
mag,218446,-0.023,0.003,0.002,-0.028,-0.002,0.006,-0.002,-0.015,-0.012,0.013,-0.006,0.004,-0.024,-0.000,-0.006,0.021,-0.021,-0.019,0.005,-0.034,0.002,-0.011,-0.030,-0.005
mag,218526,0.026,-0.026,-0.010,0.026,0.003,-0.016,-0.014,0.005,0.005,-0.014,0.023,-0.018,-0.010,0.012,0.008,0.016,-0.004,-0.007,-0.010,-0.024,-0.012,0.011,-0.006,-0.007
mag,218605,-0.003,0.025,0.004,-0.011,-0.002,-0.021,-0.012,0.002,-0.007,0.006,0.013,-0.008,0.029,0.007,-0.021,-0.011,-0.001,-0.009,0.015,-0.007,0.002,-0.013,0.009,-0.007
mag,218685,0.009,0.021,0.014,0.002,-0.024,0.001,0.013,-0.032,-0.014,-0.021,0.011,0.012,-0.014,0.024,-0.006,-0.016,0.004,-0.012,0.012,-0.016,0.005,-0.028,-0.013,0.010
mag,218764,-0.013,0.018,0.004,0.041,-0.004,0.001,-0.014,0.024,0.005,0.020,0.011,-0.000,-0.017,0.014,-0.014,-0.019,0.018,-0.002,0.017,-0.026,0.002,0.006,0.011,-0.005
mag,218843,-0.011,0.001,-0.008,-0.006,0.025,-0.001,-0.002,-0.020,-0.005,0.008,0.025,0.012,0.015,0.022,-0.001,0.001,-0.001,0.020,0.029,0.001,0.005,-0.006,-0.006,-0.005
mag,218922,0.001,0.025,0.002,0.011,0.006,0.011,-0.004,0.002,0.003,0.006,0.003,0.019,0.020,-0.000,0.004,0.033,0.006,-0.009,-0.005,-0.002,-0.000,-0.004,-0.003,-0.007
mag,219001,0.011,-0.031,-0.025,0.016,0.008,0.014,0.018,-0.044,0.017,-0.004,0.008,-0.000,-0.007,0.002,0.008,-0.014,-0.011,0.013,0.010,-0.012,-0.000,0.018,-0.018,-0.007
mag,219080,-0.028,-0.006,0.014,-0.018,0.013,0.006,-0.004,0.010,-0.009,-0.021,-0.019,0.012,-0.010,-0.008,-0.004,0.008,-0.026,0.001,0.010,0.015,-0.003,0.004,-0.008,-0.005
mag,219159,-0.008,-0.001,-0.001,-0.003,-0.019,-0.011,0.025,-0.015,0.005,-0.043,-0.011,-0.005,-0.027,0.002,0.013,0.038,0.018,-0.014,-0.012,-0.004,0.019,0.004,-0.025,-0.005
mag,219238,0.050,-0.011,0.004,0.004,-0.007,0.009,-0.007,0.027,-0.014,-0.024,-0.021,0.002,0.005,0.022,-0.014,0.028,-0.030,0.003,-0.007,-0.002,0.009,-0.018,0.009,0.007
mag,219317,-0.013,-0.011,-0.003,-0.015,-0.016,0.009,0.023,-0.007,0.008,0.018,-0.004,-0.013,0.003,-0.008,0.008,-0.014,0.011,0.010,0.002,-0.002,-0.015,0.004,0.002,0.010
mag,219396,0.004,-0.016,-0.001,0.004,0.008,-0.011,-0.014,-0.012,-0.007,0.020,-0.009,-0.010,0.003,-0.022,-0.016,-0.019,-0.021,0.013,0.019,-0.002,0.007,0.006,-0.010,0.000
mag,219475,-0.025,0.003,-0.003,-0.015,0.001,0.006,-0.002,0.017,0.010,-0.012,0.020,0.009,0.003,0.029,-0.006,-0.026,-0.001,-0.009,0.024,-0.012,-0.000,-0.006,-0.010,0.012
mag,219554,-0.001,0.013,0.002,-0.003,-0.026,-0.003,-0.021,-0.005,-0.009,-0.009,0.020,0.002,0.003,-0.037,-0.014,-0.019,0.031,0.001,-0.005,-0.009,-0.005,0.004,-0.010,0.007
mag,219633,-0.013,-0.001,-0.006,0.002,0.037,-0.008,0.030,-0.020,0.008,-0.021,-0.024,-0.003,-0.012,-0.022,-0.006,-0.026,-0.016,0.008,0.005,-0.009,0.007,-0.018,0.009,-0.005
mag,219712,0.011,-0.009,0.007,-0.001,-0.004,0.014,0.010,0.022,0.003,-0.002,-0.014,-0.000,0.005,0.007,-0.006,0.006,-0.030,0.005,-0.032,0.001,0.005,0.001,0.024,-0.005
mag,219791,-0.013,0.006,-0.015,-0.003,0.006,0.009,-0.004,0.010,0.010,-0.002,0.003,0.014,-0.036,0.014,-0.006,0.016,0.031,0.010,0.007,-0.002,0.005,0.006,-0.008,0.003
mag,219870,0.004,-0.009,0.007,0.007,-0.007,-0.018,-0.038,0.005,0.000,-0.012,-0.028,0.017,-0.005,-0.017,0.008,-0.004,0.014,-0.004,-0.024,-0.014,0.002,-0.006,-0.003,-0.005
mag,219949,-0.008,0.003,0.011,-0.037,0.013,-0.011,0.008,0.002,0.003,0.001,0.006,0.004,0.015,0.012,0.016,0.016,0.031,-0.014,0.029,0.003,0.002,-0.006,0.002,-0.015
mag,220027,0.001,-0.006,0.002,-0.013,-0.019,0.009,0.023,-0.024,0.010,0.015,-0.002,0.004,-0.014,0.005,-0.004,0.011,-0.013,-0.021,0.017,0.015,0.002,-0.021,0.004,0.003
mag,220106,0.011,0.018,-0.008,0.014,0.028,-0.006,-0.007,-0.010,0.000,0.035,0.023,0.007,0.003,0.007,0.004,-0.016,-0.026,0.008,0.002,-0.029,-0.010,-0.013,-0.015,-0.010
mag,220185,-0.013,-0.011,-0.001,-0.011,-0.019,0.009,-0.021,-0.002,0.005,0.045,-0.016,0.021,-0.017,-0.005,-0.004,0.003,-0.055,0.001,0.005,-0.029,-0.010,-0.026,-0.001,0.003
mag,220264,0.019,-0.014,0.004,0.011,0.003,0.001,-0.043,-0.029,-0.009,-0.009,-0.002,-0.005,0.010,-0.017,-0.004,-0.028,-0.018,-0.002,0.019,0.010,-0.000,-0.001,-0.006,0.000
mag,220344,-0.013,-0.001,-0.028,-0.018,0.011,-0.008,0.006,-0.015,0.010,-0.009,0.020,-0.005,-0.002,-0.020,-0.001,0.006,-0.016,-0.004,0.022,-0.024,0.012,0.001,0.019,0.010
mag,220423,0.021,-0.004,0.004,-0.006,-0.016,0.011,0.030,0.024,0.005,0.006,-0.009,0.026,0.003,-0.008,0.016,-0.040,-0.026,0.008,0.012,0.006,0.024,0.018,0.004,0.022
mag,220501,-0.018,0.001,0.009,0.019,-0.024,0.006,0.006,-0.039,-0.009,0.018,-0.019,0.007,0.003,0.005,-0.004,0.008,-0.004,0.015,0.024,-0.021,0.009,-0.011,-0.020,-0.027
mag,220580,-0.001,-0.001,-0.010,0.038,0.023,-0.006,0.001,-0.017,-0.002,0.030,0.003,-0.000,0.010,-0.027,0.006,-0.006,0.001,0.005,-0.015,0.013,0.007,-0.011,0.021,0.000
mag,220659,-0.021,-0.006,-0.003,-0.008,-0.004,-0.008,-0.024,0.002,-0.005,0.018,-0.009,-0.003,0.010,0.022,0.008,-0.001,-0.008,-0.002,0.032,-0.041,-0.003,0.006,0.014,0.010
mag,220739,0.006,0.011,0.011,0.004,0.018,-0.021,-0.016,-0.012,-0.012,-0.009,-0.014,0.012,0.025,0.022,0.006,-0.023,-0.048,0.013,0.007,-0.007,0.012,-0.016,-0.030,0.010
mag,220817,-0.013,0.023,-0.006,0.002,-0.031,0.001,-0.007,-0.017,0.008,-0.021,-0.021,0.012,0.010,0.024,0.013,0.003,-0.026,0.015,0.005,-0.007,-0.003,-0.016,-0.020,-0.017
mag,220897,-0.008,-0.014,0.007,0.011,0.001,-0.003,-0.026,0.012,0.008,0.006,0.008,-0.005,-0.014,-0.030,-0.001,-0.014,-0.004,0.010,0.029,-0.016,-0.005,-0.028,-0.010,-0.017
mag,220976,0.011,0.013,-0.010,-0.001,-0.007,-0.006,-0.021,0.022,-0.009,0.003,-0.006,0.004,0.020,-0.032,-0.004,-0.019,0.018,-0.004,0.007,0.001,0.002,-0.018,-0.008,-0.005
mag,221055,0.019,0.006,-0.001,0.004,-0.002,0.021,0.032,0.017,0.008,-0.007,-0.050,-0.000,-0.012,-0.032,-0.011,-0.016,-0.013,-0.017,-0.015,0.015,0.014,0.001,-0.001,0.012
mag,221134,-0.008,-0.019,-0.001,0.007,-0.038,0.004,-0.002,-0.010,-0.014,0.028,0.003,-0.005,-0.007,-0.039,-0.011,0.006,-0.008,-0.004,0.010,-0.019,0.009,-0.021,-0.025,0.005
mag,221213,0.006,-0.026,0.011,-0.008,-0.029,0.009,-0.004,-0.027,-0.014,0.001,-0.002,-0.013,0.010,-0.003,-0.004,0.016,-0.021,0.008,0.034,-0.007,-0.010,0.021,-0.008,0.010
mag,221292,-0.013,0.016,-0.003,0.002,-0.026,-0.006,0.015,-0.005,0.010,-0.019,0.030,-0.013,-0.032,-0.017,-0.006,0.023,-0.018,-0.012,-0.000,0.018,-0.012,0.014,-0.001,-0.005
mag,221372,-0.003,-0.014,-0.023,0.011,-0.004,-0.011,0.020,0.012,0.010,0.015,-0.011,-0.000,-0.012,-0.000,-0.006,-0.004,0.001,-0.004,0.002,-0.012,-0.005,0.014,-0.032,0.003
mag,221451,-0.011,0.001,-0.001,-0.015,-0.033,0.006,-0.024,-0.032,-0.007,-0.021,0.015,0.009,-0.049,0.002,-0.001,-0.019,0.006,0.013,-0.007,-0.014,-0.020,-0.018,-0.010,-0.005
mag,221530,-0.016,-0.023,-0.008,-0.025,-0.038,0.001,-0.016,-0.005,-0.009,0.020,0.011,-0.008,0.010,0.010,0.006,0.008,-0.013,0.008,-0.003,-0.004,0.012,-0.011,0.029,0.010
mag,221609,0.004,0.011,0.004,0.021,-0.041,-0.008,-0.021,-0.010,-0.022,-0.016,0.003,-0.008,0.022,-0.015,-0.009,-0.036,-0.040,0.005,0.012,0.003,-0.008,-0.013,-0.020,-0.002
mag,221688,0.021,-0.006,0.007,0.026,-0.004,0.004,-0.036,-0.012,-0.022,-0.014,0.006,-0.003,-0.044,0.017,0.013,-0.011,0.033,0.010,0.019,-0.004,-0.000,0.033,-0.030,-0.017
mag,221767,0.001,-0.006,-0.001,0.009,0.011,0.001,-0.002,-0.007,-0.007,0.003,-0.004,-0.000,0.020,0.007,-0.004,0.023,0.018,0.003,-0.029,0.030,0.009,-0.006,-0.013,0.015
mag,221846,0.004,-0.009,0.024,0.004,-0.019,-0.011,0.013,-0.005,-0.009,0.049,-0.031,-0.000,-0.014,0.005,-0.004,-0.009,-0.004,-0.017,0.005,-0.016,0.009,-0.001,0.009,0.003
mag,221925,-0.013,-0.004,-0.006,0.041,0.025,0.004,0.006,-0.017,-0.012,0.018,-0.019,0.009,-0.027,0.027,0.006,0.006,-0.004,0.001,0.027,-0.014,-0.020,0.018,-0.010,0.015
mag,222004,-0.011,0.003,-0.006,0.009,-0.016,0.009,0.013,0.005,-0.005,0.010,0.015,0.004,-0.005,0.012,0.011,-0.036,-0.038,-0.012,-0.007,0.003,0.007,-0.018,0.016,0.003
mag,222083,-0.013,-0.016,0.002,0.004,0.042,0.016,-0.031,0.022,0.010,-0.019,0.015,0.002,-0.019,-0.010,-0.001,-0.001,0.004,0.003,0.017,-0.038,0.007,-0.001,-0.001,0.010
mag,222162,0.011,-0.006,-0.006,-0.001,-0.002,-0.001,0.008,0.010,0.003,0.018,0.006,-0.010,-0.010,-0.000,0.008,0.003,0.026,-0.019,-0.003,-0.019,-0.015,0.009,-0.006,0.010
mag,222241,0.009,0.011,0.002,0.002,-0.016,-0.008,0.032,-0.020,-0.007,0.006,-0.004,0.004,-0.014,0.017,-0.004,-0.023,-0.018,0.001,0.007,-0.009,-0.010,-0.052,0.024,-0.010
mag,222321,0.011,0.011,0.016,-0.023,0.003,0.004,0.018,0.032,0.010,-0.029,0.018,-0.003,-0.002,0.002,0.006,0.013,0.011,0.001,0.015,0.047,-0.010,-0.004,-0.006,-0.005
mag,222399,0.011,0.003,0.021,0.009,0.008,0.004,-0.016,-0.005,-0.007,0.037,0.020,0.014,-0.005,0.007,-0.023,-0.014,0.006,0.005,-0.005,-0.034,-0.017,0.011,-0.010,0.003
mag,222479,-0.028,-0.009,-0.006,0.007,-0.004,-0.003,0.008,-0.002,0.003,0.010,0.001,0.004,0.008,0.012,0.001,0.021,0.011,0.005,0.005,0.006,-0.010,0.001,0.009,0.000
mag,222558,0.004,-0.031,0.002,-0.001,-0.014,0.004,0.008,0.005,-0.002,-0.009,-0.014,-0.005,0.008,0.012,-0.009,-0.021,0.004,-0.004,0.015,0.013,0.014,-0.008,0.024,-0.012
mag,222637,-0.013,-0.019,0.009,0.002,0.001,0.011,0.032,-0.002,-0.007,0.028,-0.006,0.012,0.005,0.010,0.011,-0.016,0.011,0.010,0.005,0.001,-0.005,0.014,-0.008,0.005
mag,222716,-0.008,-0.011,-0.001,0.007,-0.019,-0.008,0.006,-0.010,-0.009,0.037,-0.006,0.007,-0.002,0.002,-0.001,0.003,-0.018,-0.002,0.005,-0.029,0.007,0.021,0.024,0.007
mag,222796,-0.033,-0.011,-0.008,0.016,-0.019,-0.013,0.003,-0.039,0.032,-0.002,-0.006,-0.000,-0.017,0.014,0.006,0.013,0.006,0.008,0.034,-0.058,-0.015,0.004,-0.023,-0.007
mag,222875,-0.008,-0.001,-0.008,-0.030,-0.007,0.004,0.003,0.012,0.008,-0.009,0.018,0.002,0.029,-0.015,-0.001,0.008,-0.006,0.008,-0.007,0.013,0.017,-0.023,-0.013,0.005
mag,222955,0.011,0.011,0.004,-0.001,-0.016,0.001,0.023,-0.010,0.005,0.015,0.008,-0.010,-0.014,-0.003,-0.016,0.016,-0.006,-0.007,0.012,0.030,0.027,-0.016,-0.028,0.007
mag,223035,-0.021,-0.001,-0.006,-0.011,-0.019,-0.003,0.008,-0.015,0.005,-0.002,0.003,-0.003,-0.017,0.014,-0.004,0.011,0.004,0.023,-0.022,0.030,0.002,-0.011,-0.018,0.020
mag,223114,0.040,-0.016,0.014,0.004,-0.024,-0.003,-0.009,-0.002,-0.005,-0.014,0.013,0.004,0.037,-0.025,0.001,-0.009,0.016,-0.004,-0.000,-0.014,-0.022,-0.018,0.029,-0.005
mag,223194,-0.008,-0.009,-0.001,-0.015,-0.002,-0.001,-0.016,-0.005,-0.009,0.001,-0.002,0.012,-0.019,0.002,-0.006,0.016,-0.013,-0.004,0.007,-0.012,-0.012,-0.001,0.007,-0.005
mag,223274,-0.018,0.006,0.004,0.002,-0.007,0.016,0.006,-0.005,-0.017,0.013,0.001,0.007,0.010,-0.003,0.004,-0.009,0.009,0.001,0.015,-0.004,-0.003,-0.023,-0.003,0.003
mag,223354,-0.008,-0.016,0.004,-0.013,-0.007,-0.003,0.015,-0.007,0.008,-0.014,0.003,-0.013,-0.010,-0.008,0.001,-0.026,0.004,0.010,0.015,0.015,0.009,-0.006,-0.003,0.020
mag,223434,-0.013,0.013,0.019,-0.003,-0.002,0.016,-0.007,-0.010,-0.005,-0.029,-0.028,0.019,-0.019,-0.000,-0.011,-0.023,0.023,-0.009,-0.020,-0.014,0.009,-0.013,0.021,-0.010
mag,223513,0.014,-0.011,0.007,-0.008,0.015,0.009,-0.002,-0.015,0.005,-0.007,-0.002,0.002,0.027,-0.017,-0.006,0.018,0.018,-0.012,0.034,-0.014,0.012,0.023,-0.001,-0.002
mag,223591,0.001,0.001,0.014,-0.011,0.020,-0.016,0.008,-0.024,-0.007,0.020,0.001,0.007,-0.002,-0.015,0.006,-0.001,-0.001,-0.014,0.012,-0.004,-0.010,-0.052,-0.020,0.000
mag,223670,0.011,0.001,0.004,-0.013,0.028,-0.001,0.010,-0.020,-0.005,0.006,-0.002,-0.018,-0.024,0.007,-0.004,0.008,-0.018,-0.019,0.017,0.013,0.005,0.006,-0.030,-0.005
mag,223750,-0.023,0.030,-0.001,0.004,-0.011,-0.016,-0.007,-0.010,0.000,-0.019,0.008,-0.008,-0.007,-0.003,0.001,0.028,0.009,-0.007,0.019,-0.009,-0.000,0.018,0.033,-0.019
mag,223830,0.011,-0.011,-0.008,0.004,-0.009,0.014,0.023,-0.007,-0.007,0.001,0.003,0.012,0.012,0.012,-0.009,-0.011,0.006,-0.002,-0.024,0.025,0.012,-0.013,0.009,-0.007
mag,223909,-0.033,0.006,0.011,0.009,0.020,-0.003,0.015,-0.027,0.008,-0.014,-0.019,0.002,0.005,0.005,0.001,0.035,-0.004,0.008,0.007,0.006,0.002,0.031,0.009,-0.005
mag,223988,0.011,-0.014,-0.001,-0.008,0.018,0.009,-0.031,-0.029,0.010,0.010,-0.002,0.014,-0.022,0.007,0.018,-0.011,0.021,-0.012,0.017,-0.009,-0.003,0.009,-0.020,0.010
mag,224068,-0.003,0.001,-0.003,0.031,0.025,0.011,0.025,-0.002,0.017,0.003,-0.009,-0.020,0.003,0.022,-0.009,-0.011,-0.018,-0.002,0.005,0.003,0.005,0.009,0.002,-0.002
mag,224147,0.021,-0.031,-0.003,-0.015,-0.007,-0.006,0.015,-0.017,0.013,0.001,-0.002,0.002,-0.014,-0.008,0.011,0.003,0.053,-0.009,-0.015,-0.046,-0.000,-0.035,0.007,-0.007
mag,224227,0.001,-0.033,-0.001,-0.028,-0.009,-0.006,0.020,-0.007,0.008,-0.007,-0.011,-0.005,0.015,-0.030,-0.014,0.021,0.006,-0.004,-0.000,0.025,-0.003,0.016,0.002,0.003
mag,224307,-0.001,0.008,0.007,0.014,0.008,-0.001,-0.041,-0.020,0.010,-0.002,-0.033,-0.000,0.003,-0.015,-0.006,-0.016,-0.013,0.001,0.007,0.030,-0.005,-0.008,0.004,0.005
mag,224386,0.026,-0.006,-0.006,0.002,0.025,0.019,0.003,0.017,0.003,-0.016,0.040,0.012,-0.014,-0.037,0.023,-0.009,-0.021,0.008,0.022,0.010,0.002,-0.004,-0.015,0.005
mag,224466,-0.011,0.025,-0.001,0.002,-0.019,0.019,0.006,-0.002,0.000,0.001,-0.004,-0.008,-0.005,0.014,0.013,0.001,-0.018,0.005,0.012,-0.038,0.014,0.004,0.009,0.007
mag,224545,0.011,-0.009,-0.006,-0.008,0.013,0.004,-0.004,-0.005,-0.009,-0.031,-0.041,0.004,-0.007,-0.020,0.013,-0.033,0.011,-0.004,-0.020,-0.002,0.005,-0.004,0.004,-0.022
mag,224624,-0.025,0.003,0.009,0.009,-0.026,-0.006,-0.014,-0.012,0.000,-0.004,-0.004,0.012,-0.002,-0.027,-0.004,-0.045,-0.023,-0.004,-0.010,-0.002,0.014,-0.008,-0.023,-0.017
mag,224704,-0.013,0.008,0.009,-0.003,-0.046,0.001,0.010,0.022,0.008,-0.002,0.008,0.002,-0.005,-0.008,-0.014,0.016,-0.016,-0.004,-0.017,-0.002,-0.005,0.004,-0.020,0.000
mag,224784,-0.023,-0.019,0.011,-0.013,-0.016,-0.003,-0.014,0.005,-0.017,-0.014,0.030,-0.008,-0.024,0.022,0.004,-0.001,-0.038,0.005,0.002,-0.019,0.007,-0.013,-0.018,-0.002
mag,224863,-0.001,0.003,-0.001,0.014,0.006,0.016,0.032,-0.029,0.005,-0.007,0.008,0.002,-0.017,-0.000,0.018,-0.006,-0.006,-0.004,0.005,-0.007,-0.000,-0.006,-0.025,-0.005
mag,224942,-0.035,-0.009,0.011,0.016,-0.016,-0.011,0.003,-0.029,0.017,0.008,-0.006,0.009,-0.036,0.022,0.004,-0.019,0.040,-0.014,0.005,-0.016,-0.012,0.023,-0.001,-0.005
mag,225022,0.016,0.001,-0.001,-0.035,0.006,0.019,-0.004,0.019,-0.002,0.003,-0.024,0.019,-0.024,-0.044,0.013,-0.021,-0.013,0.008,0.034,-0.014,-0.015,-0.001,-0.015,-0.010
mag,225101,0.016,-0.019,0.011,0.024,-0.014,0.006,-0.004,-0.005,-0.009,0.013,0.006,0.002,-0.022,-0.034,0.008,0.035,0.004,0.003,-0.015,-0.029,-0.012,0.021,-0.025,-0.005
mag,225180,0.023,-0.009,0.002,-0.008,-0.002,-0.006,0.008,-0.012,0.003,0.006,-0.011,-0.008,-0.019,0.005,-0.009,0.003,-0.004,-0.019,-0.024,-0.029,0.012,-0.006,-0.010,0.000
mag,225259,-0.021,-0.004,0.007,0.007,-0.007,0.014,-0.009,-0.022,0.020,-0.026,-0.002,0.007,0.010,-0.025,0.004,0.013,-0.006,-0.002,-0.012,-0.009,-0.012,0.001,-0.018,0.015
mag,225338,0.009,-0.021,-0.006,0.021,-0.009,0.004,-0.007,-0.020,0.005,0.001,0.003,-0.005,-0.010,-0.020,0.008,0.001,-0.006,0.003,-0.022,-0.014,0.005,-0.011,0.007,0.003
mag,225417,-0.016,-0.019,-0.003,-0.008,-0.002,-0.023,-0.019,-0.024,0.020,-0.014,-0.014,0.004,0.022,-0.010,-0.011,0.001,0.009,0.001,-0.010,-0.007,-0.008,-0.011,-0.020,0.005
mag,225496,0.009,0.016,0.016,-0.006,-0.021,-0.011,-0.002,0.024,-0.014,0.013,-0.048,0.021,-0.012,-0.008,0.013,0.038,0.014,-0.004,0.024,-0.026,0.002,-0.011,0.014,-0.012
mag,225575,-0.018,-0.028,-0.008,-0.003,-0.011,0.014,-0.007,0.005,-0.005,0.015,-0.021,-0.003,-0.019,-0.005,0.001,-0.014,-0.008,-0.002,0.027,0.023,-0.008,-0.006,-0.006,0.003
mag,225654,-0.001,-0.014,-0.001,-0.003,0.018,0.001,0.006,0.005,0.008,0.006,-0.002,-0.000,-0.019,0.007,-0.009,0.038,-0.013,0.001,0.002,-0.019,0.012,-0.001,0.002,-0.007
mag,225733,-0.001,-0.021,0.007,0.007,-0.007,-0.003,-0.004,-0.005,-0.009,0.008,0.011,0.019,-0.029,0.005,-0.004,-0.011,0.009,-0.017,-0.005,-0.012,-0.015,-0.006,-0.018,0.012
mag,225812,-0.003,-0.011,0.004,0.021,0.020,0.006,0.028,-0.007,0.000,-0.029,-0.011,0.004,0.003,-0.010,-0.009,0.011,-0.008,0.010,0.005,0.006,-0.008,-0.028,-0.018,0.003
mag,225891,0.001,-0.028,-0.018,-0.023,0.001,0.011,0.003,0.017,0.000,-0.009,-0.033,-0.003,0.003,0.024,-0.014,-0.006,-0.016,0.001,-0.005,-0.007,0.012,-0.013,-0.003,-0.010
mag,225971,0.001,-0.041,-0.003,0.016,-0.007,0.001,0.008,0.007,-0.005,0.037,-0.021,0.002,-0.017,-0.008,-0.009,-0.006,0.004,0.010,0.054,-0.012,0.005,0.023,0.011,0.015
mag,226049,-0.023,-0.019,-0.008,0.009,-0.016,0.011,0.030,-0.017,0.013,0.001,0.006,0.009,-0.041,-0.015,0.004,-0.004,-0.023,0.001,0.024,-0.016,0.009,0.006,0.016,-0.005
mag,226128,0.009,-0.016,0.016,0.016,-0.019,-0.001,0.013,-0.010,0.008,-0.009,-0.014,0.014,-0.010,-0.003,-0.001,0.016,0.006,-0.012,0.007,-0.041,-0.012,-0.033,0.033,-0.002
mag,226208,0.004,0.011,-0.006,-0.003,-0.002,0.004,0.025,-0.007,0.000,-0.016,-0.033,-0.010,-0.019,-0.005,0.018,0.001,-0.035,-0.002,-0.032,-0.002,0.017,-0.030,-0.006,0.012
mag,226287,0.009,-0.004,0.004,0.011,-0.007,0.021,-0.007,-0.017,0.015,-0.024,-0.014,-0.003,-0.005,-0.005,-0.006,0.013,-0.021,0.018,0.032,0.001,-0.005,0.014,-0.020,-0.002
mag,226366,0.019,0.001,-0.013,0.016,0.008,-0.001,-0.019,-0.017,0.003,0.023,-0.024,0.004,0.010,0.005,0.001,0.018,-0.008,0.001,0.017,-0.004,-0.010,0.014,-0.023,0.005
mag,226445,0.021,-0.011,0.004,-0.006,0.023,-0.001,-0.004,0.032,0.008,0.008,0.003,0.002,-0.017,-0.005,0.001,0.018,-0.006,-0.007,0.024,0.037,0.009,-0.008,-0.040,0.003
mag,226524,0.019,0.008,0.014,-0.011,-0.029,-0.001,-0.019,0.012,0.010,0.010,-0.002,0.007,0.008,0.019,-0.014,-0.028,0.023,-0.014,-0.015,-0.004,0.014,0.006,-0.018,-0.007
mag,226603,0.006,-0.009,-0.008,0.004,-0.019,-0.001,0.006,-0.010,0.003,-0.024,-0.024,0.007,0.008,-0.027,-0.014,-0.011,0.014,0.003,0.012,0.032,-0.017,-0.004,0.007,0.003
mag,226682,-0.011,0.003,-0.001,-0.025,-0.004,-0.001,0.020,0.007,-0.005,-0.014,-0.014,-0.000,0.027,-0.003,0.006,0.006,-0.006,0.015,0.002,-0.004,0.009,-0.013,-0.018,0.005
mag,226761,-0.006,-0.016,0.007,0.011,-0.004,0.009,0.028,0.002,0.005,0.008,0.018,0.007,0.025,-0.000,-0.001,0.013,-0.040,-0.004,0.010,0.008,0.012,0.014,-0.040,0.000
mag,226839,-0.001,-0.033,-0.008,-0.023,0.008,-0.003,0.013,-0.002,0.013,0.001,-0.009,0.004,-0.029,-0.015,-0.009,0.035,0.021,0.005,0.005,-0.004,-0.008,0.004,0.031,-0.015
mag,226918,-0.013,0.008,-0.003,0.002,0.006,0.004,0.003,-0.017,0.000,0.025,-0.028,0.019,-0.007,-0.010,-0.009,0.006,-0.033,0.005,0.019,-0.026,-0.005,0.001,-0.006,-0.019
mag,226997,-0.008,0.003,-0.001,-0.037,0.008,0.001,0.013,0.005,-0.014,-0.014,0.006,0.021,-0.005,0.002,-0.006,0.011,0.009,-0.012,0.017,-0.029,0.009,-0.008,0.011,-0.005
mag,227076,-0.021,-0.019,-0.001,-0.033,0.018,0.019,0.010,-0.002,-0.005,-0.002,-0.041,-0.005,-0.005,-0.015,-0.001,-0.009,-0.016,-0.017,-0.007,-0.026,-0.012,0.016,-0.030,-0.012
mag,227156,0.019,0.008,0.021,-0.003,0.013,0.004,-0.002,-0.002,-0.009,-0.007,-0.002,-0.025,0.025,0.010,0.004,-0.023,0.004,-0.026,-0.022,0.013,-0.000,0.016,0.011,0.012
mag,227235,-0.025,-0.033,0.007,-0.006,-0.007,0.011,0.010,0.019,-0.019,-0.007,-0.028,-0.010,-0.017,-0.000,-0.014,-0.016,-0.011,0.018,-0.000,-0.021,-0.003,-0.016,-0.006,-0.019
mag,227315,0.014,0.006,0.007,0.016,-0.009,0.001,0.018,-0.012,0.008,0.001,0.023,-0.008,-0.014,-0.000,0.006,0.006,-0.001,-0.012,-0.029,-0.012,0.017,-0.006,-0.030,-0.015
mag,227393,0.019,-0.021,0.004,-0.011,-0.021,-0.011,-0.007,-0.015,-0.017,-0.026,-0.014,-0.010,0.003,0.012,-0.023,-0.001,-0.035,-0.009,-0.003,0.010,-0.010,0.006,-0.008,-0.019
mag,227473,0.006,-0.026,-0.010,-0.003,-0.016,-0.001,-0.002,-0.027,0.015,-0.002,-0.028,0.012,0.008,-0.030,-0.009,0.016,0.014,0.003,-0.007,-0.029,0.002,-0.028,-0.052,0.010
mag,227552,-0.016,0.001,0.002,-0.018,-0.029,0.001,0.003,0.017,0.005,0.003,-0.004,-0.008,0.005,0.010,-0.011,-0.006,-0.023,0.010,0.012,-0.004,-0.017,-0.021,0.036,0.003
mag,227631,-0.030,0.016,-0.010,-0.006,-0.014,-0.013,-0.004,0.015,0.013,0.006,-0.019,0.004,-0.010,0.036,-0.006,-0.031,-0.030,-0.021,0.015,-0.004,-0.008,-0.011,-0.028,-0.012
mag,227710,-0.013,-0.011,-0.001,-0.020,-0.009,-0.011,-0.002,-0.029,0.003,-0.014,0.006,0.002,0.010,0.002,0.001,0.013,0.004,-0.007,-0.010,0.018,-0.017,-0.026,-0.015,0.007
mag,227789,-0.013,-0.011,-0.006,0.007,-0.019,-0.011,-0.021,0.012,0.017,-0.004,-0.006,-0.010,0.010,-0.017,0.001,0.025,0.026,-0.012,0.010,-0.012,-0.012,-0.028,-0.025,0.005
mag,227868,0.031,0.008,-0.008,0.014,-0.026,-0.006,0.003,-0.029,0.003,-0.002,0.013,0.004,-0.007,-0.027,0.006,0.011,0.006,0.015,0.019,-0.016,0.002,0.033,0.011,-0.012
mag,227947,-0.016,-0.021,0.016,-0.001,0.020,-0.011,-0.012,0.002,0.000,0.001,-0.043,0.009,0.015,-0.015,-0.011,0.011,0.021,0.005,0.005,0.020,-0.010,-0.026,-0.013,0.003
mag,228026,0.009,0.006,-0.018,-0.018,-0.011,-0.003,0.008,-0.044,0.010,-0.019,0.062,0.012,-0.014,0.005,0.008,-0.026,0.023,0.008,0.029,-0.012,-0.010,-0.016,-0.001,0.007
mag,228105,0.006,-0.019,-0.006,-0.033,0.015,-0.001,0.020,-0.007,-0.007,-0.019,0.008,-0.000,-0.027,0.022,0.008,0.016,0.009,0.005,0.005,0.008,-0.000,-0.026,-0.013,-0.012
mag,228184,-0.013,-0.004,-0.006,0.002,-0.026,-0.008,-0.041,0.010,0.000,0.015,0.001,-0.000,0.022,0.014,-0.009,-0.023,0.026,0.003,-0.032,-0.014,-0.003,-0.016,0.026,-0.017
mag,228263,0.006,0.001,0.009,0.004,-0.021,0.009,0.003,0.002,-0.005,0.003,-0.011,-0.005,-0.017,-0.012,0.006,0.040,-0.026,-0.002,-0.010,0.008,0.009,0.006,0.016,-0.010
mag,228343,-0.003,0.003,-0.006,-0.011,-0.014,-0.011,0.015,-0.007,0.000,-0.007,-0.016,0.004,0.003,0.002,-0.001,0.018,0.018,0.008,-0.007,0.001,-0.000,-0.004,-0.028,-0.012
mag,228422,-0.025,-0.023,-0.020,-0.018,-0.014,0.006,0.003,-0.010,0.008,0.006,-0.060,0.009,-0.014,0.017,0.011,0.003,-0.013,0.003,0.019,0.008,-0.003,0.009,-0.003,-0.007
mag,228501,-0.006,-0.006,-0.025,0.014,-0.002,0.011,-0.007,-0.017,0.017,-0.009,-0.016,-0.005,-0.014,-0.025,0.004,-0.016,-0.004,-0.007,-0.010,-0.031,-0.003,0.004,-0.010,-0.012
mag,228581,-0.028,0.016,-0.018,-0.025,-0.024,0.014,0.008,0.017,-0.002,-0.016,-0.024,-0.000,-0.005,0.012,-0.011,-0.014,-0.011,-0.014,-0.000,-0.016,-0.010,0.011,-0.003,-0.002
mag,228661,-0.023,0.011,0.002,0.014,-0.026,-0.003,0.001,-0.015,-0.012,0.008,0.033,0.004,-0.005,0.014,0.001,-0.004,-0.018,0.003,0.005,-0.007,0.007,-0.008,0.004,-0.010
mag,228741,0.023,-0.019,-0.008,-0.006,0.006,-0.001,0.010,-0.010,0.005,0.013,0.015,0.007,-0.024,-0.020,0.008,-0.009,0.001,-0.019,-0.017,0.015,-0.005,-0.018,0.002,0.000
mag,228820,-0.013,0.023,-0.003,-0.011,-0.011,-0.003,0.018,0.041,-0.014,-0.016,-0.021,-0.003,0.005,0.005,-0.004,0.023,-0.001,-0.017,-0.000,0.001,0.002,-0.006,-0.003,0.007
mag,228900,0.019,-0.006,0.004,-0.018,-0.004,-0.006,-0.021,0.015,-0.007,-0.002,-0.014,-0.003,-0.014,0.002,0.023,-0.021,-0.011,-0.007,-0.034,-0.021,-0.012,-0.021,-0.018,-0.005
mag,228980,-0.028,0.011,0.004,-0.023,0.003,0.001,-0.007,-0.017,0.008,0.008,0.008,-0.018,-0.014,-0.005,0.018,-0.001,-0.011,0.010,-0.007,0.018,0.005,0.006,0.007,0.000
mag,229060,-0.025,-0.001,0.002,-0.025,-0.014,0.009,0.006,0.005,0.000,0.010,-0.026,-0.015,0.020,-0.056,0.004,0.025,0.004,0.003,0.005,-0.012,-0.010,0.006,-0.008,0.010
mag,229139,0.004,-0.009,0.019,-0.003,-0.007,-0.013,0.003,-0.015,-0.007,0.023,0.006,-0.003,0.005,-0.017,0.021,-0.033,-0.016,0.010,-0.007,0.006,-0.003,0.014,-0.006,-0.002
mag,229219,-0.003,-0.014,0.014,0.014,-0.021,-0.001,0.013,-0.054,0.008,0.008,-0.019,0.002,0.017,0.034,-0.001,0.040,-0.006,-0.004,0.039,0.020,0.012,-0.021,0.009,-0.002
mag,229298,-0.013,-0.023,-0.006,0.009,0.020,0.023,0.003,-0.022,0.008,-0.002,-0.014,-0.000,0.034,0.017,-0.001,-0.009,-0.008,-0.007,-0.015,0.006,-0.005,-0.023,-0.008,-0.017
mag,229378,-0.013,-0.004,0.002,-0.013,-0.019,0.004,-0.012,0.002,-0.002,0.006,-0.026,-0.018,-0.007,0.019,-0.006,-0.001,0.014,-0.004,0.012,0.010,-0.000,-0.001,-0.020,-0.027
mag,229458,0.009,-0.033,-0.008,-0.001,-0.009,0.011,-0.002,0.002,0.003,0.001,0.020,-0.013,-0.034,-0.003,-0.004,-0.014,-0.008,-0.024,-0.017,-0.007,-0.015,0.009,0.002,-0.007
mag,229538,0.016,0.011,-0.008,-0.011,-0.004,-0.011,-0.024,0.010,0.010,0.013,-0.024,0.017,-0.024,-0.027,-0.006,0.021,-0.018,0.010,-0.000,-0.019,-0.022,-0.018,0.016,0.000
mag,229618,0.004,-0.033,-0.015,0.029,0.025,0.011,-0.024,-0.027,-0.002,-0.002,0.003,-0.000,-0.007,-0.000,0.008,0.016,-0.018,-0.014,0.019,-0.019,-0.005,0.014,0.016,-0.007
mag,229698,0.016,-0.026,0.009,0.011,-0.038,-0.008,-0.009,0.022,0.015,-0.007,-0.024,-0.005,-0.022,0.046,-0.011,-0.006,0.038,0.003,-0.012,-0.002,-0.010,-0.001,-0.020,-0.015
mag,229778,-0.003,-0.023,-0.018,0.021,-0.016,-0.003,-0.029,-0.017,-0.009,-0.009,-0.006,-0.008,-0.034,0.007,0.001,-0.021,0.014,0.005,-0.022,0.010,0.027,-0.021,-0.028,-0.012
mag,229858,-0.018,-0.004,-0.001,0.007,0.015,0.001,0.015,0.010,-0.007,0.042,-0.016,-0.003,-0.002,-0.020,-0.021,-0.006,-0.008,0.010,0.022,-0.014,-0.012,0.006,-0.023,0.003
mag,229938,-0.035,-0.026,-0.018,-0.006,0.003,0.016,0.003,-0.010,0.010,0.003,-0.004,0.002,0.010,-0.022,-0.021,-0.026,-0.018,-0.004,0.002,0.020,-0.005,-0.021,0.014,0.003
mag,230017,0.021,0.011,-0.018,-0.001,-0.002,-0.006,0.010,-0.020,-0.009,-0.004,0.018,-0.020,-0.019,-0.012,-0.014,0.016,-0.033,-0.002,0.022,-0.007,0.002,-0.023,-0.006,0.007
mag,230097,-0.013,0.025,0.007,-0.035,-0.002,-0.003,-0.007,0.015,-0.007,0.013,-0.004,-0.003,0.032,-0.010,0.008,0.025,0.011,-0.014,0.007,0.023,0.005,0.001,-0.015,0.017
mag,230177,0.019,0.025,0.011,0.007,-0.011,0.004,-0.002,-0.022,-0.009,0.003,0.006,0.004,-0.010,-0.010,0.004,0.016,-0.026,0.008,-0.007,-0.009,-0.000,0.014,-0.013,0.000
mag,230256,0.009,-0.014,-0.006,-0.023,-0.009,-0.001,0.003,-0.007,0.008,-0.012,-0.002,-0.003,0.010,-0.015,-0.001,-0.009,-0.016,0.003,-0.017,0.010,0.022,-0.057,-0.006,-0.010
mag,230336,-0.008,-0.014,-0.010,-0.015,-0.014,0.004,-0.012,-0.007,-0.005,-0.009,0.003,0.002,-0.007,-0.015,-0.009,0.016,-0.035,-0.009,0.039,-0.021,0.017,-0.006,0.004,-0.007
mag,230416,-0.025,-0.031,-0.006,0.002,-0.004,0.006,0.030,0.019,0.003,0.001,-0.026,0.009,0.010,0.027,-0.001,-0.011,0.006,0.010,-0.029,-0.016,0.017,-0.008,0.009,-0.012
mag,230496,-0.011,0.008,-0.020,-0.008,-0.014,-0.006,-0.029,0.022,0.015,0.010,-0.014,0.004,0.003,0.014,-0.016,-0.014,-0.035,-0.002,-0.024,-0.029,0.005,0.023,-0.010,0.003
mag,230575,0.009,0.050,-0.001,-0.003,-0.007,0.001,-0.046,-0.007,-0.002,0.015,-0.004,-0.000,0.008,-0.008,-0.004,0.011,-0.006,0.010,-0.005,-0.019,0.002,0.021,0.031,-0.007
mag,230655,-0.006,-0.011,0.004,-0.013,-0.004,0.006,0.008,-0.020,0.008,0.001,0.003,-0.005,-0.002,0.014,-0.001,-0.016,0.006,0.015,-0.003,-0.007,-0.008,0.011,0.021,-0.005
mag,230734,0.026,-0.001,0.002,-0.008,0.006,-0.018,0.010,-0.015,-0.012,-0.004,0.020,-0.000,-0.014,0.007,0.001,-0.004,0.028,-0.004,-0.003,-0.024,-0.000,-0.001,0.014,-0.005
mag,230813,-0.003,-0.014,0.004,-0.018,-0.026,-0.003,-0.012,-0.022,0.008,-0.012,-0.016,0.012,-0.005,0.005,0.013,-0.031,-0.026,-0.012,0.010,0.006,0.005,-0.018,0.011,0.000
mag,230893,-0.023,0.003,0.007,0.009,0.013,0.009,0.018,-0.022,-0.009,0.003,-0.011,-0.010,0.017,-0.010,0.011,-0.019,-0.001,0.005,0.034,0.028,0.002,-0.023,-0.001,0.005
mag,230972,-0.038,-0.019,-0.006,-0.018,-0.009,0.019,0.013,-0.002,0.005,0.020,-0.016,-0.008,0.000,-0.027,0.006,0.003,0.016,-0.012,0.002,0.003,-0.000,-0.021,0.009,-0.010
mag,231051,-0.018,0.003,-0.003,0.011,0.006,0.004,0.008,0.017,-0.014,-0.012,-0.024,-0.000,-0.019,-0.003,-0.006,-0.009,0.014,-0.009,0.017,0.001,0.005,0.006,-0.003,-0.005
mag,231130,-0.006,0.003,-0.001,-0.030,0.006,-0.003,-0.014,0.010,0.010,-0.002,0.015,0.002,0.012,-0.003,-0.001,-0.021,-0.001,0.015,0.019,0.003,-0.020,-0.011,0.002,-0.002
mag,231209,0.016,0.021,0.004,0.024,0.030,0.001,-0.004,0.029,0.008,0.013,0.008,0.002,-0.012,-0.032,-0.001,-0.028,-0.035,0.001,0.027,0.006,-0.010,-0.006,0.004,-0.012
mag,231287,-0.025,0.016,-0.018,0.009,-0.016,0.004,-0.024,0.002,-0.009,0.008,0.018,0.009,-0.017,-0.000,-0.016,0.013,-0.013,-0.004,0.015,-0.002,0.002,-0.030,-0.030,0.000
mag,231366,0.019,-0.009,-0.001,0.011,-0.007,0.019,0.018,0.002,0.008,0.013,0.011,-0.000,-0.014,-0.022,-0.001,0.001,0.023,0.005,-0.000,-0.012,0.002,-0.033,0.004,-0.005
mag,231445,0.006,-0.006,0.002,-0.003,-0.004,0.009,-0.012,-0.022,0.005,0.035,0.003,-0.005,0.003,-0.037,-0.004,0.001,-0.001,0.003,0.002,0.008,-0.003,0.016,-0.035,-0.010
mag,231524,0.004,0.018,-0.006,0.002,-0.026,-0.008,-0.002,-0.029,0.003,-0.026,0.001,0.002,-0.007,-0.012,-0.006,0.021,-0.011,0.013,0.022,-0.029,-0.000,-0.018,-0.010,-0.002
mag,231603,0.004,0.018,0.004,0.011,0.006,-0.001,-0.004,0.022,-0.009,-0.026,-0.050,0.007,-0.044,-0.000,-0.001,0.003,-0.018,-0.002,-0.000,0.040,-0.015,-0.033,-0.008,0.003
mag,231682,-0.001,-0.006,-0.006,-0.006,0.003,-0.003,0.008,-0.005,-0.007,-0.031,-0.021,0.009,0.017,-0.027,-0.021,-0.009,0.011,0.015,0.010,-0.041,-0.015,0.001,0.002,-0.002
mag,231761,-0.040,-0.023,-0.003,0.024,-0.016,0.004,0.032,-0.012,0.010,-0.009,-0.028,-0.008,-0.029,-0.010,-0.026,-0.026,-0.004,0.008,0.005,-0.012,0.002,0.004,-0.028,0.012
mag,231841,-0.001,0.003,-0.001,0.007,0.001,-0.008,0.013,0.010,0.020,-0.002,-0.006,-0.000,-0.005,0.010,0.004,0.011,0.004,0.008,-0.024,-0.004,-0.012,0.001,0.014,0.003
mag,231919,0.004,0.016,0.009,-0.001,-0.019,0.001,0.028,-0.020,-0.007,0.003,-0.021,0.004,-0.019,-0.005,0.001,-0.011,-0.011,0.005,-0.000,0.013,0.002,-0.023,0.041,0.015
mag,231998,-0.011,-0.021,-0.006,0.019,-0.002,0.006,-0.016,0.007,0.010,-0.009,0.020,-0.003,-0.022,-0.003,0.006,-0.004,0.011,-0.007,0.007,-0.029,-0.010,0.031,0.021,-0.015
mag,232078,-0.001,0.030,-0.013,-0.028,0.006,-0.003,-0.002,0.002,0.005,0.023,0.006,0.002,-0.017,0.002,-0.009,0.013,-0.023,-0.002,-0.015,0.045,-0.000,0.033,0.016,-0.005
mag,232157,0.011,0.011,-0.001,-0.018,0.001,-0.011,0.015,0.017,-0.005,-0.007,0.011,0.002,0.020,-0.017,0.006,-0.019,0.001,-0.007,0.010,0.008,-0.000,-0.008,0.009,0.015
mag,232235,-0.006,-0.004,0.007,-0.018,-0.016,0.004,-0.019,0.015,0.020,0.010,0.006,-0.003,-0.014,-0.025,0.011,0.008,0.001,0.008,-0.003,-0.016,-0.017,0.014,0.021,-0.010
mag,232314,-0.025,-0.019,0.007,-0.030,0.003,-0.003,0.006,-0.015,-0.005,0.052,-0.009,0.019,0.005,0.014,0.001,0.018,-0.006,-0.004,0.019,0.020,-0.005,-0.006,-0.008,0.012
mag,232393,-0.003,-0.021,-0.008,-0.015,0.001,-0.006,-0.012,-0.022,0.013,-0.012,0.020,-0.003,0.000,-0.008,0.004,-0.016,0.009,-0.012,-0.029,-0.021,-0.022,-0.006,0.016,-0.015
mag,232473,-0.003,0.013,-0.001,0.029,-0.014,-0.003,0.025,0.005,0.010,0.018,0.006,0.002,-0.019,-0.005,-0.004,-0.004,0.016,0.008,-0.007,0.003,0.002,-0.016,0.002,-0.010
mag,232552,0.019,0.013,-0.008,-0.028,0.013,-0.008,0.020,0.029,-0.014,-0.024,-0.033,0.004,0.000,-0.010,-0.014,-0.004,-0.028,-0.014,-0.020,0.013,0.002,-0.013,-0.023,0.005
mag,232631,-0.013,-0.006,0.009,-0.015,-0.007,-0.003,0.010,-0.010,-0.009,0.020,-0.021,-0.005,-0.029,0.007,0.006,0.008,-0.018,-0.012,0.024,-0.038,-0.005,-0.033,0.004,-0.015
mag,232710,-0.008,-0.019,-0.015,0.009,-0.026,-0.003,-0.024,-0.012,0.003,-0.004,-0.004,-0.010,-0.036,-0.044,0.011,-0.023,-0.008,-0.007,-0.005,0.003,-0.005,-0.028,0.016,0.017
mag,232790,-0.028,0.008,0.002,-0.001,-0.007,-0.006,0.028,0.012,0.030,0.001,0.001,0.009,-0.005,0.034,0.001,-0.004,0.011,0.003,0.005,0.008,-0.005,0.006,0.009,-0.002
mag,232869,0.006,-0.004,-0.010,-0.003,-0.011,0.019,-0.033,-0.000,-0.012,0.015,-0.006,0.002,0.012,-0.010,-0.009,0.016,0.011,-0.007,-0.003,-0.031,0.007,0.040,0.009,0.003
mag,232948,0.019,0.016,-0.010,-0.015,-0.019,0.001,-0.026,-0.002,-0.014,0.010,0.003,0.004,0.005,-0.008,0.004,-0.006,-0.023,-0.004,0.012,-0.014,-0.010,-0.004,0.048,0.005
mag,233027,0.011,0.001,0.007,0.016,0.025,-0.011,0.013,0.012,0.020,-0.029,0.013,-0.010,0.000,-0.008,-0.004,-0.023,-0.011,-0.012,0.005,-0.019,-0.015,0.011,-0.006,-0.012
mag,233106,-0.018,-0.011,0.007,0.007,0.001,0.001,-0.004,0.007,-0.002,-0.031,0.018,0.002,0.020,-0.012,0.008,-0.009,0.021,0.003,-0.003,0.020,-0.000,-0.028,-0.020,0.007
mag,233185,-0.016,0.008,0.004,0.011,-0.021,0.011,-0.019,-0.002,-0.009,-0.004,-0.002,0.002,0.010,0.012,-0.016,-0.009,-0.013,-0.002,-0.020,0.010,-0.010,0.001,-0.001,0.000
mag,233264,-0.013,0.001,-0.006,-0.015,-0.011,-0.008,0.001,0.012,-0.012,-0.016,-0.024,-0.018,-0.005,0.007,0.004,0.013,0.009,0.008,-0.007,0.028,-0.012,-0.035,-0.013,-0.017
mag,233343,-0.006,0.011,-0.006,0.021,-0.004,0.006,0.025,-0.002,0.005,0.008,-0.011,-0.003,0.005,-0.000,-0.001,0.021,-0.004,0.005,-0.005,-0.019,0.009,-0.028,0.009,0.000
mag,233422,-0.016,-0.006,0.004,-0.040,-0.011,0.001,-0.019,-0.007,-0.005,-0.004,0.003,0.007,-0.019,-0.005,-0.009,0.011,-0.048,-0.002,0.024,-0.024,-0.003,0.014,-0.013,0.012
mag,233501,-0.013,-0.023,-0.006,-0.006,-0.024,0.009,0.032,-0.027,-0.007,0.001,-0.011,-0.003,-0.002,-0.008,-0.001,0.013,0.006,-0.014,-0.017,-0.016,-0.015,-0.028,-0.003,-0.002
mag,233581,0.009,0.023,0.011,0.009,-0.014,-0.003,0.015,-0.032,0.013,-0.004,0.011,-0.000,-0.010,0.017,-0.001,0.016,0.023,-0.004,0.022,-0.007,0.002,0.028,-0.001,-0.017
mag,233659,0.009,0.001,-0.006,-0.006,-0.014,-0.001,0.042,0.005,-0.002,0.003,0.008,0.007,0.017,-0.008,-0.016,-0.028,-0.001,0.003,-0.012,-0.016,-0.012,-0.013,-0.013,-0.010
mag,233738,-0.040,-0.004,0.004,-0.030,0.025,0.006,-0.014,0.017,-0.026,0.008,-0.009,0.007,0.032,-0.015,-0.001,0.006,0.018,0.001,-0.007,0.010,-0.008,-0.013,0.011,0.000
mag,233817,0.006,0.001,0.004,-0.035,0.011,0.016,0.030,0.017,-0.005,0.008,-0.016,-0.000,-0.019,-0.020,-0.001,-0.028,0.018,-0.014,-0.010,0.003,-0.008,0.014,-0.003,0.005
mag,233896,0.001,-0.023,-0.008,0.007,-0.004,0.006,-0.026,0.039,0.015,0.020,-0.024,0.004,0.005,-0.025,0.011,-0.021,0.026,0.005,-0.010,-0.012,0.007,-0.011,-0.028,-0.002
mag,233975,-0.001,0.008,-0.001,-0.011,-0.016,-0.011,0.010,0.015,0.003,0.010,-0.024,0.012,0.000,-0.025,-0.014,0.011,-0.004,-0.019,0.017,-0.019,-0.005,-0.047,-0.028,-0.002
mag,234054,0.023,-0.006,0.007,-0.015,0.006,0.001,-0.016,0.007,0.005,0.028,-0.002,0.007,-0.014,-0.008,-0.033,-0.033,0.023,0.013,0.029,0.006,-0.010,-0.013,0.011,-0.005
mag,234133,-0.030,-0.028,0.009,0.014,-0.004,0.004,-0.012,-0.002,0.005,0.001,0.015,-0.000,0.003,-0.000,-0.001,0.013,-0.013,-0.002,0.019,-0.004,0.002,-0.016,-0.008,0.010
mag,234213,-0.021,-0.006,-0.008,0.016,-0.014,0.011,0.003,0.017,-0.005,0.018,0.013,-0.005,-0.012,0.010,-0.006,0.038,-0.001,0.003,-0.007,-0.016,0.014,-0.023,-0.015,-0.007
mag,234292,-0.013,-0.019,-0.020,0.024,-0.016,0.009,-0.002,0.010,0.008,0.013,-0.021,0.009,0.017,0.019,-0.006,-0.004,-0.008,0.003,0.019,0.028,0.005,0.006,0.033,0.007
mag,234371,-0.018,-0.014,-0.010,-0.001,-0.021,0.004,-0.009,-0.027,-0.024,-0.002,0.025,0.002,-0.005,0.029,0.004,-0.033,0.016,-0.004,-0.007,-0.016,-0.010,0.014,0.002,0.005
mag,234450,-0.023,0.006,-0.008,0.011,-0.007,-0.011,0.008,-0.017,0.000,-0.024,-0.002,-0.008,-0.007,0.034,-0.004,-0.006,-0.021,0.010,0.002,-0.016,-0.017,0.009,0.007,-0.010
mag,234530,-0.008,0.016,-0.013,0.019,0.033,-0.011,0.013,0.007,0.008,0.010,0.011,0.007,0.015,0.010,0.001,0.038,0.016,0.018,0.007,-0.031,0.005,-0.011,-0.010,-0.002
mag,234609,-0.033,0.028,-0.013,-0.013,-0.036,-0.008,0.006,0.010,0.003,0.003,-0.002,0.007,0.000,0.027,-0.018,-0.006,0.006,-0.009,-0.044,-0.041,-0.000,0.026,-0.006,-0.005
mag,234689,0.009,0.016,0.016,0.021,-0.021,-0.016,-0.046,0.005,-0.009,-0.021,0.015,0.004,-0.029,0.024,0.016,-0.019,-0.030,0.001,0.005,-0.002,0.012,-0.006,-0.015,-0.012
mag,234768,0.009,-0.006,-0.006,-0.020,-0.009,0.011,-0.007,-0.007,0.005,-0.019,0.025,-0.008,-0.010,0.024,0.008,-0.001,-0.001,-0.002,0.027,0.013,-0.003,-0.033,-0.006,-0.010
mag,234848,-0.003,-0.014,0.004,-0.001,-0.029,-0.011,0.013,-0.020,0.013,-0.019,0.003,-0.000,-0.010,0.002,0.008,-0.019,-0.008,-0.004,0.024,0.006,-0.000,-0.023,-0.010,0.003
mag,234928,-0.023,0.003,0.007,-0.001,-0.016,-0.001,-0.007,-0.010,0.003,0.008,-0.026,-0.000,-0.027,0.017,0.001,-0.021,-0.013,-0.007,0.012,-0.024,0.005,0.018,0.002,-0.002
mag,235008,-0.011,-0.001,-0.006,0.009,-0.004,-0.003,-0.002,0.015,-0.012,0.008,-0.006,-0.010,0.008,0.010,0.018,-0.004,0.006,-0.007,0.010,-0.014,0.002,-0.013,0.004,0.007
mag,235087,-0.003,-0.033,-0.003,-0.028,0.001,-0.001,-0.024,0.012,-0.009,-0.026,-0.026,-0.015,0.017,0.027,-0.004,-0.004,0.001,0.018,-0.003,-0.024,0.007,-0.016,0.019,-0.007
mag,235167,-0.016,-0.004,0.007,0.016,-0.019,-0.018,-0.002,-0.002,0.010,0.013,0.006,0.002,-0.017,0.005,-0.009,-0.019,0.021,0.001,-0.000,-0.007,-0.003,-0.033,-0.015,0.000
mag,235247,-0.013,0.013,-0.006,-0.020,0.003,0.004,0.013,-0.007,-0.014,0.010,-0.009,-0.003,0.010,-0.008,-0.009,0.006,0.028,0.003,0.017,-0.034,0.014,-0.028,0.007,0.000
mag,235327,0.016,-0.009,-0.003,0.048,-0.007,-0.013,0.001,-0.000,-0.009,-0.002,0.015,0.002,0.020,0.017,-0.001,-0.006,-0.035,0.015,0.012,-0.016,-0.010,0.016,0.026,-0.015
mag,235406,-0.023,0.018,0.002,-0.011,-0.004,-0.011,0.023,-0.017,0.013,-0.016,0.001,0.012,0.020,-0.017,0.006,-0.011,0.011,-0.007,0.032,-0.021,0.012,-0.004,-0.030,0.010
mag,235486,-0.008,-0.028,0.002,0.026,-0.029,-0.011,-0.002,-0.022,-0.005,-0.012,0.018,0.002,-0.010,0.022,-0.009,-0.001,0.018,0.010,-0.022,-0.007,0.002,-0.043,0.007,0.007
mag,235566,0.006,0.003,-0.008,0.007,-0.021,0.014,0.013,0.017,0.013,-0.004,0.001,-0.005,0.008,-0.008,-0.014,-0.014,0.004,-0.002,-0.012,-0.004,0.007,-0.021,0.046,0.000
mag,235645,-0.028,-0.009,0.007,0.004,-0.007,0.006,0.023,0.002,0.000,0.001,-0.024,0.002,0.029,0.007,-0.011,0.001,0.014,0.005,0.017,0.008,-0.000,-0.016,0.014,0.003
mag,235725,-0.013,0.018,-0.006,-0.008,0.033,0.006,0.001,0.012,-0.005,0.003,-0.009,0.007,-0.019,-0.015,-0.009,-0.011,-0.011,-0.002,-0.000,-0.019,0.009,0.006,-0.006,-0.005
mag,235804,-0.025,0.045,-0.001,-0.018,0.001,0.006,0.006,0.017,0.003,-0.002,-0.009,0.004,-0.012,-0.005,-0.006,-0.009,0.004,-0.012,0.017,-0.007,0.009,0.016,0.021,-0.015
mag,235884,0.011,-0.028,0.007,-0.020,-0.029,-0.013,0.013,-0.007,0.003,-0.016,-0.011,-0.008,0.005,-0.037,0.008,-0.014,-0.008,0.001,-0.000,-0.009,0.005,0.001,-0.028,0.005
mag,235964,0.011,-0.001,-0.001,0.004,-0.033,0.004,-0.014,-0.015,-0.022,-0.021,0.008,-0.005,0.008,-0.012,-0.011,0.023,0.018,0.015,-0.000,0.008,-0.017,-0.016,0.004,-0.015
mag,236044,0.014,-0.001,-0.003,-0.001,-0.024,-0.006,-0.007,-0.024,0.003,0.015,-0.016,0.004,0.015,-0.012,0.011,-0.014,-0.021,0.005,-0.032,-0.034,-0.005,0.016,-0.008,-0.005
mag,236124,0.019,-0.009,0.007,0.007,-0.021,-0.001,-0.007,-0.010,-0.012,-0.004,-0.014,0.004,-0.007,-0.017,0.006,0.023,0.004,0.003,0.012,-0.051,0.002,0.001,0.009,-0.012
mag,236203,-0.003,0.008,0.004,-0.013,-0.026,0.019,0.032,0.002,0.008,-0.009,0.003,-0.003,0.005,0.002,0.001,0.013,-0.018,0.003,0.022,0.008,-0.015,-0.013,-0.032,-0.012
mag,236283,0.006,-0.021,-0.006,-0.008,0.001,-0.006,0.008,0.027,-0.007,0.008,0.003,0.009,-0.005,0.012,-0.001,0.025,-0.011,-0.002,0.002,0.023,-0.015,0.001,0.021,0.007
mag,236362,0.019,0.001,-0.003,0.014,-0.007,-0.018,-0.026,0.017,-0.019,0.013,0.013,-0.005,-0.017,-0.010,-0.004,-0.033,-0.028,0.010,-0.003,-0.016,-0.020,0.031,0.026,-0.002
mag,236442,-0.008,0.030,-0.008,-0.028,-0.004,-0.006,0.003,0.010,0.000,-0.043,-0.024,0.004,0.039,-0.020,0.004,-0.011,0.001,-0.004,0.010,-0.014,-0.010,-0.004,-0.032,-0.002
mag,236521,-0.018,-0.033,-0.008,0.009,-0.019,0.004,-0.004,-0.015,-0.022,-0.002,0.008,-0.015,0.025,-0.039,-0.006,-0.001,0.009,0.010,-0.010,0.010,0.012,0.011,0.002,-0.002
mag,236601,-0.003,-0.009,0.007,-0.003,-0.046,-0.016,0.001,0.017,-0.014,0.010,-0.016,0.024,-0.039,-0.012,0.008,0.011,0.009,-0.002,0.002,-0.009,0.009,-0.006,-0.030,0.003
mag,236680,0.011,0.025,0.007,-0.003,0.015,0.004,0.018,0.032,0.013,-0.024,0.001,0.002,-0.027,-0.020,0.001,-0.011,0.023,-0.012,-0.024,-0.012,-0.017,-0.023,0.016,-0.007
mag,236759,-0.003,-0.016,0.004,-0.018,-0.016,-0.003,-0.021,-0.000,-0.009,0.013,-0.002,-0.010,0.003,0.012,0.001,-0.019,-0.013,0.001,-0.005,0.010,-0.003,-0.016,0.011,0.007
mag,236839,-0.018,0.011,-0.003,0.004,-0.002,-0.001,0.006,-0.012,0.008,0.008,-0.006,0.002,-0.002,0.012,-0.004,-0.038,-0.006,-0.004,-0.012,-0.007,-0.010,-0.033,-0.010,-0.022
mag,236918,-0.006,0.011,-0.006,0.009,0.015,-0.001,-0.012,-0.010,-0.007,-0.038,-0.002,0.007,-0.002,0.007,0.013,0.003,0.004,-0.002,0.024,-0.012,-0.015,-0.008,-0.023,0.005
mag,236998,-0.023,0.013,0.002,-0.020,0.015,-0.001,-0.033,-0.042,-0.005,0.013,0.015,0.017,0.008,0.002,-0.014,0.021,0.028,0.003,-0.005,-0.004,-0.015,-0.055,-0.015,-0.007
mag,237077,-0.003,-0.014,-0.006,0.004,-0.002,0.006,0.015,0.010,-0.022,-0.004,0.033,-0.000,-0.010,-0.010,0.011,0.003,-0.006,-0.019,0.010,-0.024,-0.000,-0.016,0.004,-0.002
mag,237156,0.001,0.001,-0.003,-0.006,-0.021,0.014,-0.019,-0.007,-0.005,-0.019,-0.009,0.007,-0.012,0.002,0.013,0.006,0.014,0.001,-0.007,-0.004,-0.008,0.006,-0.008,0.005
mag,237235,0.019,-0.014,-0.013,-0.011,-0.014,-0.006,-0.004,-0.007,-0.012,0.008,-0.009,-0.000,-0.022,-0.017,-0.009,0.018,0.006,-0.004,0.012,0.015,0.012,-0.035,0.004,0.003
mag,237314,-0.011,0.006,0.002,0.036,-0.014,0.001,0.013,-0.020,0.010,0.018,0.013,-0.003,-0.027,-0.012,0.001,0.011,0.011,-0.014,-0.003,-0.004,0.002,-0.011,-0.003,0.005
mag,237393,-0.016,-0.001,-0.010,-0.003,0.011,-0.001,0.025,0.019,0.013,0.023,-0.006,0.007,-0.032,-0.000,-0.006,0.013,-0.001,0.005,0.019,-0.038,-0.005,0.028,0.031,0.007
mag,237472,-0.028,-0.006,-0.006,-0.006,-0.038,-0.008,-0.016,0.017,-0.022,-0.024,0.001,0.007,0.005,0.014,-0.006,0.023,0.018,0.003,-0.003,-0.031,-0.008,0.023,-0.028,0.003
mag,237551,0.001,-0.036,0.004,0.016,-0.014,0.009,-0.038,0.002,0.003,-0.034,-0.021,-0.008,0.003,0.032,-0.016,0.001,-0.011,-0.002,-0.017,-0.014,0.002,-0.006,0.009,-0.015
mag,237630,-0.006,-0.045,-0.001,-0.023,-0.007,0.001,-0.029,0.005,0.000,0.010,-0.011,0.004,-0.014,0.002,-0.006,0.003,-0.004,-0.007,0.017,0.020,-0.000,-0.013,-0.013,-0.019
mag,237709,-0.016,0.006,-0.010,0.002,0.006,-0.001,0.018,0.005,-0.017,0.020,-0.028,0.004,-0.014,-0.005,-0.004,0.016,-0.011,0.005,-0.012,-0.014,-0.003,0.004,-0.037,-0.007
mag,237788,-0.021,-0.023,-0.003,0.026,0.006,-0.001,-0.007,0.002,0.000,0.008,0.003,-0.015,0.000,-0.015,-0.021,0.001,-0.026,0.001,0.022,0.013,0.024,-0.013,0.024,0.015
mag,237867,0.019,-0.009,0.004,-0.003,-0.033,0.014,0.003,0.017,-0.009,0.001,0.001,-0.013,0.000,-0.015,0.016,0.023,-0.045,0.003,0.012,0.013,-0.008,0.006,-0.013,0.007
mag,237945,0.014,-0.001,-0.003,0.036,-0.007,0.006,0.003,-0.034,-0.005,-0.004,-0.002,0.002,-0.022,-0.020,-0.018,-0.023,0.006,-0.002,0.005,-0.009,-0.015,0.050,0.009,0.005
mag,238025,-0.008,-0.026,0.011,0.002,0.011,0.004,-0.009,-0.010,-0.002,0.013,0.001,-0.000,-0.007,-0.034,0.001,-0.023,-0.006,-0.009,0.012,-0.014,0.014,-0.001,0.002,0.007
mag,238104,-0.006,-0.014,-0.015,-0.006,0.001,-0.011,0.047,-0.029,-0.002,0.001,0.003,0.014,-0.034,0.002,0.008,-0.021,-0.011,-0.007,0.017,0.025,-0.015,-0.006,-0.008,0.005
mag,238183,-0.018,-0.009,0.021,-0.035,-0.024,0.009,-0.007,0.029,0.010,-0.016,-0.024,-0.003,-0.017,0.010,-0.014,-0.033,-0.011,-0.012,-0.012,-0.014,-0.003,0.023,0.004,0.000
mag,238262,0.014,-0.004,0.016,0.016,-0.002,0.014,-0.002,0.002,0.015,0.001,0.003,0.002,-0.022,-0.003,-0.001,-0.009,0.014,0.013,0.017,0.006,0.009,0.001,-0.018,-0.010
mag,238341,0.021,0.016,-0.010,0.016,-0.019,0.009,-0.012,0.012,-0.007,0.023,0.001,-0.008,-0.005,-0.044,-0.004,0.025,0.023,0.001,0.044,-0.019,-0.008,0.011,0.004,-0.019
mag,238420,-0.001,0.006,-0.003,-0.023,-0.024,0.004,-0.007,-0.015,-0.005,-0.002,-0.024,0.019,0.003,0.012,-0.004,0.038,0.045,-0.002,0.005,0.015,-0.008,-0.030,0.007,-0.005
mag,238499,0.004,-0.043,-0.010,-0.003,0.006,0.001,-0.004,-0.002,-0.012,0.013,-0.048,0.012,0.025,-0.008,-0.004,-0.021,-0.048,0.013,0.017,0.028,-0.000,-0.013,0.031,0.010
mag,238578,-0.016,-0.009,-0.006,0.026,-0.011,0.006,-0.007,-0.002,0.008,-0.016,-0.004,-0.000,-0.022,-0.005,-0.006,-0.004,-0.023,-0.002,-0.000,-0.007,-0.012,-0.008,-0.001,-0.002
mag,238658,0.006,-0.004,0.004,0.002,0.011,0.006,-0.007,-0.020,-0.005,0.028,0.006,0.002,-0.005,-0.000,-0.004,0.001,0.011,0.003,-0.015,-0.056,-0.000,0.028,-0.006,0.007
mag,238737,0.006,-0.016,-0.001,-0.018,0.025,0.014,-0.021,0.002,0.003,0.035,0.042,0.004,-0.012,0.010,0.021,0.001,0.014,0.008,-0.020,0.006,0.002,-0.008,-0.006,0.005
mag,238816,0.004,0.001,0.029,-0.001,0.020,0.014,-0.016,-0.029,-0.019,-0.007,-0.021,0.017,-0.012,-0.030,-0.011,0.001,-0.006,0.010,-0.024,-0.026,-0.003,0.001,0.011,-0.019
mag,238895,0.006,0.001,0.004,0.007,-0.026,0.001,-0.012,0.015,0.005,-0.004,0.013,-0.000,0.003,0.024,0.013,0.001,-0.016,-0.007,0.017,0.001,0.014,-0.006,0.016,-0.005
mag,238973,-0.001,-0.023,0.009,-0.013,0.006,0.014,0.008,-0.005,0.008,0.003,-0.024,0.004,-0.005,-0.008,-0.001,-0.023,-0.030,-0.004,0.005,0.020,0.005,-0.006,0.009,-0.010
mag,239052,-0.006,0.001,0.011,0.009,-0.029,0.001,-0.019,-0.012,0.010,0.003,-0.021,0.004,0.017,0.032,-0.014,-0.021,-0.013,0.010,-0.003,-0.002,-0.008,-0.006,0.007,0.003
mag,239131,0.011,-0.019,-0.015,0.002,0.023,-0.013,-0.012,-0.007,0.008,0.015,-0.006,-0.005,0.032,-0.012,-0.006,-0.028,-0.008,0.025,0.005,-0.024,-0.012,-0.018,-0.001,-0.005
mag,239211,-0.011,-0.011,0.002,0.002,-0.007,-0.013,-0.007,-0.002,0.015,0.001,-0.033,0.007,0.015,0.005,0.028,-0.021,0.023,-0.004,-0.005,-0.007,0.019,0.011,-0.013,0.000
mag,239290,-0.013,0.013,0.002,-0.018,-0.014,0.016,0.032,-0.002,-0.002,0.025,-0.006,0.002,0.022,0.034,-0.009,0.001,-0.048,-0.009,-0.000,0.023,0.019,-0.006,-0.013,-0.015
mag,239369,0.021,-0.016,-0.006,0.004,0.001,0.009,-0.004,-0.027,0.005,-0.016,0.015,0.012,-0.007,0.005,-0.004,-0.006,-0.004,0.003,0.015,0.006,0.002,0.006,-0.003,0.003
mag,239448,0.023,0.013,-0.006,0.002,0.033,0.014,0.001,0.029,0.010,-0.016,-0.016,0.021,0.020,-0.012,-0.011,-0.009,-0.028,0.001,0.015,-0.014,0.009,0.023,0.021,0.005
mag,239526,0.019,0.023,-0.003,0.007,-0.024,0.009,0.003,-0.005,0.003,0.008,0.023,-0.005,0.008,-0.020,0.001,-0.004,-0.040,-0.012,-0.007,0.025,-0.000,0.028,0.024,-0.007
mag,239605,-0.011,-0.004,-0.001,0.007,-0.016,0.011,0.010,0.007,-0.005,0.035,-0.041,-0.003,-0.024,0.022,0.006,-0.009,0.001,0.008,-0.022,-0.026,0.005,0.028,0.021,-0.012
mag,239684,0.006,-0.006,0.002,0.011,-0.024,-0.001,-0.007,0.010,-0.002,-0.014,-0.021,0.021,-0.027,0.002,0.008,0.016,0.011,-0.007,0.002,-0.029,0.005,0.028,-0.008,-0.005
mag,239763,0.014,-0.023,0.004,-0.011,-0.007,0.009,-0.029,0.007,0.020,-0.009,-0.006,0.002,-0.007,-0.054,0.001,0.021,-0.016,-0.007,0.019,0.010,0.002,-0.021,-0.006,-0.002
mag,239842,-0.023,-0.026,0.002,-0.015,0.008,-0.006,0.025,0.002,-0.012,0.018,-0.006,0.012,0.020,-0.017,0.001,-0.001,-0.026,-0.017,-0.012,-0.019,0.007,-0.013,0.016,0.005
mag,239921,0.026,0.003,0.004,-0.008,0.001,-0.008,-0.019,0.010,0.008,-0.043,0.018,0.004,0.025,0.010,0.004,0.011,-0.011,-0.004,-0.020,-0.014,-0.005,0.009,-0.006,0.010
mag,239999,-0.003,0.001,0.004,0.024,-0.004,0.023,-0.007,0.007,-0.005,0.013,0.001,0.007,0.003,-0.034,-0.004,-0.014,-0.006,0.005,-0.003,-0.016,-0.010,-0.023,0.004,-0.002
mag,240078,-0.006,0.011,0.019,-0.008,0.011,0.011,-0.002,-0.020,0.020,-0.029,-0.009,0.002,0.017,-0.010,0.033,0.025,0.014,0.003,0.005,0.032,-0.020,0.014,-0.003,0.005
mag,240157,0.011,0.018,0.009,-0.003,0.001,0.011,0.018,0.005,-0.002,0.015,-0.019,-0.005,0.012,-0.012,-0.001,0.023,0.001,-0.012,0.010,-0.043,0.005,-0.011,0.004,-0.007
mag,240236,-0.006,-0.004,-0.008,-0.003,-0.041,0.014,-0.026,0.010,0.000,-0.012,-0.016,0.007,-0.041,0.017,-0.011,0.023,-0.013,0.005,-0.005,0.023,-0.030,-0.023,-0.008,0.000
mag,240316,-0.003,-0.021,-0.015,0.016,-0.016,0.001,-0.012,-0.015,0.003,0.003,-0.004,0.012,0.000,0.005,-0.011,-0.004,-0.006,0.003,0.005,0.008,0.002,-0.035,-0.006,-0.005
mag,240395,-0.011,-0.021,0.002,-0.013,0.025,-0.006,-0.021,0.005,0.003,-0.004,0.006,0.019,0.010,0.022,0.011,0.013,0.014,0.008,-0.003,0.035,0.002,-0.023,0.009,-0.007
mag,240474,-0.013,-0.019,-0.003,-0.015,-0.016,0.021,0.018,-0.029,0.015,0.008,-0.036,-0.008,-0.027,-0.030,-0.001,-0.001,-0.016,0.005,0.005,-0.019,0.009,0.023,-0.018,-0.012
mag,240554,-0.011,-0.011,0.011,0.009,-0.014,0.006,0.015,0.005,-0.002,-0.012,0.033,-0.003,-0.002,0.005,0.008,0.021,-0.013,0.015,-0.032,0.003,-0.012,-0.013,-0.037,0.005
mag,240633,-0.008,-0.011,-0.006,0.019,-0.004,-0.003,-0.007,0.017,0.003,-0.019,0.001,0.002,-0.039,0.005,-0.023,-0.031,-0.011,-0.014,-0.010,0.003,-0.000,-0.028,-0.010,0.000
mag,240713,0.026,-0.004,-0.003,-0.013,0.001,0.009,0.001,-0.015,0.020,-0.026,-0.019,0.007,0.003,-0.003,0.030,0.001,-0.011,0.001,-0.012,0.020,-0.005,0.009,-0.020,-0.012
mag,240793,0.001,-0.001,0.016,-0.011,-0.004,0.009,0.028,-0.007,0.000,0.010,0.008,0.021,0.032,0.005,0.011,0.011,0.001,0.005,-0.027,0.006,-0.005,-0.030,-0.008,0.027
mag,240872,-0.033,-0.004,0.009,0.009,-0.002,0.006,0.010,0.022,0.000,0.018,-0.026,0.002,0.010,0.002,-0.001,-0.019,-0.004,-0.002,-0.000,0.001,0.007,-0.006,-0.032,0.005
mag,240951,-0.030,-0.016,0.002,-0.011,0.003,0.011,-0.016,0.037,0.000,0.008,-0.011,0.009,0.003,0.012,0.023,-0.009,0.009,-0.002,0.015,-0.002,-0.008,-0.021,-0.020,0.000
mag,241031,0.009,0.021,0.002,-0.028,0.030,-0.006,-0.009,0.007,0.003,0.023,-0.033,0.019,-0.012,0.010,0.001,0.023,-0.016,-0.017,0.007,-0.016,-0.005,-0.028,-0.015,0.000
mag,241110,-0.006,0.001,0.009,0.007,0.008,0.021,-0.009,-0.002,0.013,0.013,-0.021,0.007,0.015,-0.012,0.008,0.023,-0.023,-0.007,0.015,0.010,0.007,-0.018,-0.037,0.000
mag,241190,0.016,0.003,0.011,-0.008,-0.014,0.011,-0.002,-0.010,0.008,0.001,-0.021,0.017,0.003,0.002,-0.004,0.008,0.043,-0.007,0.012,0.023,0.009,-0.001,-0.018,0.000
mag,241269,0.006,-0.011,0.004,-0.020,0.006,0.011,-0.002,0.005,-0.005,-0.009,-0.021,0.012,-0.005,-0.000,-0.011,-0.021,-0.018,0.003,-0.020,-0.021,-0.012,-0.001,-0.006,0.022
mag,241349,-0.008,-0.004,0.009,-0.006,0.018,-0.013,0.003,-0.005,0.013,0.006,0.015,0.004,-0.007,-0.003,-0.001,0.018,-0.030,0.001,0.007,0.003,0.002,-0.008,-0.013,-0.005
mag,241429,-0.008,0.018,0.002,-0.042,-0.014,0.006,-0.009,-0.002,0.022,0.008,0.013,-0.003,-0.022,0.002,0.004,-0.011,-0.050,-0.009,0.029,-0.016,-0.005,0.028,0.026,0.005
mag,241508,-0.016,-0.014,0.002,-0.008,-0.024,-0.001,0.010,0.010,0.000,0.015,-0.004,0.004,0.000,-0.030,-0.004,-0.014,-0.001,0.025,-0.029,-0.012,0.002,-0.023,-0.018,-0.015
mag,241588,0.019,-0.033,-0.001,-0.013,-0.009,0.023,0.028,-0.000,0.000,0.003,0.013,-0.008,-0.012,0.019,-0.001,-0.011,0.023,0.008,0.017,0.037,-0.003,-0.018,-0.008,0.003
mag,241668,-0.028,0.030,-0.003,-0.023,-0.007,-0.006,0.006,0.027,0.008,0.010,0.003,0.004,-0.014,0.005,-0.011,-0.006,0.009,-0.007,0.019,-0.007,-0.010,0.009,-0.032,-0.005
mag,241748,-0.016,-0.014,0.009,-0.025,-0.002,-0.011,-0.002,0.012,0.008,0.008,0.003,0.002,0.008,-0.005,-0.004,0.013,0.014,0.001,-0.000,-0.002,0.005,-0.052,0.007,-0.017
mag,241827,0.011,-0.001,-0.003,0.007,0.035,0.011,-0.019,-0.010,0.000,0.013,-0.028,0.012,0.000,-0.025,-0.016,0.025,0.018,0.001,0.012,-0.046,-0.000,-0.016,0.029,0.000
mag,241907,0.028,0.013,0.014,0.002,-0.019,-0.006,-0.004,0.005,0.000,-0.014,0.013,-0.000,0.012,-0.000,-0.009,0.003,-0.021,0.003,-0.000,0.006,0.005,-0.013,-0.006,0.007
mag,241986,0.009,-0.021,-0.003,0.002,0.015,0.004,-0.021,-0.000,0.005,-0.016,0.033,0.002,-0.022,-0.012,-0.004,-0.033,-0.008,0.013,-0.015,0.013,0.009,-0.023,-0.001,0.015
mag,242066,-0.006,-0.026,0.011,-0.040,0.003,0.006,-0.004,-0.015,0.005,0.018,0.006,0.004,-0.027,0.024,0.008,-0.001,-0.004,-0.007,-0.000,0.013,0.007,-0.013,-0.018,-0.002
mag,242146,-0.023,0.013,0.007,0.031,-0.011,0.006,-0.019,0.015,-0.007,-0.012,-0.031,0.009,0.022,0.017,0.004,0.021,0.033,0.008,0.007,0.008,-0.003,-0.001,0.014,0.010
mag,242225,0.009,-0.019,0.004,0.016,0.003,0.001,-0.009,-0.017,0.000,-0.002,0.008,0.007,-0.002,0.005,-0.001,0.003,0.021,0.015,-0.010,-0.019,-0.005,-0.004,-0.028,0.005
mag,242304,-0.003,0.023,-0.001,-0.011,0.013,-0.001,0.003,-0.012,-0.002,-0.016,-0.004,-0.013,0.003,0.017,-0.004,0.011,-0.006,-0.002,-0.022,-0.004,-0.015,-0.006,-0.008,-0.007
mag,242384,0.036,0.018,0.002,-0.006,-0.031,0.016,0.030,0.015,0.008,0.030,0.008,0.017,0.000,0.010,-0.006,-0.004,-0.016,-0.019,0.039,-0.036,-0.005,-0.011,-0.013,-0.012
mag,242464,-0.025,0.013,-0.013,0.007,-0.026,0.001,0.001,-0.020,-0.012,-0.024,0.018,0.004,0.020,-0.010,0.008,-0.028,-0.011,0.018,0.012,0.037,-0.010,0.031,-0.003,0.007
mag,242543,-0.003,0.025,0.002,-0.018,-0.024,-0.003,0.025,0.007,-0.005,0.023,-0.011,-0.018,0.022,-0.015,-0.001,0.011,0.001,0.008,-0.020,0.025,0.002,-0.001,-0.052,0.017
mag,242622,0.004,-0.009,0.011,-0.011,-0.016,0.011,-0.014,0.029,0.003,-0.002,0.028,0.002,-0.002,0.002,0.008,0.003,0.014,0.013,0.012,-0.002,-0.030,0.028,-0.001,0.003
mag,242701,-0.016,0.013,0.009,0.016,-0.014,-0.001,-0.021,-0.027,0.017,-0.002,-0.006,-0.008,-0.005,0.012,0.008,-0.028,0.018,-0.002,0.015,-0.014,0.005,-0.030,-0.013,0.007
mag,242781,0.009,-0.001,-0.003,0.007,0.006,-0.006,-0.024,0.012,-0.002,-0.012,-0.002,-0.000,0.003,-0.008,-0.014,-0.028,-0.016,0.013,-0.015,-0.019,0.002,-0.008,0.002,0.005
mag,242860,-0.021,0.023,-0.015,-0.001,0.015,-0.001,-0.007,-0.010,-0.012,-0.021,-0.021,0.007,-0.002,-0.000,0.008,0.023,0.021,0.003,-0.005,-0.019,-0.005,-0.023,0.007,-0.015
mag,242940,-0.003,-0.004,0.007,-0.001,-0.004,-0.008,-0.031,-0.007,0.010,-0.029,0.003,-0.010,0.032,-0.025,-0.023,-0.019,-0.006,-0.002,-0.012,0.023,-0.005,-0.038,-0.018,0.000
mag,243019,-0.003,-0.009,0.004,-0.006,-0.002,0.001,-0.004,-0.029,-0.002,0.013,-0.050,0.014,0.005,0.002,0.006,0.003,0.014,-0.007,0.005,0.001,-0.017,-0.006,0.024,0.003
mag,243098,0.016,-0.014,-0.003,-0.008,-0.021,0.006,-0.026,-0.022,-0.002,-0.007,-0.014,0.017,-0.022,-0.012,0.011,-0.036,-0.021,0.005,-0.037,-0.009,-0.005,-0.011,-0.018,0.005
mag,243177,0.021,-0.011,0.004,-0.006,-0.024,0.011,-0.031,0.022,0.000,0.054,-0.014,0.004,-0.005,-0.010,-0.009,-0.019,0.018,-0.007,-0.010,-0.024,0.012,-0.011,0.011,0.010
mag,243256,0.009,0.013,0.007,0.011,-0.014,-0.008,0.010,-0.020,0.008,-0.014,0.003,0.007,0.029,-0.005,-0.001,-0.016,0.006,0.005,0.005,-0.009,0.002,-0.008,-0.013,0.003
mag,243335,0.004,0.008,-0.003,-0.020,0.006,0.009,0.020,-0.022,0.013,0.008,-0.036,0.012,0.020,0.027,0.008,-0.028,-0.001,-0.014,0.022,-0.019,0.009,-0.021,0.019,0.007
mag,243414,-0.001,-0.019,-0.015,-0.013,0.001,-0.006,-0.012,-0.010,0.000,-0.007,-0.002,0.004,-0.044,0.017,-0.011,0.021,-0.008,0.018,0.005,0.010,0.005,-0.026,-0.013,0.010
mag,243493,0.019,-0.031,0.004,0.009,0.018,0.006,-0.002,-0.000,-0.017,0.023,0.042,-0.003,-0.007,-0.042,-0.016,0.006,-0.008,-0.002,0.002,0.013,-0.008,-0.021,-0.020,-0.002
mag,243572,0.016,-0.004,-0.013,-0.015,-0.002,-0.011,0.001,-0.010,0.003,-0.004,0.013,-0.008,-0.002,0.010,-0.004,-0.036,0.023,-0.007,0.019,0.010,-0.010,-0.006,0.002,-0.017
mag,243651,-0.006,0.011,-0.006,0.021,0.025,-0.008,-0.004,-0.005,-0.017,0.018,0.013,-0.000,-0.014,0.002,-0.004,0.013,-0.004,0.003,-0.003,-0.012,0.005,-0.008,0.009,0.007
mag,243730,0.040,0.001,0.004,-0.025,-0.014,0.009,-0.007,-0.005,-0.002,-0.004,0.015,-0.015,0.012,0.012,0.013,-0.040,0.001,0.010,-0.044,-0.012,0.007,0.011,0.004,-0.022
mag,243809,-0.030,-0.019,0.002,0.007,-0.011,0.006,-0.012,0.012,-0.005,0.020,-0.019,0.004,-0.029,-0.008,-0.023,-0.011,-0.008,-0.002,-0.003,-0.021,-0.003,-0.001,0.011,-0.010
mag,243888,-0.001,0.016,-0.010,-0.006,0.030,0.009,0.001,-0.000,0.008,-0.004,0.003,-0.003,0.000,0.029,0.004,-0.023,0.011,-0.014,-0.000,0.015,-0.005,-0.030,-0.028,0.015
mag,243967,-0.023,0.008,0.009,0.004,0.011,-0.006,-0.026,0.024,-0.002,0.008,-0.009,-0.005,0.005,-0.003,0.006,0.003,0.001,-0.009,0.027,-0.024,-0.003,-0.006,0.011,0.003
mag,244046,-0.006,-0.028,-0.013,-0.008,-0.036,-0.003,-0.016,0.015,0.013,0.015,-0.014,0.007,-0.010,0.002,0.011,-0.014,0.009,-0.014,-0.010,-0.004,-0.015,0.004,-0.003,0.000
mag,244125,-0.003,-0.001,-0.001,0.007,-0.043,0.004,0.006,-0.027,-0.012,-0.014,0.011,0.017,-0.017,-0.034,-0.021,0.011,-0.013,-0.017,-0.005,-0.034,0.007,-0.004,-0.030,0.010
mag,244205,-0.006,0.001,0.004,-0.003,0.001,0.011,-0.002,0.017,-0.007,-0.016,0.001,-0.005,-0.002,0.012,-0.004,-0.004,0.011,-0.007,-0.003,-0.019,0.009,-0.004,-0.003,-0.012
mag,244284,-0.013,0.040,-0.006,0.026,0.001,0.011,-0.016,0.027,-0.002,0.001,-0.009,0.004,-0.017,0.010,-0.006,-0.006,-0.004,0.010,-0.027,-0.004,0.009,0.009,0.002,0.000
mag,244363,-0.035,-0.026,0.009,-0.018,-0.014,0.001,-0.014,-0.020,-0.007,0.015,-0.004,-0.003,-0.012,-0.000,-0.001,-0.011,-0.013,-0.007,0.002,0.003,-0.005,-0.026,-0.028,0.020
mag,244442,0.011,-0.014,-0.006,0.009,-0.016,-0.006,0.006,-0.024,-0.014,0.010,-0.024,0.014,-0.005,-0.012,-0.023,-0.021,-0.013,-0.009,-0.015,0.020,-0.015,-0.011,-0.018,-0.005
mag,244522,-0.028,-0.001,0.014,0.007,-0.011,-0.021,-0.012,-0.017,0.008,-0.016,-0.011,0.002,-0.014,0.024,0.006,-0.011,-0.006,-0.009,0.010,0.020,0.005,-0.008,0.002,0.000
mag,244601,-0.025,-0.023,-0.006,0.014,0.018,-0.003,-0.019,0.019,0.010,0.010,0.001,0.007,-0.010,0.027,0.004,-0.021,-0.004,-0.024,0.007,0.006,-0.003,0.014,0.024,-0.002
mag,244680,0.004,-0.033,0.009,0.009,-0.016,0.009,-0.012,0.019,0.000,-0.009,-0.019,-0.000,0.034,0.017,-0.004,-0.016,-0.023,0.003,0.024,0.008,-0.005,-0.016,-0.013,-0.005
mag,244759,0.004,-0.006,0.009,-0.030,0.015,0.001,-0.036,0.022,0.008,-0.014,-0.006,-0.008,-0.012,0.010,-0.006,-0.036,-0.013,-0.014,-0.000,-0.012,-0.010,-0.011,0.011,-0.019
mag,244838,-0.060,-0.001,0.002,0.007,-0.007,-0.006,-0.009,0.015,0.000,0.006,0.033,0.012,-0.022,-0.017,-0.016,-0.036,0.009,-0.017,0.022,0.020,-0.015,0.038,-0.006,0.000
mag,244917,-0.008,-0.016,-0.003,-0.006,0.003,0.001,-0.026,0.010,0.013,0.025,0.025,0.009,-0.007,-0.000,-0.011,0.001,0.028,-0.009,-0.000,0.006,0.012,-0.016,-0.030,-0.010
mag,244996,-0.016,0.006,0.004,0.014,0.001,-0.008,-0.012,0.017,0.010,0.054,0.003,0.007,-0.041,0.005,0.008,0.030,-0.008,-0.009,-0.024,0.015,-0.020,0.023,-0.035,-0.007
mag,245075,-0.006,0.006,0.002,0.004,-0.019,-0.011,0.003,-0.002,0.003,0.025,0.011,-0.003,-0.007,0.010,-0.004,0.021,0.018,-0.017,0.007,0.006,-0.000,0.011,0.011,-0.010
mag,245154,0.009,0.006,-0.001,-0.015,0.018,-0.001,0.025,-0.002,0.008,0.023,-0.011,0.024,0.005,0.019,-0.023,0.043,0.023,-0.002,-0.034,-0.002,-0.022,0.006,0.016,-0.017
mag,245233,-0.050,0.016,0.002,-0.003,0.035,-0.016,0.020,-0.007,-0.002,-0.004,0.047,0.004,0.003,-0.022,-0.011,-0.009,0.004,-0.009,0.012,0.010,-0.010,0.004,0.007,-0.017
mag,245312,0.009,0.011,-0.028,0.021,-0.002,-0.006,0.008,0.005,0.005,0.008,0.003,0.017,0.010,-0.020,-0.026,0.006,-0.028,-0.009,0.005,-0.002,-0.015,-0.006,-0.013,-0.015
mag,245391,-0.023,0.038,-0.003,0.024,0.011,-0.006,-0.014,0.022,-0.017,0.006,0.035,0.017,0.000,0.029,-0.018,-0.004,0.016,-0.021,0.007,0.008,-0.010,-0.001,-0.008,-0.007
mag,245470,-0.011,0.008,-0.015,0.014,0.037,-0.006,0.023,0.017,-0.007,0.001,0.006,-0.003,-0.024,-0.010,-0.028,0.016,0.001,-0.029,0.041,0.008,-0.020,0.009,0.014,-0.022
mag,245549,-0.025,0.023,0.007,0.009,0.015,-0.011,-0.024,0.024,-0.002,-0.016,-0.004,-0.010,-0.022,-0.010,-0.016,-0.016,0.011,-0.019,-0.022,0.008,-0.015,-0.008,-0.010,-0.005
mag,245628,0.016,0.023,-0.010,0.009,0.018,-0.003,0.008,0.027,-0.017,0.015,0.037,-0.010,-0.012,0.024,-0.026,-0.001,-0.033,-0.046,-0.005,-0.004,-0.034,0.001,-0.020,-0.029
mag,245707,-0.016,-0.001,-0.018,0.029,0.020,-0.016,-0.029,0.022,-0.012,0.010,0.011,0.004,-0.019,-0.000,-0.018,-0.019,-0.021,-0.007,-0.022,-0.014,-0.012,0.021,-0.035,-0.017
mag,245786,-0.035,0.025,-0.006,0.004,0.003,-0.016,-0.016,0.005,0.000,0.018,-0.009,0.004,-0.039,-0.017,-0.023,-0.001,0.006,-0.019,0.044,0.023,-0.008,-0.018,-0.006,-0.007
mag,245865,-0.008,0.035,-0.025,0.007,0.001,-0.030,-0.004,0.034,-0.005,0.030,-0.014,0.002,-0.029,0.007,-0.014,-0.036,-0.023,-0.029,-0.005,0.015,-0.020,-0.011,0.011,-0.044
mag,245944,-0.013,0.018,-0.023,0.014,0.013,-0.011,-0.004,0.024,-0.012,0.013,0.023,-0.020,-0.002,-0.003,-0.023,-0.011,-0.001,-0.019,0.002,0.006,-0.022,0.001,-0.020,-0.022
mag,246024,-0.035,0.021,-0.025,0.011,0.028,-0.013,0.006,0.029,-0.017,0.015,0.050,-0.005,-0.024,0.046,-0.045,-0.014,-0.028,-0.026,-0.000,0.013,-0.027,0.031,-0.008,-0.005
mag,246103,0.004,0.003,-0.010,0.019,0.035,-0.013,0.045,0.024,-0.017,-0.004,0.037,0.009,-0.012,0.012,-0.038,0.021,0.043,-0.029,-0.003,-0.034,-0.047,-0.016,0.014,-0.027
mag,246182,-0.028,0.006,-0.028,-0.003,0.003,-0.033,0.028,0.046,-0.031,0.018,0.064,-0.010,-0.002,-0.017,-0.040,-0.001,-0.008,-0.038,-0.017,-0.016,-0.037,0.028,-0.010,-0.037
mag,246262,0.006,0.038,-0.047,0.011,0.030,-0.047,0.008,0.046,-0.024,0.025,0.062,-0.037,0.008,-0.034,-0.021,-0.004,-0.011,-0.053,-0.012,-0.029,-0.030,0.033,-0.015,-0.027
mag,246341,-0.021,0.008,-0.040,-0.008,0.028,-0.057,-0.014,0.049,-0.034,0.010,0.042,-0.035,-0.010,-0.017,-0.038,-0.004,-0.030,-0.051,-0.007,-0.026,-0.059,-0.021,0.029,-0.027
mag,246421,-0.013,-0.001,-0.074,-0.003,0.025,-0.057,0.003,0.007,-0.056,0.018,0.057,-0.049,-0.022,-0.042,-0.016,-0.026,-0.028,-0.026,-0.029,-0.024,-0.039,0.018,-0.008,-0.041
mag,246501,-0.013,-0.011,-0.069,0.024,-0.014,-0.074,0.015,0.041,-0.070,-0.007,0.037,-0.084,-0.054,0.012,-0.018,0.001,-0.035,-0.024,0.029,-0.046,-0.020,0.026,-0.059,-0.037
mag,246581,0.011,-0.016,-0.074,-0.028,-0.036,-0.052,-0.012,0.002,-0.061,0.006,0.008,-0.074,-0.014,-0.005,-0.021,-0.026,-0.004,-0.019,0.007,-0.024,-0.032,0.023,-0.010,-0.019
mag,246661,-0.033,-0.019,-0.098,-0.011,-0.014,-0.045,-0.021,0.024,-0.078,0.013,0.025,-0.084,-0.027,-0.020,-0.033,-0.028,-0.052,-0.021,-0.017,-0.063,-0.017,0.023,-0.032,-0.034
mag,246792,-0.013,-0.067,-0.111,0.036,-0.009,-0.086,-0.026,-0.002,-0.078,-0.007,0.040,-0.176,-0.007,-0.054,-0.018,-0.038,-0.011,0.001,-0.007,-0.060,-0.017,-0.004,-0.001,-0.012
mag,246867,0.014,-0.058,-0.157,0.038,-0.033,-0.096,-0.043,0.054,-0.080,-0.063,0.035,-0.208,-0.029,-0.027,-0.031,0.011,-0.033,-0.029,0.005,-0.046,-0.020,0.026,-0.023,-0.022
mag,246991,0.031,-0.070,-0.137,0.036,0.001,-0.072,-0.024,0.044,-0.085,-0.073,0.035,-0.232,0.012,-0.017,-0.016,-0.006,-0.038,-0.031,-0.007,-0.036,-0.012,0.021,-0.067,-0.017
mag,247067,0.058,-0.048,-0.177,0.046,0.018,-0.079,-0.082,0.061,-0.070,-0.073,0.101,-0.276,0.003,-0.032,-0.040,-0.023,-0.016,-0.031,-0.022,-0.034,-0.032,-0.018,-0.050,-0.024
mag,247192,0.062,-0.055,-0.147,0.046,-0.026,-0.079,-0.033,0.049,-0.100,-0.056,0.059,-0.262,-0.012,-0.039,-0.023,0.013,-0.023,-0.012,-0.032,-0.051,-0.044,0.026,-0.045,-0.024
mag,247267,0.040,-0.050,-0.157,0.019,0.018,-0.074,-0.041,0.007,-0.095,-0.048,0.130,-0.210,0.000,-0.017,-0.009,0.003,-0.038,-0.017,0.015,-0.019,-0.017,-0.030,-0.062,-0.032
mag,247348,0.023,-0.011,-0.152,0.038,-0.004,-0.074,-0.046,0.007,-0.078,-0.004,0.086,-0.191,-0.029,-0.034,-0.018,0.018,-0.060,-0.017,0.019,-0.026,-0.017,-0.023,-0.045,-0.010
mag,247485,0.031,-0.023,-0.147,0.019,-0.033,-0.094,0.018,0.027,-0.078,-0.041,0.077,-0.147,-0.027,-0.022,-0.026,0.003,-0.004,-0.014,0.012,-0.029,-0.025,0.016,-0.032,-0.010
mag,247566,0.019,-0.050,-0.137,0.016,-0.016,-0.084,-0.033,0.044,-0.061,0.001,0.074,-0.145,-0.041,-0.061,-0.021,-0.006,-0.018,-0.019,0.019,0.001,-0.032,-0.013,-0.037,-0.027
mag,247702,0.028,-0.053,-0.201,0.031,-0.007,-0.084,-0.046,0.002,-0.100,-0.014,0.028,-0.213,0.000,-0.017,-0.018,-0.019,-0.035,-0.019,0.010,-0.029,-0.032,-0.001,-0.042,-0.024
mag,247783,0.038,-0.050,-0.174,0.014,-0.007,-0.082,-0.063,0.046,-0.100,-0.026,0.003,-0.196,0.027,-0.044,-0.021,-0.045,-0.030,-0.019,0.012,-0.068,-0.022,-0.008,-0.054,-0.017
mag,247918,0.026,-0.062,-0.167,0.031,-0.041,-0.084,-0.033,0.007,-0.109,-0.036,-0.028,-0.232,-0.036,-0.034,-0.026,-0.009,-0.057,-0.007,-0.015,-0.016,-0.025,0.028,-0.028,-0.015
mag,247999,-0.001,-0.109,-0.174,0.029,-0.068,-0.096,-0.033,-0.005,-0.090,-0.034,-0.063,-0.252,0.000,-0.015,-0.023,0.003,-0.070,-0.036,-0.032,-0.036,-0.017,0.001,-0.052,-0.029
mag,248145,-0.003,-0.075,-0.147,-0.001,-0.009,-0.096,-0.090,-0.027,-0.119,0.018,-0.050,-0.293,-0.005,-0.044,-0.023,0.008,-0.038,-0.014,-0.012,-0.019,-0.022,-0.013,-0.069,-0.019
mag,248227,0.001,-0.072,-0.140,0.016,-0.043,-0.089,-0.060,-0.002,-0.127,-0.012,-0.028,-0.262,0.005,-0.042,-0.016,0.003,-0.013,-0.012,-0.005,-0.038,-0.025,-0.006,-0.030,-0.002
mag,248339,0.023,-0.099,-0.191,0.043,-0.019,-0.091,-0.055,0.010,-0.114,-0.004,0.040,-0.298,-0.039,-0.044,-0.018,-0.006,-0.055,-0.021,0.017,-0.038,-0.012,-0.023,-0.054,-0.012
mag,248417,0.021,-0.038,-0.203,0.055,-0.031,-0.116,-0.053,0.044,-0.124,0.008,0.057,-0.291,-0.017,-0.027,0.001,-0.009,-0.045,-0.002,0.027,-0.036,-0.027,0.011,-0.050,-0.010
mag,248529,0.016,-0.072,-0.184,0.038,-0.038,-0.106,-0.051,0.019,-0.112,-0.004,0.084,-0.262,-0.032,-0.022,-0.011,-0.004,-0.062,-0.009,-0.003,-0.060,-0.008,0.006,-0.020,-0.007
mag,248608,0.026,-0.033,-0.186,0.021,-0.031,-0.089,-0.063,0.078,-0.117,0.015,0.081,-0.230,-0.007,-0.032,-0.018,-0.023,-0.030,-0.024,0.005,-0.060,-0.015,-0.011,-0.028,-0.019
mag,248745,-0.008,-0.082,-0.169,0.036,-0.036,-0.108,-0.021,0.019,-0.129,-0.021,0.069,-0.237,-0.054,-0.044,0.001,-0.011,-0.018,-0.009,-0.003,-0.053,-0.020,-0.011,-0.074,-0.024
mag,248822,0.011,-0.050,-0.152,0.046,-0.016,-0.091,-0.031,0.059,-0.119,-0.026,0.084,-0.232,0.000,-0.034,-0.018,-0.001,-0.006,-0.038,0.007,-0.029,-0.017,0.014,-0.045,-0.027
mag,248953,0.028,-0.041,-0.167,0.033,-0.007,-0.089,-0.055,0.037,-0.114,0.006,0.079,-0.215,-0.005,-0.049,-0.011,0.003,-0.043,-0.012,0.024,-0.051,-0.022,0.031,-0.074,-0.037
mag,249031,0.048,-0.043,-0.177,0.029,0.015,-0.126,-0.026,0.027,-0.117,0.003,0.084,-0.223,-0.017,-0.042,-0.026,-0.014,-0.040,-0.021,0.032,-0.051,-0.020,-0.021,-0.057,-0.022
mag,249154,0.009,-0.048,-0.152,0.068,-0.031,-0.099,0.001,0.037,-0.100,0.052,0.091,-0.186,-0.032,-0.017,-0.006,-0.038,-0.050,-0.014,-0.034,-0.053,-0.017,0.048,-0.064,-0.037
mag,249231,0.016,-0.014,-0.133,0.041,-0.009,-0.094,-0.009,0.034,-0.100,-0.012,0.091,-0.169,-0.017,-0.039,-0.018,-0.038,-0.057,-0.012,-0.007,-0.041,-0.027,0.043,-0.035,-0.027
mag,249355,-0.018,-0.038,-0.157,0.024,-0.051,-0.096,-0.009,0.027,-0.097,-0.012,0.050,-0.174,-0.034,-0.008,-0.026,0.008,-0.055,-0.007,0.037,-0.058,-0.027,0.004,-0.035,-0.027
mag,249433,0.009,-0.028,-0.147,0.007,-0.024,-0.111,-0.068,0.010,-0.085,-0.009,0.059,-0.164,-0.019,-0.042,-0.016,0.001,-0.052,-0.017,-0.027,-0.056,-0.034,-0.004,-0.047,-0.032
mag,249560,0.011,-0.058,-0.142,0.024,0.013,-0.106,-0.048,0.032,-0.097,-0.021,0.074,-0.174,-0.002,-0.049,-0.021,-0.021,-0.057,-0.034,-0.005,-0.043,-0.010,0.006,-0.074,-0.032
mag,249637,-0.028,-0.031,-0.135,0.048,-0.038,-0.106,0.003,0.029,-0.105,0.018,0.062,-0.147,-0.032,-0.032,-0.001,0.011,-0.030,-0.009,-0.007,-0.029,-0.037,0.021,-0.052,-0.017
mag,249767,-0.008,-0.026,-0.140,0.036,-0.011,-0.094,-0.007,0.027,-0.109,-0.009,0.052,-0.162,-0.012,-0.051,-0.016,-0.031,-0.026,-0.034,-0.005,-0.036,-0.025,-0.016,-0.035,-0.041
mag,249845,-0.016,-0.055,-0.155,0.038,-0.002,-0.111,-0.019,0.049,-0.095,0.028,0.050,-0.149,-0.005,-0.020,-0.036,-0.016,-0.018,-0.012,0.022,-0.031,-0.020,-0.001,-0.059,-0.019
mag,249976,-0.018,-0.019,-0.140,0.024,-0.014,-0.086,-0.021,0.032,-0.100,0.025,0.086,-0.145,-0.017,-0.042,-0.033,0.001,-0.067,-0.017,0.022,-0.043,-0.044,0.038,-0.050,-0.037
mag,250053,0.001,-0.036,-0.118,0.029,0.023,-0.091,-0.004,0.051,-0.092,-0.007,0.069,-0.108,-0.002,-0.012,-0.016,-0.014,-0.013,-0.024,-0.017,-0.016,-0.025,0.026,-0.025,-0.032
mag,250182,-0.018,-0.006,-0.128,0.009,0.015,-0.089,-0.026,0.041,-0.075,0.025,0.064,-0.108,-0.039,-0.017,-0.048,-0.011,-0.043,-0.019,-0.010,-0.056,-0.044,-0.004,-0.032,-0.041
mag,250260,0.019,-0.014,-0.145,0.021,0.018,-0.084,0.001,0.066,-0.083,0.057,0.086,-0.103,-0.005,-0.047,-0.045,-0.038,-0.006,-0.024,0.007,-0.095,-0.037,0.011,-0.025,-0.049
mag,250380,0.036,0.025,-0.150,0.021,0.020,-0.101,-0.014,0.054,-0.088,0.023,0.108,-0.088,0.015,-0.032,-0.028,0.016,-0.013,-0.034,-0.003,-0.053,-0.039,0.014,-0.062,-0.034
mag,250458,0.001,0.013,-0.152,0.041,0.045,-0.067,-0.009,0.068,-0.078,0.052,0.084,-0.105,-0.002,-0.025,-0.031,0.011,-0.057,-0.021,-0.015,-0.063,-0.042,-0.030,-0.074,-0.044
mag,250585,0.006,0.023,-0.164,0.014,0.018,-0.072,-0.009,0.068,-0.088,0.052,0.108,-0.115,0.000,-0.017,-0.028,-0.009,-0.004,-0.031,-0.007,-0.046,-0.032,0.023,-0.025,-0.022
mag,250661,0.004,0.021,-0.150,0.016,0.018,-0.091,-0.014,0.098,-0.105,0.047,0.089,-0.108,-0.014,-0.042,-0.028,0.011,-0.055,-0.036,0.010,-0.070,-0.030,0.006,-0.037,-0.027
mag,250782,0.053,0.013,-0.162,0.014,0.033,-0.084,0.013,0.088,-0.102,0.032,0.108,-0.125,-0.014,-0.030,-0.038,0.021,-0.043,-0.034,0.002,-0.053,-0.044,-0.006,-0.054,-0.037
mag,250860,0.043,-0.011,-0.137,0.036,0.020,-0.069,0.003,0.073,-0.092,0.042,0.079,-0.123,0.000,-0.020,-0.040,0.013,-0.030,-0.029,-0.017,-0.085,-0.039,0.006,-0.057,-0.049
mag,250980,0.070,-0.019,-0.142,0.021,0.033,-0.084,-0.014,0.095,-0.124,0.086,0.108,-0.135,-0.019,-0.054,-0.031,-0.006,-0.030,-0.038,0.022,-0.048,-0.034,0.033,-0.076,-0.039
mag,251057,0.028,-0.006,-0.167,0.021,0.040,-0.069,-0.012,0.110,-0.112,0.062,0.094,-0.142,-0.034,-0.069,-0.028,-0.036,-0.018,-0.024,0.029,-0.065,-0.027,0.018,-0.059,-0.015
mag,251179,0.080,0.001,-0.172,0.019,0.020,-0.094,-0.038,0.093,-0.151,0.074,0.116,-0.147,-0.002,-0.042,-0.023,0.013,-0.040,-0.026,0.037,-0.056,-0.047,0.021,-0.057,-0.032
mag,251256,0.040,-0.016,-0.157,0.031,0.013,-0.094,-0.036,0.066,-0.146,0.040,0.125,-0.154,-0.017,-0.044,-0.018,-0.048,-0.038,-0.043,-0.012,-0.046,-0.052,-0.006,-0.008,-0.019
mag,251377,0.040,-0.014,-0.157,-0.023,0.015,-0.089,-0.058,0.081,-0.151,0.015,0.111,-0.188,-0.019,-0.020,-0.026,0.008,-0.033,-0.014,0.010,-0.046,-0.017,-0.006,-0.045,-0.037
mag,251453,0.050,-0.016,-0.150,0.053,0.028,-0.101,-0.016,0.056,-0.127,0.086,0.123,-0.193,-0.041,-0.069,-0.016,-0.036,-0.065,-0.031,0.005,-0.060,-0.030,0.023,-0.037,-0.034
mag,251530,0.043,-0.021,-0.164,0.046,0.045,-0.094,-0.075,0.100,-0.156,0.071,0.094,-0.184,0.000,-0.042,-0.028,-0.033,-0.033,-0.024,0.015,-0.053,-0.034,-0.001,-0.054,-0.029
mag,251653,0.014,-0.023,-0.157,0.019,0.003,-0.067,-0.046,0.034,-0.146,0.091,0.120,-0.225,-0.034,-0.003,-0.023,-0.004,-0.033,-0.019,0.022,-0.041,-0.022,-0.013,-0.057,-0.024
mag,251730,0.014,-0.031,-0.155,0.024,-0.004,-0.077,-0.055,0.029,-0.168,0.057,0.108,-0.254,-0.005,-0.010,-0.028,-0.050,-0.050,-0.024,0.019,-0.051,-0.025,0.038,-0.050,-0.027
mag,251854,0.033,-0.087,-0.155,0.007,-0.021,-0.084,-0.087,0.034,-0.149,0.064,0.094,-0.284,-0.024,-0.037,-0.016,-0.023,-0.030,-0.017,0.002,-0.046,-0.034,-0.004,-0.064,-0.005
mag,251931,0.028,-0.082,-0.157,-0.003,-0.024,-0.084,-0.026,0.012,-0.166,0.015,0.067,-0.274,-0.024,-0.025,-0.016,0.006,-0.070,-0.002,0.029,-0.048,-0.015,0.004,-0.025,-0.029
mag,252048,0.014,-0.065,-0.167,0.063,-0.058,-0.101,-0.075,0.029,-0.146,0.028,0.050,-0.296,-0.039,-0.051,-0.004,-0.053,-0.004,-0.012,0.002,-0.053,-0.025,0.006,-0.040,-0.012
mag,252125,0.040,-0.055,-0.179,0.016,-0.053,-0.111,-0.065,0.024,-0.153,0.037,0.040,-0.328,-0.010,-0.005,-0.031,-0.009,-0.016,-0.012,-0.015,-0.056,-0.027,-0.021,-0.067,-0.015
mag,252257,-0.001,-0.102,-0.216,0.024,-0.024,-0.111,-0.055,-0.005,-0.124,-0.056,0.069,-0.357,-0.032,-0.054,-0.011,-0.011,-0.035,-0.004,0.007,-0.043,-0.020,0.043,-0.018,-0.032
mag,252335,0.016,-0.060,-0.184,0.033,-0.053,-0.113,-0.046,0.010,-0.119,-0.029,0.033,-0.354,0.008,-0.054,-0.031,-0.004,-0.043,-0.017,-0.029,-0.043,-0.025,0.001,-0.037,-0.019
mag,252460,0.028,-0.089,-0.164,0.048,-0.041,-0.082,-0.060,-0.034,-0.129,-0.029,-0.068,-0.330,-0.017,-0.008,-0.004,0.003,-0.028,-0.029,-0.000,-0.053,-0.017,0.014,-0.037,-0.007
mag,252538,-0.016,-0.114,-0.179,0.051,-0.046,-0.089,-0.073,0.017,-0.119,-0.043,-0.026,-0.347,0.005,-0.025,0.006,-0.004,-0.013,-0.009,-0.017,-0.024,-0.034,0.033,-0.037,-0.027
mag,252662,-0.003,-0.084,-0.133,0.053,-0.031,-0.079,-0.060,-0.024,-0.136,-0.014,-0.043,-0.333,-0.022,-0.034,-0.018,-0.009,-0.021,-0.012,0.017,-0.053,-0.020,0.016,-0.023,-0.002
mag,252740,-0.006,-0.062,-0.157,0.063,-0.058,-0.089,-0.063,-0.049,-0.141,0.013,-0.019,-0.359,-0.022,-0.005,-0.006,-0.045,-0.052,-0.017,0.005,-0.048,0.002,0.036,-0.059,-0.024
mag,252857,0.028,-0.065,-0.150,0.011,-0.016,-0.101,-0.085,-0.010,-0.144,-0.009,-0.043,-0.359,0.003,-0.059,-0.009,0.028,0.004,-0.034,0.015,-0.019,-0.025,-0.013,-0.037,-0.005
mag,252935,0.014,-0.082,-0.172,0.041,-0.019,-0.084,-0.102,-0.010,-0.127,-0.002,-0.050,-0.394,-0.014,-0.071,-0.009,-0.019,-0.033,-0.017,0.007,-0.080,-0.017,0.001,-0.040,-0.007
mag,253061,0.016,-0.087,-0.155,0.041,-0.019,-0.101,-0.085,-0.002,-0.129,-0.019,-0.016,-0.396,-0.022,0.032,-0.014,-0.026,-0.033,-0.019,0.007,-0.065,-0.008,0.021,-0.040,-0.012
mag,253140,0.006,-0.104,-0.137,0.033,-0.055,-0.089,-0.085,0.015,-0.134,-0.019,-0.002,-0.328,-0.010,-0.030,-0.009,-0.009,-0.040,-0.007,-0.005,-0.024,-0.034,0.031,-0.045,-0.015
mag,253260,0.031,-0.102,-0.128,0.029,-0.019,-0.067,-0.019,0.002,-0.090,-0.004,0.001,-0.203,-0.022,-0.030,-0.014,-0.016,-0.033,-0.017,-0.012,-0.024,-0.017,0.004,-0.050,-0.022
mag,253338,0.014,-0.050,-0.128,0.043,-0.007,-0.089,-0.024,0.044,-0.066,-0.004,0.079,-0.135,-0.014,-0.008,-0.028,-0.001,-0.001,-0.041,0.002,-0.002,-0.025,0.023,-0.018,-0.017
mag,253468,0.011,-0.067,-0.135,0.026,-0.007,-0.072,-0.009,0.061,-0.031,0.001,0.106,-0.064,0.005,-0.039,-0.021,-0.043,-0.030,-0.017,-0.029,-0.012,-0.037,-0.016,-0.013,-0.027
mag,253540,0.009,-0.058,-0.145,0.068,0.001,-0.067,-0.007,0.032,-0.031,-0.002,0.077,-0.027,-0.029,-0.010,-0.004,0.021,-0.021,-0.041,-0.012,-0.026,-0.049,-0.021,-0.067,-0.066
mag,253661,0.053,-0.065,-0.147,0.107,-0.016,-0.072,0.028,0.015,-0.007,0.045,0.035,0.024,0.005,-0.064,-0.004,-0.014,-0.052,-0.012,-0.015,-0.034,-0.025,-0.069,-0.037,-0.112
mag,253733,0.055,-0.082,-0.184,0.109,-0.029,-0.104,0.076,0.027,0.000,0.020,0.067,0.036,-0.010,-0.049,-0.006,-0.016,-0.004,-0.019,-0.061,-0.038,-0.059,-0.104,-0.067,-0.144
mag,253857,0.060,-0.114,-0.208,0.124,-0.002,-0.091,0.076,0.068,0.032,0.023,0.096,0.043,-0.017,-0.003,-0.009,-0.011,-0.040,-0.002,-0.068,-0.021,-0.066,-0.192,-0.054,-0.203
mag,253929,0.072,-0.094,-0.179,0.109,-0.011,-0.060,0.076,0.046,0.013,0.013,0.042,0.041,-0.036,-0.027,-0.011,-0.040,-0.043,-0.012,-0.054,0.006,-0.054,-0.170,-0.057,-0.288
mag,254034,0.060,-0.092,-0.184,0.121,-0.048,-0.079,0.076,0.044,0.020,0.040,0.059,0.043,-0.019,-0.022,-0.026,-0.026,0.004,-0.026,-0.112,0.013,-0.069,-0.133,0.031,-0.300
mag,254106,0.028,-0.102,-0.184,0.082,-0.016,-0.096,0.062,0.044,0.010,0.042,0.030,0.046,-0.039,-0.005,-0.028,-0.033,0.018,-0.012,-0.081,0.020,-0.083,-0.069,0.112,-0.264
mag,254184,0.065,-0.099,-0.233,0.134,-0.026,-0.121,0.096,0.029,0.022,0.059,0.062,0.053,-0.039,0.002,-0.021,0.006,-0.013,-0.029,-0.105,0.071,-0.100,0.028,0.136,-0.283
mag,254301,0.043,-0.116,-0.238,0.138,0.015,-0.133,0.111,0.059,0.017,0.071,0.030,0.068,-0.041,-0.027,-0.023,-0.033,-0.013,-0.034,-0.144,0.069,-0.139,0.036,0.219,-0.400
mag,254379,0.075,-0.163,-0.272,0.158,-0.026,-0.123,0.093,0.054,0.010,0.076,0.057,0.061,-0.044,-0.000,0.004,-0.038,0.006,-0.036,-0.171,0.098,-0.191,0.097,0.199,-0.530
mag,254473,-0.013,-0.148,-0.252,0.143,-0.058,-0.128,0.113,0.029,-0.002,0.101,0.040,0.061,-0.012,-0.037,-0.026,-0.016,-0.006,-0.043,-0.166,0.059,-0.174,0.121,0.170,-0.542
mag,254551,-0.013,-0.143,-0.218,0.163,-0.053,-0.148,0.098,0.012,0.015,0.081,0.072,0.070,-0.027,-0.005,-0.021,-0.048,-0.016,-0.026,-0.164,0.064,-0.176,0.040,0.170,-0.518
mag,254649,0.033,-0.138,-0.267,0.151,-0.063,-0.157,0.096,0.007,0.005,0.093,0.045,0.056,-0.046,-0.032,-0.028,-0.036,-0.006,-0.041,-0.088,0.089,-0.152,0.023,0.148,-0.332
mag,254725,0.001,-0.116,-0.225,0.151,-0.033,-0.148,0.103,0.034,-0.005,0.067,0.062,0.041,-0.044,-0.030,-0.006,-0.031,-0.023,-0.046,-0.054,0.062,-0.127,0.101,0.131,-0.276
mag,254801,0.016,-0.082,-0.208,0.114,-0.011,-0.101,0.067,0.037,-0.012,0.006,0.037,0.041,-0.046,-0.015,-0.036,-0.065,-0.033,-0.041,-0.090,0.052,-0.157,0.060,0.082,-0.249
mag,254901,0.033,-0.045,-0.140,0.124,-0.007,-0.082,0.074,0.039,-0.002,0.040,0.018,0.039,-0.044,0.007,-0.026,-0.043,-0.033,-0.053,-0.086,0.025,-0.174,0.104,0.026,-0.227
mag,254977,0.040,-0.043,-0.108,0.031,-0.007,-0.079,0.042,0.059,0.008,0.086,0.035,0.029,-0.032,-0.017,-0.023,-0.060,-0.008,-0.056,-0.076,0.028,-0.178,0.094,0.024,-0.185
mag,255068,0.023,-0.016,-0.108,0.068,-0.011,-0.065,0.045,0.037,0.020,0.059,0.040,0.034,0.005,-0.037,-0.023,-0.048,-0.023,-0.048,-0.037,0.013,-0.181,0.067,0.041,-0.171
mag,255145,0.021,-0.031,-0.079,0.053,0.001,-0.057,0.047,0.090,0.003,0.052,0.035,0.024,-0.024,0.007,-0.023,-0.067,-0.040,-0.046,-0.051,0.023,-0.203,0.094,-0.015,-0.188
mag,255222,0.026,-0.038,-0.084,0.055,-0.041,-0.055,0.047,0.051,-0.002,0.059,0.023,0.029,0.020,-0.012,-0.023,-0.033,-0.021,-0.068,-0.042,-0.009,-0.159,0.075,-0.032,-0.161
mag,255319,0.019,-0.021,-0.074,0.060,0.008,-0.047,0.052,0.010,0.013,0.023,0.020,0.029,-0.027,-0.025,-0.018,-0.038,-0.006,-0.043,-0.042,-0.016,-0.159,0.060,-0.001,-0.134
mag,255397,0.011,-0.026,-0.091,0.055,-0.038,-0.035,0.025,0.024,0.003,0.013,0.028,0.031,-0.044,-0.022,-0.033,-0.038,0.016,-0.043,-0.005,0.015,-0.152,0.072,0.026,-0.137
mag,255487,0.023,-0.014,-0.074,0.026,0.003,-0.030,0.030,0.029,-0.014,0.025,0.025,0.009,-0.017,-0.022,-0.031,-0.006,0.014,-0.056,-0.012,-0.019,-0.130,0.077,-0.030,-0.100
mag,255563,0.036,-0.023,-0.062,0.031,0.006,-0.040,0.015,0.017,0.005,0.049,0.047,0.034,-0.066,-0.015,-0.021,-0.036,0.021,-0.060,0.029,-0.014,-0.132,0.087,0.011,-0.098
mag,255639,-0.003,-0.004,-0.064,0.021,0.030,-0.050,0.030,0.019,-0.012,0.032,0.025,0.026,-0.044,-0.010,-0.021,0.011,-0.004,-0.034,0.005,-0.014,-0.144,0.070,-0.013,-0.095
mag,255741,0.021,-0.038,-0.079,0.070,0.003,-0.038,0.081,0.032,-0.002,0.032,0.069,0.043,-0.046,-0.008,-0.038,-0.006,-0.001,-0.041,0.022,0.001,-0.122,0.065,-0.057,-0.100
mag,255817,0.021,0.021,-0.081,0.065,0.023,-0.043,0.020,0.017,0.003,0.042,0.057,0.012,-0.022,-0.025,-0.036,-0.023,-0.006,-0.068,0.024,0.010,-0.115,0.077,-0.018,-0.110
mag,255918,0.038,-0.014,-0.072,0.068,0.023,-0.045,0.057,0.044,-0.012,0.015,0.030,0.041,-0.007,-0.017,-0.033,-0.038,-0.001,-0.073,-0.007,0.001,-0.137,0.062,-0.013,-0.105
mag,255995,0.026,-0.019,-0.098,0.055,0.023,-0.040,0.047,0.037,0.008,0.025,0.045,0.039,-0.022,-0.000,-0.040,-0.028,-0.035,-0.070,0.005,-0.007,-0.154,0.082,-0.003,-0.124
mag,256072,0.043,-0.045,-0.093,0.085,-0.031,-0.052,0.081,0.027,0.013,0.057,0.013,0.019,-0.041,0.010,-0.040,-0.053,-0.030,-0.046,0.005,0.006,-0.161,0.092,0.021,-0.132
mag,256175,0.026,-0.019,-0.096,0.065,-0.004,-0.050,0.069,0.034,0.000,0.052,0.028,0.034,-0.039,-0.020,-0.028,-0.026,-0.018,-0.051,0.010,0.013,-0.157,0.067,0.009,-0.156
mag,256253,0.040,-0.033,-0.091,0.019,-0.029,-0.052,0.023,0.037,0.010,0.015,0.069,0.046,-0.036,-0.030,-0.026,-0.043,-0.023,-0.046,-0.017,0.025,-0.166,0.094,-0.018,-0.146
mag,256344,0.019,-0.050,-0.086,0.048,0.001,-0.060,0.059,0.034,0.015,0.057,0.040,0.036,0.000,0.007,-0.038,-0.019,0.009,-0.046,-0.017,-0.004,-0.171,0.079,0.014,-0.124
mag,256420,0.026,-0.036,-0.098,0.055,0.042,-0.055,0.081,0.049,0.017,0.013,0.042,0.021,-0.063,-0.012,-0.031,-0.011,-0.021,-0.043,-0.034,-0.014,-0.147,0.082,0.026,-0.149
mag,256496,0.055,-0.023,-0.086,0.036,0.013,-0.043,0.071,0.063,-0.007,0.052,0.023,0.007,-0.017,-0.015,-0.016,-0.009,-0.033,-0.038,-0.000,0.008,-0.144,0.099,0.009,-0.112
mag,256595,0.045,-0.050,-0.054,0.031,0.001,-0.038,0.057,0.046,-0.017,0.030,0.040,0.012,-0.022,-0.047,-0.026,-0.036,-0.006,-0.073,0.002,0.003,-0.095,0.043,-0.003,-0.105
mag,256671,-0.016,-0.023,-0.050,0.014,-0.021,-0.050,0.018,0.076,-0.014,0.018,0.047,-0.008,-0.039,-0.039,-0.011,-0.060,-0.035,-0.053,0.005,-0.009,-0.100,0.053,-0.028,-0.080
mag,256791,0.019,-0.031,-0.064,0.031,-0.011,-0.045,0.057,0.024,-0.017,0.008,0.006,0.014,-0.024,-0.022,0.004,-0.045,-0.018,-0.053,0.017,-0.019,-0.095,0.016,-0.030,-0.085
mag,256868,0.001,-0.041,-0.074,0.053,-0.019,-0.035,0.023,0.051,-0.026,0.025,0.047,-0.008,-0.027,-0.020,-0.031,-0.019,-0.018,-0.046,-0.024,-0.019,-0.093,0.043,-0.040,-0.090
mag,256992,0.009,-0.050,-0.047,0.031,0.011,-0.030,0.030,0.017,-0.026,0.052,0.052,0.007,-0.034,-0.037,-0.033,-0.028,-0.011,-0.009,0.005,-0.016,-0.076,0.048,-0.023,-0.063
mag,257068,-0.001,-0.016,-0.064,-0.006,-0.014,-0.038,0.020,0.017,-0.031,0.025,0.035,-0.013,0.008,-0.008,-0.014,-0.053,-0.028,-0.034,-0.012,-0.029,-0.088,-0.006,0.009,-0.066
mag,257144,-0.023,-0.028,-0.052,0.011,-0.024,-0.035,0.013,-0.002,-0.029,0.059,-0.002,-0.008,-0.007,-0.008,-0.001,0.018,-0.026,-0.043,-0.005,-0.051,-0.086,0.060,-0.035,-0.044
mag,257265,0.014,-0.011,-0.032,0.011,-0.031,-0.043,0.032,0.012,-0.036,0.040,0.030,-0.020,0.008,-0.027,-0.031,-0.031,-0.011,-0.043,-0.015,-0.041,-0.071,0.009,-0.032,-0.068
mag,257342,-0.008,-0.021,-0.045,-0.045,0.011,-0.035,0.045,-0.002,-0.022,0.020,0.013,-0.005,-0.002,-0.005,-0.023,-0.036,-0.018,-0.034,-0.005,-0.038,-0.066,0.060,-0.023,-0.071
mag,257463,-0.033,0.003,-0.057,0.068,0.011,-0.040,0.030,0.015,-0.017,0.030,0.042,-0.013,-0.036,-0.032,-0.016,-0.023,-0.013,-0.034,0.015,0.003,-0.066,0.040,-0.023,-0.051
mag,257540,-0.001,-0.036,-0.064,-0.006,0.025,-0.021,0.018,0.044,-0.029,0.032,0.015,0.002,0.005,-0.051,-0.014,-0.016,-0.004,-0.038,0.015,-0.063,-0.071,0.043,-0.037,-0.054
mag,257616,0.011,-0.019,-0.040,0.024,-0.026,-0.043,0.057,0.046,-0.022,0.028,0.040,-0.003,-0.034,-0.017,-0.018,-0.019,-0.004,-0.046,0.002,-0.002,-0.052,0.028,-0.040,-0.059
mag,257693,-0.006,-0.001,-0.054,0.026,0.013,-0.052,0.006,0.027,-0.019,0.054,-0.002,0.004,-0.024,-0.015,-0.026,-0.033,-0.008,-0.043,0.027,-0.009,-0.074,0.004,-0.035,-0.061
mag,257770,0.001,-0.023,-0.054,0.024,-0.014,-0.047,0.040,0.032,-0.026,0.035,0.030,-0.003,-0.029,-0.030,-0.014,-0.019,-0.023,-0.034,-0.007,-0.051,-0.069,0.048,-0.052,-0.066
mag,257847,-0.006,-0.009,-0.052,0.048,0.013,-0.055,0.035,0.049,-0.014,0.028,0.013,0.012,-0.051,0.002,-0.033,-0.033,-0.040,-0.046,0.029,-0.046,-0.061,0.048,-0.030,-0.078
mag,257924,-0.016,-0.014,-0.050,-0.008,-0.007,-0.038,0.071,0.017,-0.014,0.064,0.035,-0.013,-0.027,-0.008,-0.026,-0.033,-0.016,-0.043,0.019,-0.026,-0.061,0.045,-0.047,-0.056
mag,258001,0.009,-0.019,-0.045,-0.001,0.008,-0.055,0.023,0.046,-0.031,0.052,0.045,-0.020,-0.027,0.014,-0.026,-0.011,-0.023,-0.017,-0.007,-0.063,-0.069,0.011,-0.018,-0.063
mag,258078,0.004,-0.038,-0.050,0.038,-0.016,-0.030,0.006,0.037,-0.036,0.045,0.015,-0.005,-0.032,0.017,-0.011,-0.016,-0.016,-0.019,0.005,-0.043,-0.069,0.050,-0.025,-0.063
mag,258155,-0.013,-0.019,-0.047,0.024,0.006,-0.030,0.013,0.015,-0.048,0.006,0.059,-0.008,-0.014,-0.032,-0.028,-0.038,-0.026,-0.048,-0.000,-0.048,-0.049,0.023,-0.035,-0.046
mag,258233,-0.011,-0.026,-0.035,0.019,0.015,-0.028,0.020,0.049,-0.024,0.035,0.020,0.004,-0.027,-0.017,-0.014,-0.023,-0.052,-0.036,-0.027,-0.031,-0.078,0.028,-0.028,-0.076
mag,258310,-0.006,-0.011,-0.054,0.002,0.025,-0.030,0.025,0.037,-0.022,0.042,0.040,0.017,0.010,-0.008,-0.011,-0.011,-0.016,-0.026,-0.003,-0.043,-0.081,0.026,-0.008,-0.059
mag,258387,0.023,-0.019,-0.047,0.038,0.003,-0.035,0.064,0.071,-0.026,0.013,0.062,-0.000,0.000,-0.027,-0.033,-0.040,0.004,-0.041,-0.007,-0.024,-0.059,0.057,-0.023,-0.063
mag,258464,0.001,-0.038,-0.042,0.029,-0.014,-0.038,0.035,0.041,-0.019,0.052,0.030,-0.005,-0.027,-0.012,-0.014,-0.009,-0.043,-0.034,0.017,-0.046,-0.052,0.004,-0.020,-0.061
mag,258541,-0.028,-0.026,-0.050,0.033,-0.021,-0.016,0.032,0.046,-0.017,0.028,0.008,-0.015,-0.034,-0.015,-0.023,-0.021,-0.030,-0.034,0.002,-0.048,-0.047,0.055,-0.035,-0.059
mag,258619,-0.006,-0.001,-0.042,-0.001,0.042,-0.040,0.025,0.034,-0.024,0.049,0.050,-0.013,-0.007,-0.003,-0.031,-0.060,-0.016,-0.043,0.012,-0.014,-0.074,0.016,-0.008,-0.063
mag,258696,0.011,0.003,-0.050,0.016,-0.007,-0.033,0.035,0.039,-0.024,0.032,0.008,-0.000,-0.029,-0.015,-0.016,-0.001,-0.008,-0.043,0.024,-0.026,-0.059,0.031,-0.006,-0.061
mag,258773,0.021,-0.009,-0.042,0.055,0.020,-0.030,0.032,0.041,-0.019,0.045,0.035,0.004,-0.032,-0.027,-0.033,-0.016,-0.028,-0.041,-0.024,0.003,-0.069,0.031,-0.032,-0.080
mag,258851,0.006,-0.019,-0.045,0.002,0.003,-0.035,0.035,0.005,-0.005,0.028,0.015,-0.010,-0.019,-0.000,-0.023,-0.006,-0.023,-0.034,0.012,-0.007,-0.059,0.053,-0.003,-0.063
mag,258927,-0.003,-0.009,-0.050,0.051,0.025,-0.030,0.010,0.037,-0.022,0.052,0.059,0.007,-0.002,-0.000,-0.014,-0.045,-0.033,-0.024,0.005,0.006,-0.086,0.021,-0.013,-0.066
mag,259004,-0.003,-0.001,-0.045,0.007,-0.024,-0.023,0.025,0.029,-0.024,0.045,0.015,0.021,-0.044,-0.010,-0.021,-0.048,-0.018,-0.036,0.007,0.028,-0.076,0.036,-0.006,-0.059
mag,259082,-0.033,-0.026,-0.042,0.009,0.011,-0.043,0.050,0.024,-0.029,0.052,0.025,0.007,-0.041,-0.027,-0.018,0.001,-0.052,-0.034,0.034,-0.029,-0.076,0.050,-0.023,-0.066
mag,259159,0.016,0.013,-0.040,-0.003,-0.024,-0.038,0.052,0.039,-0.026,0.047,0.030,-0.010,-0.027,-0.003,-0.009,-0.021,-0.016,-0.019,-0.020,-0.002,-0.081,-0.004,-0.042,-0.063
mag,259237,-0.050,0.001,-0.047,0.007,-0.009,-0.025,-0.014,0.027,-0.031,0.045,0.001,-0.018,-0.017,-0.012,-0.016,-0.021,-0.011,-0.036,-0.012,-0.021,-0.069,0.045,-0.013,-0.063
mag,259314,0.004,-0.021,-0.057,0.026,0.006,-0.021,0.037,0.024,-0.036,0.037,0.050,0.002,-0.010,-0.008,-0.048,-0.026,0.004,-0.031,0.029,-0.041,-0.064,0.009,-0.030,-0.061
mag,259391,0.009,-0.021,-0.052,-0.006,-0.007,-0.021,0.059,0.019,-0.017,0.030,0.059,-0.008,-0.019,0.032,-0.033,-0.023,-0.050,-0.019,0.012,-0.031,-0.078,0.031,-0.050,-0.083
mag,259469,-0.021,-0.019,-0.057,0.002,-0.002,-0.050,0.045,0.002,-0.029,0.052,0.020,0.012,-0.051,-0.015,-0.016,-0.072,-0.018,-0.051,-0.005,-0.021,-0.061,0.016,-0.015,-0.061
mag,259546,0.001,0.001,-0.054,0.014,0.025,-0.023,0.045,0.029,-0.002,0.018,0.033,-0.003,-0.036,-0.017,-0.009,-0.026,-0.033,-0.036,0.022,-0.024,-0.064,0.028,0.002,-0.078
mag,259623,0.009,-0.011,-0.042,0.016,-0.007,-0.033,0.035,0.049,-0.026,0.035,0.030,-0.003,0.008,-0.000,-0.038,-0.038,-0.004,-0.065,-0.005,-0.007,-0.052,0.004,-0.042,-0.066
mag,259701,-0.018,-0.014,-0.045,0.007,0.020,-0.021,0.042,0.034,-0.034,0.035,0.008,-0.003,-0.007,-0.017,-0.026,-0.011,-0.043,-0.051,-0.012,-0.012,-0.081,0.006,-0.008,-0.063
mag,259778,0.026,-0.006,-0.052,0.021,0.003,-0.023,0.018,0.037,-0.022,0.032,0.028,0.017,-0.032,0.007,-0.031,0.001,-0.016,-0.024,-0.005,-0.014,-0.054,0.057,0.004,-0.029
mag,259855,-0.003,0.011,-0.028,0.009,0.015,-0.043,0.013,0.046,-0.017,0.030,0.037,-0.005,-0.034,-0.025,-0.028,-0.050,-0.006,-0.034,-0.005,-0.034,-0.059,0.065,0.019,-0.056
mag,259933,-0.025,0.006,-0.040,0.014,-0.026,-0.025,0.010,0.019,-0.034,0.035,0.023,-0.015,-0.019,-0.034,0.001,-0.021,-0.001,-0.019,-0.027,-0.053,-0.069,0.031,-0.010,-0.049
mag,260010,-0.003,-0.006,-0.050,-0.015,0.028,-0.035,0.028,0.017,-0.024,0.047,0.018,-0.005,-0.019,-0.012,-0.023,-0.006,-0.001,-0.031,-0.000,-0.014,-0.059,-0.008,-0.006,-0.051
mag,260088,-0.001,0.008,-0.045,-0.006,0.015,-0.035,0.040,0.012,-0.007,0.030,-0.002,-0.008,-0.017,0.005,-0.023,0.018,-0.067,-0.056,0.019,-0.012,-0.061,0.038,-0.023,-0.059
mag,260165,0.019,-0.011,-0.047,-0.003,0.018,-0.028,0.018,0.027,-0.017,0.040,0.025,-0.005,-0.012,0.029,-0.016,0.013,-0.028,-0.041,0.005,-0.024,-0.032,0.011,-0.032,-0.029
mag,260242,-0.006,-0.014,-0.054,-0.006,-0.009,-0.028,0.015,0.027,-0.009,0.040,0.023,-0.008,0.008,0.019,-0.048,-0.001,-0.030,-0.038,-0.032,-0.019,-0.049,0.006,-0.015,-0.059
mag,260319,0.011,-0.028,-0.028,0.011,0.023,-0.035,0.028,0.007,-0.017,0.054,0.037,-0.000,0.003,-0.027,-0.033,0.023,-0.004,-0.031,0.024,-0.036,-0.059,0.033,-0.001,-0.041
mag,260396,-0.025,-0.016,-0.059,0.002,-0.011,-0.038,0.045,-0.012,-0.012,0.018,0.069,-0.003,-0.022,0.022,-0.031,0.025,-0.023,-0.036,-0.007,-0.034,-0.044,0.016,-0.025,-0.027
mag,260474,-0.003,-0.006,-0.020,0.004,-0.021,-0.028,0.008,-0.000,-0.014,0.023,0.015,-0.003,0.005,-0.027,-0.014,0.016,-0.001,-0.036,-0.007,-0.024,-0.027,0.018,0.002,-0.037
mag,260551,-0.003,-0.033,-0.035,-0.003,0.015,-0.028,0.040,0.032,-0.012,0.015,-0.009,0.007,-0.007,-0.010,-0.038,-0.019,0.009,-0.048,0.024,-0.007,-0.054,0.040,-0.003,-0.049
mag,260628,0.021,0.006,-0.035,0.014,0.020,-0.040,0.015,-0.005,-0.012,-0.007,0.040,-0.005,-0.027,-0.000,-0.018,-0.011,-0.016,-0.024,-0.003,-0.024,-0.054,0.018,0.009,-0.044
mag,260705,-0.003,-0.016,-0.018,0.011,-0.004,-0.040,0.015,0.034,-0.009,0.010,0.047,0.004,0.032,-0.010,-0.038,0.021,-0.006,-0.034,0.017,-0.041,-0.054,0.023,-0.018,-0.027
mag,260782,0.019,0.006,-0.028,0.004,0.064,-0.023,0.025,0.049,-0.014,0.013,0.040,0.014,0.010,-0.003,-0.026,-0.023,0.014,-0.038,0.017,-0.043,-0.032,0.055,-0.032,-0.039
mag,260859,0.036,0.028,-0.054,0.024,-0.007,-0.023,0.064,0.029,-0.007,0.037,0.018,0.009,-0.010,-0.030,-0.009,-0.014,-0.011,-0.026,0.024,-0.004,-0.037,0.016,0.004,-0.037
mag,260936,-0.001,-0.001,-0.035,0.031,-0.014,-0.021,0.045,0.007,-0.007,0.013,0.028,0.024,-0.044,-0.015,-0.036,-0.001,-0.023,-0.034,-0.000,-0.024,-0.049,0.006,-0.008,-0.051
mag,261013,0.021,-0.006,-0.025,0.029,0.018,-0.013,0.025,0.046,-0.012,0.028,0.052,0.007,-0.017,0.017,-0.026,0.011,0.006,-0.038,0.007,-0.016,-0.042,0.001,0.024,-0.049
mag,261089,0.001,0.008,-0.020,0.021,0.015,-0.033,0.054,-0.000,0.005,0.020,0.013,-0.018,-0.032,-0.027,-0.028,-0.014,0.011,-0.024,-0.003,0.010,-0.042,0.023,0.004,-0.032
mag,261165,-0.006,0.013,-0.030,0.004,-0.004,-0.025,0.040,0.027,-0.005,0.057,0.013,0.014,-0.027,-0.017,-0.006,0.043,-0.026,-0.024,0.017,0.006,-0.054,-0.008,-0.013,-0.034
mag,261242,-0.016,0.008,-0.035,-0.006,0.011,-0.021,0.054,-0.002,-0.017,0.020,0.018,-0.000,-0.005,-0.008,-0.026,-0.026,0.004,-0.048,0.010,0.006,-0.044,0.026,-0.010,-0.039
mag,261319,0.023,-0.009,-0.035,0.004,0.008,-0.018,0.037,-0.012,-0.017,0.015,0.050,0.012,-0.010,0.010,-0.031,0.001,-0.004,-0.019,0.010,-0.012,-0.030,0.021,-0.020,-0.015
mag,261395,-0.021,0.006,-0.025,0.055,-0.014,-0.013,-0.024,0.019,0.005,0.049,0.023,0.009,0.005,-0.003,-0.033,-0.026,-0.016,-0.034,0.007,-0.004,-0.030,0.009,0.002,-0.017
mag,261472,0.033,0.008,-0.018,0.019,-0.014,-0.006,0.023,0.007,0.015,0.010,-0.009,0.004,-0.022,0.012,-0.043,-0.016,-0.011,-0.017,0.002,0.010,-0.034,-0.001,-0.030,-0.010
mag,261548,0.009,0.001,-0.030,0.019,0.011,-0.016,-0.014,0.012,-0.012,-0.019,-0.004,-0.008,-0.024,-0.005,-0.023,0.038,-0.023,-0.019,0.019,0.006,-0.012,-0.008,-0.010,-0.012
mag,261625,0.026,0.011,-0.020,-0.011,0.040,-0.025,0.030,0.012,0.003,0.023,0.037,-0.005,-0.010,0.010,-0.036,-0.031,-0.021,-0.021,-0.017,0.010,-0.027,0.011,0.007,-0.029
mag,261702,-0.006,0.035,-0.008,-0.001,0.030,-0.018,0.013,0.002,-0.002,0.023,0.030,-0.020,-0.002,-0.020,-0.038,0.001,0.018,-0.034,0.012,0.001,-0.037,0.023,-0.006,-0.032
mag,261778,0.001,0.038,-0.003,-0.001,0.015,0.006,0.020,0.017,0.008,0.020,-0.002,0.004,0.005,-0.005,-0.023,0.021,0.026,-0.043,0.015,-0.016,-0.049,0.043,0.007,-0.034
mag,261855,0.019,0.030,-0.008,0.014,0.042,-0.001,0.018,0.034,0.017,-0.012,0.018,0.017,0.020,-0.000,-0.055,-0.021,-0.004,-0.048,0.017,0.001,-0.066,0.031,0.029,-0.051
mag,261931,0.009,0.035,-0.025,-0.013,0.040,0.006,-0.012,0.063,0.003,0.001,0.018,0.012,-0.019,-0.000,-0.060,-0.014,0.006,-0.036,-0.010,0.023,-0.076,-0.006,-0.008,-0.056
mag,262008,-0.008,0.042,-0.030,0.007,0.018,-0.008,0.032,0.029,-0.002,0.020,0.040,0.017,0.015,-0.027,-0.048,0.023,-0.018,-0.026,-0.024,-0.012,-0.074,0.023,0.009,-0.073
mag,262085,0.006,0.055,-0.003,0.004,0.052,0.001,0.020,0.051,0.020,0.008,0.084,0.029,-0.041,-0.030,-0.072,-0.014,-0.013,-0.053,0.010,-0.014,-0.061,0.004,0.019,-0.095
mag,262161,-0.023,0.118,0.004,-0.008,0.052,0.004,0.020,0.054,0.027,-0.009,0.045,0.046,0.025,-0.037,-0.109,0.021,-0.011,-0.075,-0.010,0.006,-0.074,-0.004,-0.001,-0.139
mag,262290,-0.021,0.116,0.004,0.043,0.096,0.011,-0.033,0.071,0.042,0.001,0.047,0.043,0.003,-0.047,-0.148,0.025,0.001,-0.102,-0.005,0.032,-0.095,-0.016,0.021,-0.185
mag,262367,-0.021,0.113,-0.003,-0.013,0.089,0.011,0.037,0.068,0.025,-0.016,0.072,0.043,0.000,-0.030,-0.133,0.035,-0.035,-0.085,-0.024,-0.012,-0.108,-0.062,-0.042,-0.188
mag,262496,-0.028,0.099,0.036,-0.020,0.106,0.011,0.006,0.066,0.022,-0.004,0.081,0.058,0.003,-0.091,-0.158,0.052,-0.048,-0.104,-0.017,-0.007,-0.098,-0.043,-0.042,-0.239
mag,262574,-0.021,0.135,0.026,-0.015,0.084,0.021,0.008,0.078,0.037,0.030,0.064,0.058,-0.017,-0.083,-0.177,0.050,-0.091,-0.114,-0.083,0.006,-0.115,0.011,-0.086,-0.298
mag,262705,-0.033,0.135,0.090,0.002,0.098,0.050,0.018,0.061,0.042,-0.019,0.091,0.056,-0.012,-0.181,-0.282,0.065,-0.077,-0.131,-0.078,-0.029,-0.110,-0.113,-0.120,-0.515
mag,262782,0.014,0.177,0.051,0.014,0.137,0.038,0.040,0.100,0.052,0.023,0.094,0.058,0.012,-0.156,-0.228,0.047,-0.055,-0.107,-0.081,-0.038,-0.132,-0.109,-0.208,-0.464
mag,262901,-0.018,0.179,0.087,0.009,0.113,0.050,0.020,0.088,0.049,-0.002,0.057,0.053,0.049,-0.152,-0.324,0.067,-0.089,-0.124,-0.151,-0.012,-0.125,-0.162,-0.218,-0.725
mag,262978,-0.030,0.111,0.075,0.002,0.098,0.045,0.045,0.103,0.044,0.040,0.037,0.068,0.081,-0.171,-0.324,0.096,-0.045,-0.134,-0.100,-0.002,-0.139,-0.162,-0.125,-0.767
mag,263091,-0.033,0.145,0.080,0.004,0.106,0.050,0.020,0.056,0.059,0.037,0.042,0.065,0.061,-0.193,-0.331,0.118,-0.052,-0.139,-0.173,-0.024,-0.137,-0.089,-0.145,-0.825
mag,263168,-0.035,0.162,0.082,0.038,0.098,0.055,0.010,0.085,0.076,-0.007,0.050,0.061,0.069,-0.196,-0.324,0.082,-0.079,-0.124,-0.166,-0.016,-0.147,-0.030,-0.147,-0.828
mag,263285,-0.035,0.174,0.094,0.026,0.111,0.067,0.010,0.061,0.044,0.023,0.030,0.068,0.015,-0.218,-0.326,0.089,-0.084,-0.134,-0.129,0.006,-0.152,-0.079,-0.164,-0.857
mag,263361,-0.016,0.165,0.102,-0.015,0.101,0.060,0.013,0.088,0.061,0.013,0.079,0.083,0.017,-0.205,-0.314,0.108,-0.096,-0.124,-0.147,-0.009,-0.139,-0.047,-0.191,-0.854
mag,263473,-0.033,0.138,0.087,0.014,0.098,0.067,-0.004,0.061,0.071,-0.002,0.069,0.085,0.076,-0.220,-0.338,0.099,-0.060,-0.117,-0.183,0.028,-0.169,0.011,-0.155,-0.937
mag,263551,-0.013,0.172,0.102,0.014,0.150,0.062,0.040,0.120,0.074,0.018,0.079,0.061,0.100,-0.196,-0.328,0.126,-0.099,-0.131,-0.203,0.003,-0.152,0.045,-0.262,-1.023
mag,263641,-0.033,0.155,0.087,-0.003,0.116,0.065,0.013,0.105,0.052,-0.024,0.050,0.073,0.061,-0.220,-0.328,0.094,-0.082,-0.129,-0.227,-0.031,-0.161,0.009,-0.411,-1.160
mag,263717,-0.030,0.135,0.107,0.007,0.120,0.072,0.030,0.071,0.057,0.015,0.091,0.095,0.093,-0.213,-0.319,0.106,-0.055,-0.124,-0.208,-0.024,-0.147,0.072,-0.445,-1.143
mag,263793,-0.038,0.177,0.124,0.038,0.159,0.072,0.023,0.071,0.066,-0.016,0.057,0.107,0.098,-0.225,-0.333,0.138,-0.065,-0.109,-0.195,-0.051,-0.161,0.006,-0.472,-1.218
mag,263890,-0.045,0.211,0.114,0.004,0.133,0.062,0.045,0.083,0.071,-0.004,0.047,0.068,0.071,-0.254,-0.333,0.130,-0.077,-0.139,-0.210,0.003,-0.142,-0.043,-0.448,-1.216
mag,263967,-0.082,0.155,0.138,0.029,0.152,0.065,0.035,0.122,0.083,0.006,0.096,0.102,0.081,-0.271,-0.372,0.106,-0.101,-0.134,-0.183,-0.012,-0.144,-0.082,-0.435,-1.362
mag,264090,-0.028,0.179,0.126,-0.006,0.142,0.092,0.032,0.076,0.083,-0.009,0.055,0.078,0.088,-0.332,-0.416,0.099,-0.060,-0.124,-0.181,-0.026,-0.127,-0.245,-0.396,-1.409
mag,264167,-0.030,0.191,0.141,0.031,0.142,0.077,0.025,0.076,0.093,0.006,0.045,0.075,0.037,-0.313,-0.385,0.108,-0.118,-0.158,-0.134,-0.031,-0.093,-0.243,-0.377,-1.111
mag,264276,-0.047,0.157,0.153,-0.037,0.133,0.092,0.008,0.103,0.074,0.020,0.067,0.080,0.047,-0.354,-0.431,0.150,-0.094,-0.136,-0.134,0.008,-0.115,-0.260,-0.391,-1.284
mag,264348,-0.067,0.187,0.136,-0.001,0.164,0.094,0.023,0.093,0.081,0.018,0.079,0.078,0.027,-0.298,-0.419,0.128,-0.099,-0.134,-0.154,-0.031,-0.113,-0.221,-0.452,-1.301
mag,264426,-0.047,0.204,0.158,-0.037,0.140,0.077,-0.004,0.083,0.074,0.003,0.077,0.090,0.054,-0.332,-0.390,0.106,-0.133,-0.139,-0.147,-0.014,-0.139,-0.174,-0.494,-1.245
mag,264542,-0.057,0.177,0.170,0.007,0.137,0.092,-0.012,0.098,0.083,0.030,0.052,0.090,0.029,-0.362,-0.521,0.118,-0.113,-0.139,-0.183,0.008,-0.115,-0.275,-0.477,-1.550
mag,264619,-0.045,0.177,0.156,-0.006,0.135,0.077,0.023,0.088,0.074,0.010,0.052,0.102,0.069,-0.369,-0.521,0.162,-0.109,-0.126,-0.205,-0.026,-0.113,-0.243,-0.401,-1.538
mag,264735,-0.045,0.160,0.160,-0.020,0.157,0.082,0.018,0.083,0.096,-0.031,0.074,0.102,0.076,-0.403,-0.570,0.172,-0.077,-0.139,-0.161,-0.038,-0.135,-0.187,-0.396,-1.550
mag,264813,-0.069,0.135,0.185,-0.037,0.169,0.094,0.008,0.078,0.093,-0.009,0.059,0.095,0.088,-0.406,-0.580,0.194,-0.101,-0.114,-0.154,-0.004,-0.120,-0.199,-0.435,-1.584
mag,264926,-0.062,0.191,0.177,-0.025,0.140,0.089,0.010,0.090,0.088,0.040,0.057,0.087,0.054,-0.408,-0.546,0.130,-0.135,-0.126,-0.186,0.010,-0.120,-0.199,-0.440,-1.489
mag,264998,-0.072,0.145,0.185,-0.062,0.159,0.106,0.010,0.093,0.098,-0.016,0.091,0.090,0.093,-0.447,-0.590,0.160,-0.116,-0.114,-0.183,-0.009,-0.127,-0.194,-0.438,-1.633
mag,265108,-0.072,0.179,0.175,-0.028,0.142,0.097,0.006,0.105,0.093,-0.009,0.042,0.085,0.105,-0.437,-0.604,0.126,-0.104,-0.126,-0.210,-0.031,-0.149,-0.179,-0.423,-1.692
mag,265180,-0.060,0.160,0.187,-0.018,0.167,0.094,0.028,0.095,0.088,0.001,0.055,0.112,0.156,-0.489,-0.648,0.152,-0.131,-0.136,-0.183,-0.026,-0.142,-0.155,-0.440,-1.743
mag,265258,-0.050,0.157,0.187,-0.020,0.167,0.097,0.050,0.095,0.098,0.025,0.081,0.095,0.086,-0.518,-0.702,0.189,-0.148,-0.146,-0.200,-0.021,-0.117,-0.253,-0.450,-1.785
mag,265387,-0.072,0.174,0.182,-0.037,0.147,0.089,0.008,0.095,0.091,-0.002,0.077,0.080,0.152,-0.581,-0.722,0.191,-0.133,-0.126,-0.193,-0.009,-0.115,-0.201,-0.565,-1.760
mag,265466,-0.072,0.147,0.173,0.004,0.140,0.106,0.028,0.088,0.086,-0.009,0.035,0.087,0.208,-0.540,-0.709,0.152,-0.106,-0.126,-0.205,-0.038,-0.135,-0.118,-0.472,-1.692
mag,265605,-0.065,0.184,0.180,-0.030,0.116,0.102,0.052,0.095,0.069,0.013,0.059,0.104,0.213,-0.569,-0.800,0.189,-0.128,-0.131,-0.227,-0.041,-0.127,-0.074,-0.457,-1.753
mag,265685,-0.079,0.150,0.185,-0.025,0.147,0.109,0.028,0.098,0.088,0.020,0.052,0.078,0.249,-0.601,-0.814,0.152,-0.133,-0.121,-0.247,-0.021,-0.122,-0.062,-0.477,-1.775
mag,265818,-0.072,0.189,0.209,-0.013,0.167,0.104,0.008,0.076,0.081,0.015,0.059,0.092,0.381,-0.672,-0.990,0.174,-0.101,-0.112,-0.205,-0.029,-0.127,-0.004,-0.482,-1.955
mag,265898,-0.082,0.155,0.197,-0.015,0.137,0.116,0.023,0.078,0.079,-0.014,0.050,0.095,0.308,-0.659,-0.958,0.162,-0.099,-0.102,-0.212,-0.021,-0.135,-0.062,-0.435,-1.934
mag,266027,-0.040,0.150,0.204,-0.035,0.150,0.092,0.028,0.063,0.093,0.006,0.037,0.107,0.305,-0.569,-0.736,0.155,-0.167,-0.117,-0.252,-0.014,-0.142,0.018,-0.455,-1.721
mag,266107,-0.062,0.199,0.197,0.004,0.155,0.106,0.020,0.066,0.098,0.001,0.067,0.107,0.310,-0.601,-0.707,0.160,-0.109,-0.090,-0.205,-0.009,-0.139,0.050,-0.423,-1.660
mag,266229,-0.065,0.172,0.202,-0.018,0.118,0.111,0.015,0.110,0.091,-0.004,0.015,0.095,0.352,-0.520,-0.724,0.152,-0.140,-0.112,-0.232,-0.004,-0.152,0.089,-0.377,-1.633
mag,266306,-0.067,0.184,0.207,-0.028,0.152,0.094,0.020,0.090,0.081,-0.002,0.057,0.063,0.442,-0.525,-0.761,0.133,-0.096,-0.114,-0.200,-0.012,-0.142,0.140,-0.338,-1.709
mag,266425,-0.084,0.162,0.202,-0.054,0.159,0.099,0.040,0.085,0.108,0.013,0.050,0.090,0.337,-0.508,-0.768,0.196,-0.109,-0.112,-0.232,-0.048,-0.149,0.062,-0.391,-1.738
mag,266502,-0.062,0.174,0.219,-0.018,0.147,0.102,0.028,0.068,0.083,-0.014,0.059,0.109,0.391,-0.598,-0.839,0.174,-0.116,-0.100,-0.220,-0.021,-0.147,0.045,-0.411,-1.880
mag,266616,-0.060,0.140,0.209,-0.003,0.128,0.099,0.013,0.095,0.096,0.040,0.050,0.122,0.486,-0.625,-0.790,0.177,-0.150,-0.107,-0.254,-0.077,-0.144,0.150,-0.440,-1.977
mag,266693,-0.091,0.182,0.207,-0.025,0.142,0.116,0.028,0.103,0.088,0.013,0.057,0.109,0.508,-0.630,-0.819,0.196,-0.101,-0.107,-0.249,-0.036,-0.122,0.116,-0.455,-2.034
mag,266801,-0.060,0.145,0.221,-0.033,0.130,0.102,0.018,0.098,0.086,0.008,0.064,0.112,0.552,-0.564,-0.890,0.167,-0.111,-0.100,-0.249,-0.043,-0.127,0.123,-0.418,-2.068
mag,266878,-0.069,0.167,0.229,-0.011,0.145,0.097,0.010,0.093,0.093,0.037,0.023,0.092,0.469,-0.513,-0.836,0.167,-0.162,-0.092,-0.249,-0.014,-0.135,0.101,-0.357,-1.992
mag,267003,-0.067,0.150,0.219,-0.008,0.172,0.089,0.010,0.085,0.081,0.018,0.074,0.087,0.515,-0.554,-0.846,0.172,-0.128,-0.102,-0.244,-0.024,-0.147,0.055,-0.384,-2.048
mag,267082,-0.079,0.194,0.239,-0.013,0.133,0.119,0.015,0.078,0.103,-0.024,0.052,0.104,0.540,-0.530,-0.824,0.165,-0.143,-0.119,-0.234,-0.029,-0.113,0.158,-0.389,-2.073
mag,267191,-0.091,0.177,0.217,-0.008,0.123,0.114,0.018,0.098,0.096,0.003,0.077,0.092,0.501,-0.498,-0.744,0.140,-0.138,-0.100,-0.259,-0.012,-0.139,0.153,-0.374,-2.087
mag,267264,-0.084,0.155,0.221,0.009,0.125,0.114,0.008,0.073,0.081,0.018,0.055,0.107,0.523,-0.506,-0.836,0.179,-0.135,-0.085,-0.234,-0.014,-0.117,0.036,-0.364,-2.107
mag,267343,-0.062,0.174,0.226,-0.003,0.130,0.102,0.001,0.112,0.091,0.003,0.050,0.097,0.503,-0.498,-0.748,0.177,-0.138,-0.100,-0.215,-0.016,-0.115,-0.101,-0.391,-2.080
mag,267474,-0.094,0.174,0.217,-0.015,0.152,0.116,0.015,0.078,0.103,0.018,0.096,0.080,0.564,-0.464,-0.707,0.177,-0.096,-0.100,-0.198,-0.012,-0.103,-0.245,-0.377,-2.258
mag,267553,-0.096,0.179,0.202,-0.037,0.150,0.092,0.001,0.093,0.108,-0.009,0.064,0.090,0.471,-0.498,-0.651,0.174,-0.116,-0.104,-0.210,-0.009,-0.125,-0.375,-0.484,-2.180
mag,267677,-0.082,0.140,0.226,-0.018,0.155,0.102,0.008,0.081,0.098,-0.014,0.055,0.112,0.528,-0.545,-0.724,0.196,-0.118,-0.097,-0.188,-0.012,-0.091,-0.587,-0.421,-2.085
mag,267756,-0.096,0.169,0.207,-0.023,0.137,0.099,0.059,0.105,0.100,-0.016,0.033,0.085,0.479,-0.520,-0.697,0.169,-0.126,-0.109,-0.178,-0.014,-0.083,-0.585,-0.418,-1.929
mag,267872,-0.094,0.172,0.219,-0.025,0.145,0.102,0.042,0.071,0.103,0.030,0.091,0.109,0.506,-0.528,-0.675,0.155,-0.123,-0.095,-0.193,-0.038,-0.110,-0.641,-0.448,-1.912
mag,267950,-0.084,0.167,0.217,-0.011,0.140,0.123,0.023,0.093,0.083,0.003,0.052,0.104,0.464,-0.493,-0.712,0.145,-0.089,-0.100,-0.225,-0.036,-0.093,-0.651,-0.455,-1.936
mag,268057,-0.121,0.165,0.221,-0.023,0.152,0.082,0.028,0.066,0.103,0.001,0.057,0.087,0.486,-0.510,-0.673,0.177,-0.160,-0.090,-0.173,-0.041,-0.093,-0.682,-0.445,-2.031
mag,268135,-0.101,0.189,0.212,-0.030,0.142,0.102,0.040,0.076,0.103,0.028,0.045,0.095,0.484,-0.503,-0.609,0.189,-0.101,-0.087,-0.193,-0.014,-0.083,-0.636,-0.496,-2.146
mag,268236,-0.074,0.165,0.214,-0.011,0.145,0.099,0.013,0.112,0.098,-0.009,0.084,0.083,0.415,-0.501,-0.590,0.169,-0.113,-0.102,-0.181,-0.034,-0.081,-0.663,-0.430,-2.236
mag,268308,-0.111,0.165,0.214,-0.013,0.120,0.099,0.018,0.090,0.083,-0.021,0.055,0.102,0.440,-0.525,-0.580,0.169,-0.121,-0.092,-0.181,-0.036,-0.091,-0.731,-0.404,-2.410
mag,268385,-0.065,0.199,0.207,-0.020,0.113,0.099,0.003,0.063,0.088,0.023,0.084,0.109,0.330,-0.486,-0.548,0.174,-0.074,-0.087,-0.176,-0.029,-0.083,-0.714,-0.582,-2.463
mag,268488,-0.111,0.177,0.207,-0.018,0.147,0.099,0.015,0.066,0.091,0.018,0.057,0.100,0.291,-0.447,-0.514,0.152,-0.104,-0.092,-0.191,-0.021,-0.081,-0.690,-0.582,-2.456
mag,268567,-0.057,0.165,0.221,-0.013,0.157,0.094,0.023,0.088,0.098,0.013,0.081,0.122,0.310,-0.447,-0.538,0.169,-0.094,-0.114,-0.164,-0.002,-0.076,-0.770,-0.384,-2.461
mag,268657,-0.067,0.174,0.212,-0.030,0.135,0.075,0.037,0.083,0.100,-0.009,0.067,0.112,0.235,-0.408,-0.438,0.126,-0.089,-0.078,-0.210,-0.043,-0.103,-0.575,-0.614,-2.529
mag,268737,-0.077,0.184,0.195,-0.020,0.103,0.097,0.025,0.083,0.096,-0.026,0.062,0.109,0.274,-0.406,-0.421,0.123,-0.104,-0.097,-0.220,-0.002,-0.100,-0.287,-0.699,-3.083
mag,268817,-0.067,0.189,0.209,-0.015,0.113,0.114,0.006,0.103,0.093,0.023,0.064,0.117,0.320,-0.464,-0.468,0.177,-0.067,-0.100,-0.230,-0.031,-0.115,-0.255,-0.457,-3.101
mag,268917,-0.072,0.162,0.209,-0.018,0.137,0.114,0.037,0.081,0.093,-0.004,0.072,0.117,0.239,-0.462,-0.556,0.157,-0.084,-0.119,-0.242,-0.007,-0.100,-0.311,-0.401,-2.468
mag,268996,-0.074,0.179,0.219,-0.045,0.135,0.104,0.030,0.068,0.103,0.010,0.081,0.112,0.276,-0.464,-0.607,0.157,-0.131,-0.107,-0.247,0.010,-0.093,-0.170,-0.438,-2.688
mag,269090,-0.086,0.179,0.207,-0.020,0.120,0.087,0.032,0.107,0.110,-0.004,0.050,0.112,0.313,-0.498,-0.641,0.157,-0.138,-0.104,-0.252,-0.056,-0.091,-0.194,-0.628,-3.293
mag,269169,-0.057,0.138,0.217,-0.057,0.159,0.097,0.042,0.115,0.103,0.037,0.072,0.102,0.249,-0.486,-0.661,0.169,-0.096,-0.119,-0.244,-0.012,-0.098,-0.453,-0.755,-3.091
mag,269265,-0.072,0.199,0.217,-0.035,0.125,0.106,0.054,0.117,0.091,0.010,0.062,0.122,0.222,-0.554,-0.658,0.187,-0.116,-0.104,-0.203,-0.014,-0.100,-0.502,-0.799,-3.118
mag,269342,-0.065,0.201,0.224,-0.033,0.135,0.109,0.025,0.110,0.096,0.037,0.074,0.087,0.203,-0.528,-0.702,0.162,-0.126,-0.112,-0.205,-0.019,-0.081,-0.777,-1.007,-3.196
mag,269413,-0.047,0.143,0.229,-0.018,0.147,0.109,0.013,0.078,0.100,0.018,0.057,0.124,0.137,-0.579,-0.702,0.167,-0.118,-0.104,-0.208,0.003,-0.088,-0.939,-1.041,-3.054
mag,269506,-0.074,0.157,0.217,-0.035,0.147,0.104,0.010,0.088,0.086,0.006,0.042,0.114,0.134,-0.523,-0.673,0.165,-0.138,-0.119,-0.191,-0.041,-0.086,-0.975,-0.906,-2.842
mag,269582,-0.067,0.179,0.214,0.002,0.123,0.119,0.006,0.073,0.076,0.023,0.057,0.122,0.210,-0.491,-0.653,0.174,-0.109,-0.100,-0.232,-0.024,-0.081,-0.768,-0.985,-3.347
mag,269674,-0.045,0.169,0.219,-0.054,0.133,0.106,0.050,0.100,0.088,0.010,0.079,0.109,0.310,-0.515,-0.751,0.204,-0.116,-0.100,-0.281,-0.024,-0.086,-0.629,-0.977,-4.233
mag,269741,-0.113,0.189,0.224,-0.040,0.140,0.099,0.013,0.081,0.091,0.001,0.055,0.126,0.222,-0.537,-0.731,0.121,-0.123,-0.117,-0.200,-0.031,-0.086,-0.897,-1.121,-3.826
mag,269838,-0.094,0.179,0.224,-0.011,0.140,0.119,0.050,0.124,0.108,0.008,0.062,0.114,0.357,-0.557,-0.856,0.157,-0.123,-0.097,-0.227,-0.012,-0.076,-0.958,-1.014,-4.802
mag,269929,-0.079,0.165,0.221,-0.037,0.118,0.104,0.032,0.110,0.091,-0.024,0.055,0.114,0.371,-0.623,-0.849,0.189,-0.126,-0.095,-0.239,-0.021,-0.093,-0.968,-1.351,-5.210
mag,269996,-0.069,0.152,0.243,-0.006,0.167,0.116,0.047,0.061,0.108,0.025,0.030,0.114,0.366,-0.635,-0.866,0.182,-0.140,-0.107,-0.242,-0.043,-0.054,-1.063,-1.895,-5.344
mag,270061,-0.079,0.155,0.234,-0.015,0.142,0.116,0.013,0.110,0.113,0.006,0.064,0.107,0.440,-0.679,-0.924,0.172,-0.133,-0.095,-0.269,-0.024,-0.083,-0.980,-2.113,-6.555
mag,270130,-0.060,0.147,0.248,-0.035,0.128,0.089,0.032,0.085,0.110,0.018,0.023,0.114,0.440,-0.781,-1.105,0.191,-0.150,-0.102,-0.215,-0.031,-0.074,-1.984,-2.838,-6.897
mag,270195,-0.069,0.169,0.236,-0.050,0.130,0.099,0.010,0.088,0.103,-0.016,0.025,0.131,0.318,-0.706,-0.936,0.145,-0.123,-0.114,-0.222,-0.031,-0.054,-1.451,-2.781,-5.161
mag,270268,-0.113,0.179,0.226,-0.011,0.155,0.104,0.025,0.093,0.098,0.018,0.086,0.114,0.381,-0.733,-0.892,0.160,-0.140,-0.102,-0.239,-0.053,-0.066,-1.190,-3.258,-5.129
mag,270337,-0.082,0.184,0.224,-0.023,0.155,0.123,0.045,0.083,0.103,0.020,0.050,0.119,0.362,-0.652,-0.907,0.182,-0.138,-0.092,-0.222,-0.053,-0.074,-1.254,-2.855,-5.276
mag,270406,-0.074,0.177,0.231,-0.028,0.142,0.106,0.013,0.100,0.098,0.018,0.084,0.119,0.362,-0.652,-0.880,0.155,-0.131,-0.090,-0.232,-0.070,-0.076,-1.214,-2.747,-5.281
mag,270470,-0.067,0.172,0.217,-0.030,0.164,0.104,0.030,0.093,0.110,0.001,0.057,0.131,0.415,-0.593,-0.870,0.206,-0.143,-0.100,-0.291,-0.058,-0.064,-0.780,-2.574,-5.713
mag,270539,-0.074,0.196,0.224,-0.025,0.140,0.109,-0.021,0.090,0.110,0.001,0.067,0.109,0.381,-0.637,-0.792,0.160,-0.165,-0.109,-0.237,-0.029,-0.076,-0.592,-2.557,-5.371
mag,270611,-0.094,0.147,0.236,-0.035,0.133,0.102,0.042,0.122,0.110,-0.026,0.064,0.119,0.442,-0.615,-0.883,0.184,-0.116,-0.109,-0.225,-0.026,-0.081,-0.836,-2.723,-6.204
mag,270676,-0.082,0.165,0.224,0.002,0.145,0.128,0.028,0.107,0.093,0.023,0.011,0.126,0.515,-0.623,-0.932,0.182,-0.121,-0.117,-0.237,-0.053,-0.081,-0.792,-2.606,-6.958
mag,270748,-0.077,0.169,0.231,-0.074,0.164,0.121,0.032,0.120,0.135,0.013,0.067,0.109,0.457,-0.625,-0.932,0.199,-0.138,-0.090,-0.230,-0.060,-0.061,-0.961,-2.288,-6.750
mag,270816,-0.072,0.165,0.234,-0.008,0.130,0.099,0.013,0.088,0.115,0.020,0.074,0.114,0.520,-0.589,-0.907,0.211,-0.113,-0.107,-0.252,-0.029,-0.071,-0.494,-2.296,-7.471
mag,270888,-0.099,0.133,0.239,-0.028,0.155,0.114,0.003,0.081,0.093,0.001,0.050,0.107,0.557,-0.584,-0.883,0.191,-0.123,-0.102,-0.276,-0.021,-0.074,-0.013,-2.261,-8.069
mag,270957,-0.052,0.172,0.243,-0.018,0.140,0.097,0.023,0.073,0.103,0.030,0.045,0.126,0.532,-0.601,-0.902,0.182,-0.145,-0.102,-0.232,-0.007,-0.083,-0.511,-2.965,-8.201
mag,271021,-0.089,0.152,0.229,-0.011,0.137,0.114,0.050,0.100,0.103,0.025,0.059,0.117,0.503,-0.598,-0.929,0.174,-0.121,-0.100,-0.225,-0.043,-0.069,-0.829,-2.745,-8.428
mag,271088,-0.047,0.167,0.226,-0.023,0.167,0.126,0.040,0.093,0.110,0.013,0.094,0.114,0.476,-0.589,-0.851,0.179,-0.087,-0.102,-0.237,-0.051,-0.076,-0.226,-2.489,-7.729
mag,271152,-0.099,0.143,0.234,-0.033,0.120,0.104,0.028,0.076,0.105,0.064,0.052,0.109,0.491,-0.567,-0.844,0.162,-0.121,-0.104,-0.225,-0.068,-0.093,0.082,-2.362,-7.986
mag,271219,-0.082,0.162,0.226,-0.011,0.147,0.106,0.032,0.076,0.108,0.028,0.045,0.112,0.481,-0.574,-0.834,0.167,-0.143,-0.097,-0.247,-0.065,-0.061,-0.055,-2.208,-7.932
mag,271283,-0.065,0.167,0.221,-0.006,0.150,0.106,0.023,0.085,0.115,-0.009,0.072,0.104,0.474,-0.567,-0.844,0.194,-0.140,-0.112,-0.237,-0.024,-0.059,-0.233,-2.435,-7.642
mag,271352,-0.065,0.182,0.226,-0.006,0.167,0.097,0.028,0.063,0.105,0.025,0.047,0.114,0.442,-0.574,-0.822,0.177,-0.123,-0.095,-0.222,-0.034,-0.081,-0.184,-2.376,-7.834
mag,271419,-0.067,0.143,0.236,-0.018,0.130,0.109,0.040,0.100,0.105,-0.002,0.040,0.109,0.469,-0.557,-0.807,0.172,-0.067,-0.109,-0.264,-0.041,-0.069,0.104,-2.335,-8.210
mag,271483,-0.077,0.179,0.221,-0.028,0.125,0.116,0.028,0.078,0.125,0.040,0.081,0.129,0.462,-0.530,-0.748,0.182,-0.123,-0.092,-0.230,-0.041,-0.076,0.497,-2.928,-7.485
mag,271555,-0.065,0.179,0.246,-0.018,0.130,0.109,0.030,0.068,0.103,0.008,0.089,0.119,0.386,-0.547,-0.712,0.201,-0.143,-0.107,-0.220,-0.014,-0.093,0.311,-2.410,-7.065
mag,271618,-0.062,0.174,0.226,-0.006,0.120,0.109,0.001,0.056,0.110,0.040,0.030,0.129,0.396,-0.523,-0.734,0.177,-0.150,-0.102,-0.220,-0.041,-0.086,0.150,-2.352,-7.297
mag,271686,-0.077,0.152,0.229,-0.062,0.159,0.123,0.030,0.110,0.108,0.018,0.052,0.117,0.425,-0.579,-0.761,0.206,-0.126,-0.090,-0.217,-0.060,-0.071,-0.004,-2.369,-7.620
mag,271762,-0.079,0.162,0.224,-0.054,0.152,0.119,0.013,0.066,0.115,0.025,0.040,0.119,0.466,-0.515,-0.709,0.196,-0.089,-0.092,-0.222,-0.046,-0.081,1.019,-1.990,-7.837
mag,271844,-0.094,0.160,0.217,-0.040,0.133,0.102,0.025,0.083,0.108,0.032,0.050,0.134,0.435,-0.508,-0.702,0.169,-0.109,-0.112,-0.286,-0.034,-0.066,0.993,-2.174,-7.873
mag,271908,-0.069,0.165,0.234,-0.028,0.189,0.119,0.020,0.088,0.105,0.015,0.084,0.134,0.510,-0.523,-0.758,0.165,-0.131,-0.112,-0.259,-0.034,-0.083,0.851,-1.778,-8.984
mag,271974,-0.045,0.155,0.231,-0.035,0.155,0.111,0.008,0.090,0.105,-0.019,0.072,0.104,0.550,-0.537,-0.805,0.191,-0.109,-0.097,-0.225,-0.016,-0.064,1.224,-1.488,-9.260
mag,272037,-0.069,0.177,0.248,-0.033,0.128,0.128,0.040,0.066,0.105,0.015,0.033,0.126,0.496,-0.513,-0.739,0.182,-0.094,-0.097,-0.266,-0.038,-0.091,1.310,-1.263,-9.106
mag,272105,-0.089,0.165,0.243,-0.047,0.118,0.121,0.052,0.088,0.132,0.001,0.069,0.119,0.537,-0.513,-0.707,0.184,-0.113,-0.075,-0.266,-0.043,-0.076,1.710,-1.380,-8.613
mag,272173,-0.074,0.130,0.231,-0.037,0.130,0.094,0.023,0.063,0.120,0.008,0.047,0.119,0.513,-0.528,-0.722,0.167,-0.111,-0.092,-0.278,-0.009,-0.059,1.671,-1.348,-8.699
mag,272246,-0.089,0.169,0.248,-0.028,0.147,0.111,0.020,0.068,0.113,0.028,0.062,0.131,0.564,-0.508,-0.765,0.167,-0.126,-0.097,-0.278,-0.021,-0.078,1.185,-0.870,-9.165
mag,272318,-0.052,0.184,0.258,0.002,0.145,0.109,0.042,0.085,0.093,-0.009,0.059,0.134,0.545,-0.508,-0.746,0.177,-0.135,-0.082,-0.242,-0.058,-0.093,1.347,-0.948,-9.040
mag,272386,-0.045,0.147,0.231,-0.030,0.142,0.106,0.025,0.049,0.091,0.018,0.045,0.114,0.611,-0.471,-0.739,0.177,-0.121,-0.087,-0.271,-0.016,-0.044,1.515,-1.009,-8.791
mag,272454,-0.084,0.123,0.239,-0.020,0.157,0.116,0.015,0.112,0.118,0.032,0.020,0.124,0.593,-0.506,-0.736,0.209,-0.145,-0.097,-0.281,-0.029,-0.081,1.456,-1.163,-8.921
mag,272520,-0.101,0.194,0.234,0.021,0.123,0.121,0.020,0.120,0.100,0.001,0.057,0.119,0.618,-0.523,-0.768,0.155,-0.096,-0.100,-0.210,-0.034,-0.074,1.227,-1.319,-9.253
mag,272583,-0.074,0.157,0.241,-0.018,0.145,0.123,0.001,0.063,0.122,0.010,0.035,0.114,0.510,-0.508,-0.773,0.177,-0.133,-0.097,-0.276,-0.012,-0.078,0.932,-0.797,-9.460
mag,272656,-0.079,0.172,0.253,-0.018,0.130,0.123,0.076,0.110,0.118,0.028,0.086,0.122,0.491,-0.532,-0.805,0.209,-0.133,-0.097,-0.259,-0.043,-0.076,0.551,-0.787,-9.827
mag,272724,-0.067,0.160,0.226,-0.001,0.133,0.094,-0.014,0.093,0.100,0.003,0.077,0.136,0.459,-0.503,-0.734,0.165,-0.118,-0.112,-0.252,-0.026,-0.088,1.171,-0.994,-9.199
mag,272792,-0.082,0.157,0.226,-0.025,0.130,0.104,0.020,0.071,0.115,-0.034,0.057,0.124,0.459,-0.498,-0.731,0.165,-0.091,-0.097,-0.269,-0.034,-0.081,1.278,-1.029,-9.153
mag,272864,-0.072,0.140,0.236,-0.020,0.169,0.104,0.032,0.071,0.120,-0.009,0.069,0.117,0.405,-0.508,-0.758,0.157,-0.131,-0.104,-0.271,-0.046,-0.071,0.531,-1.304,-9.385
mag,272932,-0.108,0.179,0.234,-0.003,0.164,0.109,-0.014,0.115,0.120,-0.009,0.074,0.134,0.430,-0.523,-0.775,0.155,-0.113,-0.107,-0.220,-0.060,-0.083,0.560,-1.258,-9.846
mag,273000,-0.074,0.143,0.251,-0.023,0.135,0.109,0.028,0.076,0.098,0.025,0.081,0.114,0.454,-0.503,-0.746,0.155,-0.140,-0.100,-0.291,-0.007,-0.064,1.203,-1.173,-9.243
mag,273073,-0.084,0.177,0.236,-0.047,0.155,0.119,-0.009,0.081,0.108,-0.021,0.047,0.114,0.462,-0.523,-0.768,0.179,-0.121,-0.102,-0.254,-0.058,-0.066,0.961,-1.351,-9.534
mag,273137,-0.060,0.135,0.246,-0.033,0.118,0.116,0.025,0.105,0.122,0.010,0.069,0.131,0.391,-0.554,-0.800,0.179,-0.116,-0.097,-0.225,-0.024,-0.086,-0.314,-2.183,-10.271
mag,273208,-0.079,0.147,0.248,-0.011,0.147,0.126,0.050,0.066,0.110,-0.007,0.067,0.129,0.391,-0.523,-0.809,0.191,-0.128,-0.097,-0.264,-0.021,-0.083,-0.760,-1.026,-9.983
mag,273277,-0.101,0.133,0.243,0.002,0.135,0.116,0.032,0.071,0.118,-0.002,0.052,0.122,0.393,-0.486,-0.880,0.172,-0.165,-0.104,-0.237,-0.046,-0.066,-1.534,-0.277,-10.596
mag,273358,-0.074,0.150,0.246,-0.033,0.159,0.104,0.052,0.073,0.118,-0.021,0.067,0.107,0.335,-0.535,-0.812,0.167,-0.109,-0.119,-0.249,-0.014,-0.061,-1.461,-1.419,-9.194
mag,273429,-0.065,0.152,0.246,-0.035,0.137,0.133,0.042,0.100,0.103,0.003,0.059,0.117,0.437,-0.501,-0.856,0.189,-0.126,-0.112,-0.244,-0.007,-0.066,-0.941,-0.108,-10.356
mag,273501,-0.072,0.150,0.253,-0.013,0.145,0.133,0.001,0.100,0.103,0.010,0.077,0.109,0.383,-0.545,-0.907,0.169,-0.118,-0.107,-0.239,-0.026,-0.064,-1.935,-0.325,-10.674
mag,273573,-0.052,0.165,0.256,-0.018,0.130,0.109,0.050,0.090,0.127,0.015,0.072,0.119,0.371,-0.542,-0.912,0.174,-0.150,-0.107,-0.242,-0.036,-0.066,-2.406,-0.260,-10.586
mag,273654,-0.082,0.162,0.236,-0.020,0.137,0.116,0.035,0.088,0.091,-0.012,0.055,0.134,0.386,-0.574,-0.888,0.172,-0.148,-0.124,-0.230,-0.021,-0.064,-1.656,-0.274,-10.615
mag,273725,-0.104,0.160,0.239,-0.013,0.162,0.126,0.035,0.120,0.115,0.015,0.081,0.109,0.352,-0.503,-0.880,0.174,-0.128,-0.114,-0.234,-0.048,-0.047,-2.030,-0.067,-10.122
mag,273801,-0.096,0.145,0.236,0.004,0.142,0.116,0.015,0.090,0.103,-0.043,0.042,0.107,0.349,-0.489,-0.905,0.182,-0.153,-0.136,-0.249,-0.009,-0.069,-2.418,0.456,-9.880
mag,273869,-0.111,0.126,0.224,-0.050,0.137,0.141,0.040,0.066,0.120,0.025,0.062,0.109,0.347,-0.513,-0.958,0.184,-0.138,-0.134,-0.220,-0.031,-0.066,-2.997,0.383,-9.895
mag,273945,-0.077,0.143,0.248,-0.052,0.145,0.106,0.008,0.115,0.120,-0.002,0.045,0.114,0.383,-0.486,-0.863,0.189,-0.109,-0.114,-0.225,-0.036,-0.078,-1.813,0.051,-9.746
mag,274012,-0.052,0.162,0.221,-0.064,0.135,0.116,0.020,0.098,0.118,0.008,0.052,0.131,0.379,-0.501,-0.849,0.172,-0.138,-0.107,-0.244,-0.029,-0.074,-1.727,-0.194,-9.678
mag,274087,-0.082,0.167,0.239,-0.025,0.162,0.111,0.030,0.107,0.105,0.006,0.072,0.124,0.337,-0.530,-0.897,0.177,-0.099,-0.104,-0.252,-0.026,-0.071,-2.223,-0.128,-9.053
mag,274154,-0.072,0.150,0.229,-0.018,0.169,0.102,0.052,0.085,0.100,0.006,0.064,0.129,0.281,-0.479,-0.846,0.152,-0.131,-0.114,-0.239,-0.046,-0.086,-2.198,-0.321,-8.564
mag,274226,-0.089,0.162,0.241,-0.050,0.130,0.126,0.037,0.078,0.076,0.015,0.079,0.122,0.315,-0.493,-0.792,0.184,-0.109,-0.114,-0.256,-0.060,-0.064,-1.307,-0.972,-8.120
mag,274299,-0.089,0.199,0.239,-0.028,0.145,0.099,0.010,0.085,0.091,0.001,0.052,0.107,0.298,-0.498,-0.756,0.184,-0.135,-0.114,-0.232,-0.016,-0.069,-1.127,-1.263,-7.642
mag,274376,-0.069,0.174,0.236,-0.035,0.137,0.121,0.006,0.081,0.105,-0.029,0.064,0.134,0.293,-0.479,-0.761,0.167,-0.099,-0.109,-0.234,-0.024,-0.074,-1.149,-1.351,-7.222
mag,274444,-0.047,0.162,0.236,-0.040,0.169,0.106,0.030,0.063,0.115,0.006,0.064,0.114,0.249,-0.498,-0.697,0.157,-0.126,-0.095,-0.249,-0.021,-0.064,-0.961,-1.739,-6.367
mag,274514,-0.101,0.160,0.204,-0.008,0.147,0.104,0.054,0.110,0.110,0.010,0.074,0.102,0.269,-0.523,-0.670,0.160,-0.148,-0.107,-0.261,-0.024,-0.088,-0.494,-1.912,-6.235
mag,274579,-0.060,0.189,0.234,-0.013,0.162,0.109,-0.014,0.085,0.125,0.020,0.055,0.097,0.327,-0.518,-0.682,0.191,-0.109,-0.100,-0.227,-0.029,-0.083,-0.477,-1.956,-6.587
mag,274647,-0.069,0.155,0.241,-0.040,0.194,0.106,0.010,0.078,0.098,-0.031,0.035,0.122,0.332,-0.562,-0.726,0.167,-0.170,-0.100,-0.230,-0.024,-0.066,-0.817,-2.020,-7.659
mag,274711,-0.079,0.182,0.236,-0.013,0.150,0.143,0.037,0.105,0.113,0.001,0.072,0.131,0.266,-0.532,-0.709,0.174,-0.135,-0.097,-0.237,-0.046,-0.076,-1.202,-2.147,-6.321
mag,274780,-0.082,0.199,0.231,-0.013,0.174,0.104,-0.014,0.085,0.135,-0.012,0.040,0.122,0.198,-0.547,-0.678,0.169,-0.116,-0.078,-0.249,-0.053,-0.088,-1.190,-1.800,-5.391
mag,274848,-0.072,0.199,0.219,-0.035,0.125,0.121,0.047,0.085,0.113,-0.016,0.052,0.112,0.125,-0.459,-0.585,0.189,-0.133,-0.100,-0.222,-0.029,-0.091,-0.858,-1.326,-3.538
mag,274980,-0.030,0.218,0.097,0.004,0.150,0.043,0.023,0.103,0.079,0.067,0.072,0.097,0.005,-0.164,-0.243,0.067,-0.118,-0.124,-0.132,-0.053,-0.103,-0.145,-0.391,-0.649
mag,275058,-0.011,0.221,-0.052,0.053,0.174,-0.016,0.015,0.115,0.032,0.028,0.125,0.053,-0.063,-0.110,-0.099,0.008,-0.062,-0.102,-0.071,-0.095,-0.095,-0.052,-0.216,-0.222
mag,275170,-0.021,0.213,-0.242,0.072,0.167,-0.111,0.032,0.149,-0.024,-0.009,0.152,-0.018,-0.024,-0.061,-0.045,-0.019,-0.104,-0.041,-0.024,-0.073,-0.081,0.031,-0.096,-0.098
mag,275242,-0.030,0.152,-0.316,0.119,0.118,-0.172,-0.004,0.144,-0.075,0.015,0.238,-0.052,-0.027,-0.054,-0.040,-0.014,-0.033,-0.046,-0.015,-0.046,-0.044,-0.004,-0.096,-0.051
mag,275321,-0.050,0.047,-0.355,0.124,0.030,-0.199,-0.038,0.164,-0.073,0.023,0.218,-0.176,-0.046,-0.030,-0.028,0.021,-0.070,-0.051,-0.017,-0.051,-0.049,-0.008,-0.093,-0.034
mag,275439,0.009,-0.050,-0.394,0.163,-0.019,-0.194,-0.053,0.083,-0.122,-0.053,0.250,-0.350,-0.022,-0.034,-0.018,-0.001,-0.057,-0.021,-0.003,-0.073,-0.012,0.040,-0.089,-0.029
mag,275517,0.014,-0.136,-0.406,0.143,-0.075,-0.177,-0.112,0.032,-0.127,-0.131,0.245,-0.655,0.000,-0.071,-0.026,0.016,-0.040,-0.024,-0.010,-0.060,-0.025,0.004,-0.103,-0.022
mag,275621,0.084,-0.231,-0.450,0.119,-0.090,-0.145,-0.202,0.002,-0.146,-0.204,0.262,-1.307,-0.046,-0.051,-0.004,-0.040,-0.045,-0.007,-0.000,-0.063,-0.034,0.001,-0.076,-0.015
mag,275700,0.114,-0.246,-0.455,0.107,-0.060,-0.130,-0.261,0.029,-0.144,-0.087,0.330,-1.619,0.025,-0.054,-0.009,-0.001,-0.072,0.003,-0.012,-0.114,-0.005,0.026,-0.035,-0.029
mag,275799,0.104,-0.272,-0.433,0.148,-0.072,-0.128,-0.265,-0.005,-0.114,-0.217,0.238,-1.824,0.000,-0.059,-0.001,-0.026,-0.045,-0.007,0.017,-0.056,0.005,0.023,-0.064,-0.022
mag,275877,0.089,-0.285,-0.467,0.126,-0.077,-0.140,-0.202,-0.012,-0.131,-0.510,0.348,-2.068,-0.022,-0.020,-0.006,-0.014,-0.052,-0.031,0.017,-0.031,0.009,0.004,-0.067,-0.002
mag,275955,0.138,-0.326,-0.538,0.175,-0.102,-0.133,-0.287,-0.002,-0.114,-0.483,0.726,-2.630,-0.049,-0.078,-0.014,-0.009,-0.057,0.015,0.017,-0.058,-0.017,0.040,-0.040,-0.012
mag,276042,0.155,-0.297,-0.518,0.153,-0.102,-0.128,-0.295,0.024,-0.107,-0.148,0.709,-2.859,-0.022,-0.059,-0.006,0.023,-0.062,-0.009,-0.000,-0.075,-0.032,-0.001,-0.040,-0.022
mag,276112,0.185,-0.319,-0.521,0.143,-0.104,-0.096,-0.309,0.022,-0.102,-0.153,0.960,-3.077,-0.010,-0.083,-0.011,-0.011,-0.074,0.001,-0.000,-0.060,-0.025,0.014,-0.074,0.000
mag,276181,0.209,-0.358,-0.528,0.160,-0.090,-0.108,-0.356,0.012,-0.080,0.125,1.309,-3.541,-0.002,-0.069,-0.011,0.016,-0.050,-0.002,-0.020,-0.043,-0.000,0.006,-0.040,-0.019
mag,276253,0.189,-0.343,-0.460,0.143,-0.094,-0.099,-0.324,-0.027,-0.100,0.389,0.858,-3.799,-0.005,-0.037,-0.009,0.021,-0.026,0.001,0.022,-0.056,-0.010,-0.006,-0.062,-0.005
mag,276330,0.216,-0.392,-0.535,0.153,-0.116,-0.113,-0.314,0.015,-0.092,0.064,1.173,-4.126,-0.012,-0.054,-0.004,0.008,-0.079,-0.009,0.005,-0.058,0.005,0.016,-0.042,0.005
mag,276407,0.165,-0.395,-0.526,0.155,-0.087,-0.111,-0.278,-0.005,-0.092,-0.414,0.745,-3.863,0.003,-0.078,-0.006,-0.009,-0.043,-0.012,-0.020,-0.068,-0.000,-0.023,-0.057,-0.005
mag,276480,0.119,-0.395,-0.533,0.173,-0.104,-0.118,-0.224,-0.066,-0.078,-1.103,0.482,-4.188,-0.041,-0.054,-0.009,-0.014,-0.021,0.003,0.032,-0.029,-0.017,0.016,-0.062,0.000
mag,276548,0.082,-0.497,-0.445,0.126,-0.119,-0.104,-0.234,-0.064,-0.053,-2.541,-0.763,-5.364,-0.007,-0.032,0.013,0.006,-0.026,-0.021,-0.000,-0.048,-0.010,-0.004,-0.050,0.012
mag,276622,0.031,-0.604,-0.386,0.160,-0.185,-0.091,-0.185,-0.046,-0.058,-3.801,-1.921,-2.952,0.003,-0.025,-0.014,-0.019,-0.008,-0.007,-0.007,-0.031,0.012,0.033,-0.037,-0.007
mag,276712,-0.043,-0.475,-0.382,0.138,-0.146,-0.116,-0.151,-0.046,-0.061,-1.694,-0.973,-1.885,-0.019,-0.051,0.011,0.016,-0.013,-0.004,-0.017,-0.046,-0.000,0.006,-0.050,-0.010
mag,276869,0.082,-0.360,-0.328,0.109,-0.124,-0.113,-0.165,-0.054,-0.105,-0.407,-0.631,-1.646,0.008,-0.010,-0.004,-0.019,-0.070,0.003,0.022,-0.075,-0.003,0.023,-0.062,-0.007
mag,276948,0.111,-0.412,-0.440,0.141,-0.107,-0.106,-0.207,-0.042,-0.102,-0.449,-0.500,-2.217,-0.044,-0.051,0.011,-0.036,-0.028,-0.009,0.041,-0.038,0.002,0.014,-0.035,-0.019
mag,277051,0.099,-0.409,-0.469,0.138,-0.158,-0.108,-0.207,-0.046,-0.088,-0.539,-0.544,-2.166,-0.032,-0.037,-0.001,0.011,-0.070,-0.007,-0.005,-0.029,-0.000,-0.026,-0.045,-0.002
mag,277124,0.109,-0.490,-0.614,0.158,-0.141,-0.123,-0.214,-0.059,-0.097,-0.825,-0.417,-2.242,-0.022,-0.051,-0.004,0.040,-0.038,-0.002,0.007,-0.070,0.014,0.006,-0.057,-0.007
mag,277203,0.065,-0.478,-0.592,0.168,-0.141,-0.121,-0.173,-0.046,-0.107,-0.849,-0.299,-1.897,-0.024,-0.056,-0.001,-0.023,-0.018,-0.007,0.029,-0.026,0.012,-0.013,-0.045,-0.015
mag,277311,0.097,-0.556,-0.755,0.163,-0.155,-0.123,-0.212,-0.049,-0.061,-1.240,-0.165,-2.593,-0.027,-0.073,-0.006,0.028,-0.062,-0.002,0.005,-0.043,-0.003,0.001,-0.069,0.005
mag,277390,0.172,-0.526,-0.887,0.175,-0.124,-0.082,-0.204,-0.037,-0.102,-1.201,-0.019,-2.979,-0.010,-0.039,-0.009,-0.019,-0.057,-0.004,0.017,-0.060,-0.003,-0.016,-0.035,0.007
mag,277495,0.075,-0.590,-0.767,0.155,-0.143,-0.111,-0.197,-0.068,-0.088,-0.949,-0.417,-2.374,-0.014,-0.059,-0.001,0.011,-0.048,0.005,-0.005,-0.038,0.007,0.009,-0.059,0.010
mag,277573,0.028,-0.622,-0.826,0.170,-0.131,-0.116,-0.214,-0.073,-0.073,-1.164,-0.505,-2.081,0.000,-0.030,-0.001,-0.001,-0.052,0.003,-0.022,-0.056,-0.010,0.006,-0.059,-0.005
mag,277676,-0.052,-0.692,-0.955,0.202,-0.153,-0.128,-0.165,-0.088,-0.066,-1.398,-0.666,-2.225,-0.063,-0.030,-0.021,0.006,-0.084,0.003,0.034,-0.046,0.002,0.023,-0.028,0.010
mag,277751,-0.155,-0.749,-1.051,0.160,-0.134,-0.118,-0.153,-0.090,-0.075,-1.733,-0.793,-2.322,-0.036,-0.071,-0.016,0.008,-0.035,-0.012,0.022,-0.075,-0.017,0.018,-0.037,-0.010
mag,277832,-0.123,-0.683,-0.992,0.190,-0.153,-0.113,-0.200,-0.066,-0.061,-1.618,-0.690,-2.293,-0.007,-0.081,-0.006,-0.014,-0.035,-0.007,-0.017,-0.041,0.002,0.023,-0.037,-0.002
mag,277939,-0.040,-0.561,-1.370,0.226,-0.124,-0.101,-0.226,-0.034,-0.070,-2.062,-0.419,-3.152,-0.051,-0.049,0.001,-0.006,-0.072,0.013,0.027,-0.082,0.005,0.033,-0.074,-0.019
mag,278020,-0.008,-0.617,-1.414,0.207,-0.143,-0.106,-0.190,-0.042,-0.063,-2.155,-0.487,-3.431,-0.027,-0.054,0.013,-0.016,-0.057,-0.009,0.015,-0.097,-0.015,-0.011,-0.023,0.010
mag,278154,0.009,-0.656,-1.317,0.165,-0.136,-0.104,-0.214,-0.068,-0.073,-2.065,-0.570,-3.338,-0.027,-0.034,0.001,-0.026,-0.045,-0.002,0.007,-0.075,0.005,-0.006,-0.050,-0.010
mag,278231,0.006,-0.644,-1.400,0.202,-0.114,-0.113,-0.229,-0.005,-0.063,-2.294,-0.475,-3.450,-0.032,-0.047,-0.006,0.008,-0.050,-0.012,0.024,-0.043,0.019,0.026,-0.052,-0.005
mag,278348,0.011,-0.705,-1.219,0.202,-0.187,-0.113,-0.204,-0.049,-0.068,-2.153,-0.602,-3.335,-0.022,-0.034,-0.011,-0.004,-0.057,0.013,0.015,-0.041,0.017,-0.018,-0.032,-0.005
mag,278427,0.026,-0.666,-1.187,0.153,-0.146,-0.099,-0.212,-0.022,-0.063,-2.189,-0.588,-3.318,-0.012,-0.034,0.004,-0.004,-0.072,-0.002,0.012,-0.063,-0.012,0.001,-0.067,-0.012
mag,278529,0.109,-0.568,-0.997,0.202,-0.119,-0.111,-0.236,-0.061,-0.061,-1.918,-0.497,-3.477,-0.027,-0.030,-0.004,-0.014,-0.065,-0.002,0.022,-0.046,-0.000,0.031,-0.057,0.003
mag,278602,0.131,-0.639,-0.960,0.160,-0.124,-0.099,-0.229,-0.054,-0.075,-1.847,-0.561,-3.721,0.020,-0.073,0.008,0.018,-0.052,-0.007,-0.005,-0.073,-0.012,0.014,-0.035,-0.010
mag,278680,0.050,-0.678,-1.026,0.148,-0.151,-0.121,-0.207,-0.042,-0.046,-2.150,-0.634,-3.553,-0.005,-0.051,-0.004,-0.023,-0.079,0.005,-0.005,-0.038,-0.003,0.004,-0.076,0.007
mag,278784,-0.047,-0.851,-1.304,0.217,-0.136,-0.106,-0.241,-0.032,-0.075,-3.251,-0.695,-4.068,-0.024,-0.010,-0.001,-0.036,-0.016,-0.017,-0.007,-0.060,-0.012,0.006,-0.035,0.015
mag,278863,0.023,-0.778,-1.148,0.197,-0.158,-0.104,-0.231,-0.042,-0.061,-3.146,-0.744,-4.266,-0.022,-0.066,-0.001,-0.001,-0.055,-0.004,0.007,-0.075,-0.000,0.016,-0.069,-0.005
mag,279000,0.087,-0.739,-1.488,0.199,-0.107,-0.094,-0.221,-0.029,-0.053,-4.440,-0.375,-5.721,-0.010,-0.025,-0.006,-0.014,-0.065,0.001,0.010,-0.058,-0.003,0.016,-0.050,0.000
mag,279089,-0.055,-0.863,-1.307,0.177,-0.129,-0.089,-0.219,-0.059,-0.058,-4.562,-0.968,-4.603,-0.027,-0.039,-0.014,0.025,-0.050,0.003,-0.005,-0.075,-0.012,-0.011,-0.074,-0.010
mag,279164,0.028,-0.885,-1.397,0.148,-0.119,-0.101,-0.229,-0.049,-0.046,-4.741,-1.213,-5.518,-0.051,-0.042,0.011,0.025,-0.055,0.005,-0.000,-0.043,-0.017,0.033,-0.064,-0.007
mag,279242,0.358,-0.795,-1.414,0.182,-0.141,-0.096,-0.256,-0.098,-0.056,-3.859,-1.198,-8.443,-0.019,-0.042,-0.009,0.001,-0.040,0.001,0.015,-0.068,-0.010,0.001,-0.062,-0.012
mag,279312,0.275,-0.780,-1.268,0.155,-0.151,-0.104,-0.214,-0.098,-0.061,-4.474,-1.567,-7.535,-0.012,-0.073,0.008,-0.031,-0.048,-0.021,0.027,-0.036,-0.000,-0.045,-0.069,0.003
mag,279383,0.172,-0.778,-1.085,0.182,-0.155,-0.101,-0.209,-0.051,-0.046,-4.821,-2.004,-6.438,-0.012,-0.051,-0.016,-0.001,-0.048,0.003,-0.000,-0.075,-0.000,0.001,-0.062,-0.002
mag,279457,0.209,-0.778,-1.168,0.170,-0.114,-0.113,-0.212,-0.073,-0.046,-4.680,-1.779,-6.978,-0.027,-0.056,-0.011,0.003,-0.062,-0.009,0.005,-0.060,-0.017,0.018,-0.037,0.003
mag,279530,0.221,-0.780,-1.136,0.182,-0.124,-0.101,-0.239,-0.071,-0.058,-4.604,-1.969,-7.337,-0.017,-0.064,-0.014,-0.023,-0.082,-0.004,-0.020,-0.056,-0.015,0.004,-0.072,0.000
mag,279607,0.170,-0.727,-1.009,0.197,-0.141,-0.108,-0.229,-0.061,-0.046,-4.777,-2.170,-6.250,-0.012,-0.064,-0.004,0.008,-0.067,0.001,-0.000,-0.070,-0.005,0.001,-0.045,-0.005
mag,279674,0.170,-0.580,-0.714,0.126,-0.153,-0.104,-0.214,-0.071,-0.073,-2.189,-1.750,-4.295,-0.014,-0.056,0.004,-0.028,-0.052,-0.009,0.029,-0.070,-0.000,-0.018,-0.042,-0.005
mag,279768,0.045,-0.331,-0.367,0.119,-0.107,-0.108,-0.136,-0.073,-0.088,-0.392,-0.622,-1.221,-0.002,-0.015,-0.001,-0.033,-0.050,-0.017,-0.012,-0.026,-0.003,-0.011,-0.045,0.003
mag,279881,0.004,-0.092,-0.174,0.043,-0.068,-0.113,-0.060,-0.034,-0.134,-0.021,-0.119,-0.330,-0.007,-0.042,-0.036,0.006,-0.070,-0.007,0.015,-0.056,-0.032,0.006,-0.010,0.003
mag,279959,0.009,-0.060,-0.118,-0.006,-0.055,-0.089,-0.041,0.010,-0.107,0.025,-0.014,-0.159,-0.007,-0.017,-0.031,0.003,-0.023,-0.036,-0.003,-0.060,-0.012,-0.006,-0.037,0.007
mag,280070,-0.035,-0.036,-0.057,-0.028,0.013,-0.062,0.018,0.019,-0.044,-0.007,0.008,-0.052,0.000,0.002,-0.023,0.008,-0.004,-0.014,0.010,-0.036,-0.017,0.028,0.002,-0.041
mag,280142,0.004,-0.016,-0.042,0.002,-0.011,-0.021,0.015,-0.020,-0.044,0.023,0.030,-0.022,-0.051,0.010,-0.026,0.001,0.001,-0.017,-0.015,-0.021,-0.017,-0.045,0.004,-0.019
mag,280264,-0.047,0.011,-0.018,-0.006,0.001,-0.021,-0.004,0.029,-0.019,0.020,0.015,-0.008,-0.017,0.010,-0.016,0.016,-0.028,-0.009,-0.017,0.013,-0.008,-0.006,0.029,-0.024
mag,280340,0.011,0.025,0.002,-0.020,0.018,-0.008,-0.016,0.019,0.000,-0.021,-0.031,-0.010,0.005,-0.010,-0.014,-0.011,-0.023,-0.014,-0.015,-0.012,-0.017,0.006,-0.006,-0.017
mag,280412,0.004,0.001,-0.010,-0.001,0.040,-0.016,0.020,0.012,-0.029,0.008,0.015,-0.008,-0.041,-0.000,-0.016,-0.038,-0.055,-0.004,0.044,0.035,-0.005,-0.023,0.011,-0.007
mag,280490,0.019,-0.006,-0.010,0.007,-0.002,-0.008,-0.004,0.029,0.005,0.008,0.006,-0.003,-0.002,0.002,-0.021,0.003,0.004,-0.004,0.007,-0.007,-0.012,0.004,0.007,-0.005
mag,280566,-0.016,-0.028,-0.001,-0.006,-0.002,-0.008,-0.012,0.017,0.000,-0.026,0.006,-0.003,0.003,-0.003,-0.014,0.008,0.009,0.003,-0.005,-0.012,-0.005,-0.033,0.002,-0.007
mag,280644,-0.033,0.008,-0.006,-0.011,0.020,0.001,0.008,-0.022,0.015,-0.012,-0.026,-0.010,-0.014,0.012,-0.001,-0.009,-0.004,-0.004,-0.022,0.001,-0.003,-0.023,-0.023,-0.017
mag,280721,-0.011,-0.009,-0.010,0.019,0.006,0.006,-0.026,0.032,-0.022,-0.012,0.035,0.002,-0.022,0.005,0.004,0.033,0.018,-0.017,-0.010,-0.014,-0.012,0.001,0.026,-0.029
mag,280798,0.011,0.013,0.002,-0.025,-0.004,0.001,-0.012,-0.007,-0.017,0.006,0.006,0.012,0.017,-0.005,0.004,-0.001,0.006,0.003,-0.005,0.010,-0.017,-0.001,0.002,0.022
mag,280874,-0.025,-0.001,-0.010,0.026,-0.009,-0.003,0.013,0.010,0.015,0.008,-0.002,0.007,-0.024,0.005,-0.009,-0.023,-0.004,-0.017,0.005,0.018,-0.000,-0.001,0.024,-0.017
mag,280951,0.011,-0.004,-0.003,0.009,0.015,0.004,0.008,0.015,0.000,0.001,-0.009,0.019,0.000,-0.056,-0.009,0.021,-0.028,0.008,-0.010,0.008,-0.000,0.011,-0.010,0.007
mag,281028,-0.011,0.021,-0.008,-0.001,0.006,0.011,0.015,0.012,0.005,0.003,-0.011,-0.015,0.008,-0.025,-0.001,-0.021,-0.004,-0.004,0.012,-0.016,0.002,0.009,0.009,-0.007
mag,281104,0.011,0.011,-0.001,-0.008,0.001,-0.011,0.008,-0.012,0.003,0.025,0.006,-0.008,0.015,-0.003,0.006,0.001,-0.030,-0.012,0.010,-0.009,0.005,-0.030,0.004,-0.012
mag,281181,-0.008,-0.014,-0.010,-0.006,0.013,0.014,0.025,-0.015,-0.022,-0.019,-0.014,0.004,0.000,0.014,-0.011,0.011,-0.008,-0.002,0.007,0.003,0.002,0.004,-0.008,0.000
mag,281257,0.004,-0.033,-0.015,-0.006,0.006,-0.013,0.023,0.024,0.003,0.028,-0.038,-0.005,-0.034,-0.008,-0.004,-0.019,-0.030,-0.019,0.017,0.001,0.012,-0.021,-0.006,-0.002
mag,281334,-0.023,0.001,-0.003,0.009,-0.004,-0.006,0.020,0.022,-0.005,0.030,-0.006,0.009,-0.007,0.010,0.008,0.016,0.006,-0.004,-0.007,0.013,0.007,-0.028,-0.008,0.007
mag,281411,-0.055,-0.014,0.011,-0.001,-0.007,-0.006,-0.007,-0.027,-0.014,0.001,0.008,0.014,0.005,-0.025,0.008,0.023,-0.011,0.013,-0.029,0.025,0.009,0.040,0.004,0.003
mag,281487,0.023,-0.006,-0.003,-0.047,-0.009,0.009,0.020,0.007,-0.009,0.032,0.008,0.012,-0.005,0.014,-0.018,-0.016,0.011,0.010,-0.027,-0.014,0.002,0.009,-0.006,0.005
mag,281563,-0.011,-0.016,-0.018,-0.015,-0.002,-0.013,-0.019,-0.002,-0.005,0.018,0.011,0.012,0.010,0.010,-0.001,-0.004,-0.001,0.008,0.019,0.001,0.002,0.021,-0.013,0.015
mag,281640,-0.023,-0.009,-0.018,-0.018,-0.021,0.009,0.010,-0.005,0.020,-0.004,0.003,-0.003,0.005,-0.008,0.011,-0.011,-0.035,0.001,-0.007,-0.012,-0.003,-0.040,0.002,0.010
mag,281717,-0.043,-0.011,0.002,-0.003,-0.009,0.009,-0.002,0.017,0.010,-0.021,-0.006,0.021,0.034,-0.030,0.008,0.030,0.001,-0.002,0.041,0.001,-0.003,-0.013,-0.001,-0.015
mag,281793,0.004,-0.031,0.002,0.002,-0.009,0.009,0.018,-0.002,0.003,0.001,0.008,-0.010,-0.049,0.010,-0.001,-0.016,-0.001,-0.007,-0.000,0.025,0.002,0.009,0.014,-0.002
mag,281870,-0.021,0.006,0.002,-0.008,-0.016,-0.013,0.008,-0.015,0.003,0.037,0.037,-0.000,-0.005,-0.000,-0.006,-0.016,0.004,-0.002,0.007,-0